scenario,seed,criterion,selected,truth,correct
early_seir_infected_only,0,aic,sir,seir,0
early_seir_infected_only,0,aicc,sir,seir,0
early_seir_infected_only,0,bic,sir,seir,0
early_seir_infected_only,0,blocked_validation,seir,seir,1
early_seir_infected_only,0,waic_laplace,sir,seir,0
early_seir_infected_only,0,ogic_p,seir,seir,1
early_seir_infected_only,0,gic_eff,seir,seir,1
early_seir_infected_only,0,gic_vol_025,seir,seir,1
early_seir_infected_only,0,gic_vol_050,seir,seir,1
early_seir_infected_only,0,gic_vol_100,seir,seir,1
early_seir_infected_only,0,ogic_e,seir,seir,1
early_seir_infected_only,1,aic,seir,seir,1
early_seir_infected_only,1,aicc,sir,seir,0
early_seir_infected_only,1,bic,sir,seir,0
early_seir_infected_only,1,blocked_validation,seir,seir,1
early_seir_infected_only,1,waic_laplace,sir,seir,0
early_seir_infected_only,1,ogic_p,seir,seir,1
early_seir_infected_only,1,gic_eff,seir,seir,1
early_seir_infected_only,1,gic_vol_025,seir,seir,1
early_seir_infected_only,1,gic_vol_050,seir,seir,1
early_seir_infected_only,1,gic_vol_100,seir,seir,1
early_seir_infected_only,1,ogic_e,seir,seir,1
early_seir_infected_only,2,aic,seir,seir,1
early_seir_infected_only,2,aicc,sir,seir,0
early_seir_infected_only,2,bic,sir,seir,0
early_seir_infected_only,2,blocked_validation,seir,seir,1
early_seir_infected_only,2,waic_laplace,sir,seir,0
early_seir_infected_only,2,ogic_p,seir,seir,1
early_seir_infected_only,2,gic_eff,seir,seir,1
early_seir_infected_only,2,gic_vol_025,seir,seir,1
early_seir_infected_only,2,gic_vol_050,seir,seir,1
early_seir_infected_only,2,gic_vol_100,seir,seir,1
early_seir_infected_only,2,ogic_e,seir,seir,1
early_seir_infected_only,3,aic,sir,seir,0
early_seir_infected_only,3,aicc,sir,seir,0
early_seir_infected_only,3,bic,sir,seir,0
early_seir_infected_only,3,blocked_validation,neural_ode_h2,seir,0
early_seir_infected_only,3,waic_laplace,sir,seir,0
early_seir_infected_only,3,ogic_p,sir,seir,0
early_seir_infected_only,3,gic_eff,sir,seir,0
early_seir_infected_only,3,gic_vol_025,sir,seir,0
early_seir_infected_only,3,gic_vol_050,sir,seir,0
early_seir_infected_only,3,gic_vol_100,seir,seir,1
early_seir_infected_only,3,ogic_e,sir,seir,0
early_seir_infected_only,4,aic,seir,seir,1
early_seir_infected_only,4,aicc,sir,seir,0
early_seir_infected_only,4,bic,sir,seir,0
early_seir_infected_only,4,blocked_validation,sir,seir,0
early_seir_infected_only,4,waic_laplace,tv_sir,seir,0
early_seir_infected_only,4,ogic_p,seir,seir,1
early_seir_infected_only,4,gic_eff,seir,seir,1
early_seir_infected_only,4,gic_vol_025,seir,seir,1
early_seir_infected_only,4,gic_vol_050,seir,seir,1
early_seir_infected_only,4,gic_vol_100,seir,seir,1
early_seir_infected_only,4,ogic_e,seir,seir,1
early_seir_infected_only,5,aic,sir,seir,0
early_seir_infected_only,5,aicc,sir,seir,0
early_seir_infected_only,5,bic,sir,seir,0
early_seir_infected_only,5,blocked_validation,seir,seir,1
early_seir_infected_only,5,waic_laplace,neural_ode_h2,seir,0
early_seir_infected_only,5,ogic_p,ude_sir_h2,seir,0
early_seir_infected_only,5,gic_eff,ude_sir_h2,seir,0
early_seir_infected_only,5,gic_vol_025,sir,seir,0
early_seir_infected_only,5,gic_vol_050,sir,seir,0
early_seir_infected_only,5,gic_vol_100,seir,seir,1
early_seir_infected_only,5,ogic_e,seir,seir,1
early_seir_infected_only,6,aic,seir,seir,1
early_seir_infected_only,6,aicc,sir,seir,0
early_seir_infected_only,6,bic,seir,seir,1
early_seir_infected_only,6,blocked_validation,tv_sir,seir,0
early_seir_infected_only,6,waic_laplace,neural_ode_h2,seir,0
early_seir_infected_only,6,ogic_p,seir,seir,1
early_seir_infected_only,6,gic_eff,seir,seir,1
early_seir_infected_only,6,gic_vol_025,seir,seir,1
early_seir_infected_only,6,gic_vol_050,seir,seir,1
early_seir_infected_only,6,gic_vol_100,seir,seir,1
early_seir_infected_only,6,ogic_e,seir,seir,1
early_seir_infected_only,7,aic,sir,seir,0
early_seir_infected_only,7,aicc,sir,seir,0
early_seir_infected_only,7,bic,sir,seir,0
early_seir_infected_only,7,blocked_validation,ude_sir_h2,seir,0
early_seir_infected_only,7,waic_laplace,sir,seir,0
early_seir_infected_only,7,ogic_p,ude_sir_h2,seir,0
early_seir_infected_only,7,gic_eff,ude_sir_h2,seir,0
early_seir_infected_only,7,gic_vol_025,sir,seir,0
early_seir_infected_only,7,gic_vol_050,sir,seir,0
early_seir_infected_only,7,gic_vol_100,seir,seir,1
early_seir_infected_only,7,ogic_e,seir,seir,1
early_seir_infected_only,8,aic,sir,seir,0
early_seir_infected_only,8,aicc,sir,seir,0
early_seir_infected_only,8,bic,sir,seir,0
early_seir_infected_only,8,blocked_validation,neural_ode_h2,seir,0
early_seir_infected_only,8,waic_laplace,seir,seir,1
early_seir_infected_only,8,ogic_p,seir,seir,1
early_seir_infected_only,8,gic_eff,seir,seir,1
early_seir_infected_only,8,gic_vol_025,seir,seir,1
early_seir_infected_only,8,gic_vol_050,seir,seir,1
early_seir_infected_only,8,gic_vol_100,seir,seir,1
early_seir_infected_only,8,ogic_e,seir,seir,1
early_seir_infected_only,9,aic,sir,seir,0
early_seir_infected_only,9,aicc,sir,seir,0
early_seir_infected_only,9,bic,sir,seir,0
early_seir_infected_only,9,blocked_validation,ude_sir_h2,seir,0
early_seir_infected_only,9,waic_laplace,seir,seir,1
early_seir_infected_only,9,ogic_p,seir,seir,1
early_seir_infected_only,9,gic_eff,seir,seir,1
early_seir_infected_only,9,gic_vol_025,seir,seir,1
early_seir_infected_only,9,gic_vol_050,seir,seir,1
early_seir_infected_only,9,gic_vol_100,seir,seir,1
early_seir_infected_only,9,ogic_e,sir,seir,0
early_seir_infected_only,10,aic,sir,seir,0
early_seir_infected_only,10,aicc,sir,seir,0
early_seir_infected_only,10,bic,sir,seir,0
early_seir_infected_only,10,blocked_validation,seir,seir,1
early_seir_infected_only,10,waic_laplace,seir,seir,1
early_seir_infected_only,10,ogic_p,seir,seir,1
early_seir_infected_only,10,gic_eff,ude_sir_h2,seir,0
early_seir_infected_only,10,gic_vol_025,sir,seir,0
early_seir_infected_only,10,gic_vol_050,seir,seir,1
early_seir_infected_only,10,gic_vol_100,seir,seir,1
early_seir_infected_only,10,ogic_e,seir,seir,1
early_seir_infected_only,11,aic,sir,seir,0
early_seir_infected_only,11,aicc,sir,seir,0
early_seir_infected_only,11,bic,sir,seir,0
early_seir_infected_only,11,blocked_validation,tv_sir,seir,0
early_seir_infected_only,11,waic_laplace,seir,seir,1
early_seir_infected_only,11,ogic_p,seir,seir,1
early_seir_infected_only,11,gic_eff,ude_sir_h2,seir,0
early_seir_infected_only,11,gic_vol_025,seir,seir,1
early_seir_infected_only,11,gic_vol_050,seir,seir,1
early_seir_infected_only,11,gic_vol_100,seir,seir,1
early_seir_infected_only,11,ogic_e,seir,seir,1
early_seir_infected_only,12,aic,sir,seir,0
early_seir_infected_only,12,aicc,sir,seir,0
early_seir_infected_only,12,bic,sir,seir,0
early_seir_infected_only,12,blocked_validation,ude_sir_h2,seir,0
early_seir_infected_only,12,waic_laplace,sir,seir,0
early_seir_infected_only,12,ogic_p,sir,seir,0
early_seir_infected_only,12,gic_eff,sir,seir,0
early_seir_infected_only,12,gic_vol_025,sir,seir,0
early_seir_infected_only,12,gic_vol_050,sir,seir,0
early_seir_infected_only,12,gic_vol_100,sir,seir,0
early_seir_infected_only,12,ogic_e,sir,seir,0
early_seir_infected_only,13,aic,sir,seir,0
early_seir_infected_only,13,aicc,sir,seir,0
early_seir_infected_only,13,bic,sir,seir,0
early_seir_infected_only,13,blocked_validation,ude_sir_h2,seir,0
early_seir_infected_only,13,waic_laplace,sir,seir,0
early_seir_infected_only,13,ogic_p,neural_ode_h2,seir,0
early_seir_infected_only,13,gic_eff,seir,seir,1
early_seir_infected_only,13,gic_vol_025,seir,seir,1
early_seir_infected_only,13,gic_vol_050,seir,seir,1
early_seir_infected_only,13,gic_vol_100,seir,seir,1
early_seir_infected_only,13,ogic_e,seir,seir,1
early_seir_infected_only,14,aic,sir,seir,0
early_seir_infected_only,14,aicc,sir,seir,0
early_seir_infected_only,14,bic,sir,seir,0
early_seir_infected_only,14,blocked_validation,seir,seir,1
early_seir_infected_only,14,waic_laplace,sir,seir,0
early_seir_infected_only,14,ogic_p,seir,seir,1
early_seir_infected_only,14,gic_eff,sir,seir,0
early_seir_infected_only,14,gic_vol_025,sir,seir,0
early_seir_infected_only,14,gic_vol_050,sir,seir,0
early_seir_infected_only,14,gic_vol_100,seir,seir,1
early_seir_infected_only,14,ogic_e,seir,seir,1
early_seir_infected_only,15,aic,sir,seir,0
early_seir_infected_only,15,aicc,sir,seir,0
early_seir_infected_only,15,bic,sir,seir,0
early_seir_infected_only,15,blocked_validation,seir,seir,1
early_seir_infected_only,15,waic_laplace,sir,seir,0
early_seir_infected_only,15,ogic_p,ude_sir_h2,seir,0
early_seir_infected_only,15,gic_eff,ude_sir_h2,seir,0
early_seir_infected_only,15,gic_vol_025,sir,seir,0
early_seir_infected_only,15,gic_vol_050,sir,seir,0
early_seir_infected_only,15,gic_vol_100,sir,seir,0
early_seir_infected_only,15,ogic_e,seir,seir,1
early_seir_infected_only,16,aic,sir,seir,0
early_seir_infected_only,16,aicc,sir,seir,0
early_seir_infected_only,16,bic,sir,seir,0
early_seir_infected_only,16,blocked_validation,seir,seir,1
early_seir_infected_only,16,waic_laplace,seir,seir,1
early_seir_infected_only,16,ogic_p,sir,seir,0
early_seir_infected_only,16,gic_eff,sir,seir,0
early_seir_infected_only,16,gic_vol_025,sir,seir,0
early_seir_infected_only,16,gic_vol_050,seir,seir,1
early_seir_infected_only,16,gic_vol_100,seir,seir,1
early_seir_infected_only,16,ogic_e,seir,seir,1
early_seir_infected_only,17,aic,sir,seir,0
early_seir_infected_only,17,aicc,sir,seir,0
early_seir_infected_only,17,bic,sir,seir,0
early_seir_infected_only,17,blocked_validation,seir,seir,1
early_seir_infected_only,17,waic_laplace,tv_sir,seir,0
early_seir_infected_only,17,ogic_p,seir,seir,1
early_seir_infected_only,17,gic_eff,seir,seir,1
early_seir_infected_only,17,gic_vol_025,seir,seir,1
early_seir_infected_only,17,gic_vol_050,seir,seir,1
early_seir_infected_only,17,gic_vol_100,seir,seir,1
early_seir_infected_only,17,ogic_e,seir,seir,1
early_seir_infected_only,18,aic,sir,seir,0
early_seir_infected_only,18,aicc,sir,seir,0
early_seir_infected_only,18,bic,sir,seir,0
early_seir_infected_only,18,blocked_validation,seir,seir,1
early_seir_infected_only,18,waic_laplace,tv_sir,seir,0
early_seir_infected_only,18,ogic_p,seir,seir,1
early_seir_infected_only,18,gic_eff,seir,seir,1
early_seir_infected_only,18,gic_vol_025,seir,seir,1
early_seir_infected_only,18,gic_vol_050,seir,seir,1
early_seir_infected_only,18,gic_vol_100,seir,seir,1
early_seir_infected_only,18,ogic_e,seir,seir,1
early_seir_infected_only,19,aic,sir,seir,0
early_seir_infected_only,19,aicc,sir,seir,0
early_seir_infected_only,19,bic,sir,seir,0
early_seir_infected_only,19,blocked_validation,seir,seir,1
early_seir_infected_only,19,waic_laplace,neural_ode_h2,seir,0
early_seir_infected_only,19,ogic_p,ude_sir_h2,seir,0
early_seir_infected_only,19,gic_eff,ude_sir_h2,seir,0
early_seir_infected_only,19,gic_vol_025,sir,seir,0
early_seir_infected_only,19,gic_vol_050,sir,seir,0
early_seir_infected_only,19,gic_vol_100,sir,seir,0
early_seir_infected_only,19,ogic_e,seir,seir,1
missing_neural_feedback,0,aic,tv_sir,ude_sir_h2,0
missing_neural_feedback,0,aicc,tv_sir,ude_sir_h2,0
missing_neural_feedback,0,bic,tv_sir,ude_sir_h2,0
missing_neural_feedback,0,blocked_validation,ude_sir_h2,ude_sir_h2,1
missing_neural_feedback,0,waic_laplace,tv_sir,ude_sir_h2,0
missing_neural_feedback,0,ogic_p,neural_ode_h2,ude_sir_h2,0
missing_neural_feedback,0,gic_eff,neural_ode_h2,ude_sir_h2,0
missing_neural_feedback,0,gic_vol_025,neural_ode_h2,ude_sir_h2,0
missing_neural_feedback,0,gic_vol_050,neural_ode_h2,ude_sir_h2,0
missing_neural_feedback,0,gic_vol_100,neural_ode_h2,ude_sir_h2,0
missing_neural_feedback,0,ogic_e,ude_sir_h2,ude_sir_h2,1
missing_neural_feedback,1,aic,tv_sir,ude_sir_h2,0
missing_neural_feedback,1,aicc,tv_sir,ude_sir_h2,0
missing_neural_feedback,1,bic,tv_sir,ude_sir_h2,0
missing_neural_feedback,1,blocked_validation,tv_sir,ude_sir_h2,0
missing_neural_feedback,1,waic_laplace,tv_sir,ude_sir_h2,0
missing_neural_feedback,1,ogic_p,tv_sir,ude_sir_h2,0
missing_neural_feedback,1,gic_eff,tv_sir,ude_sir_h2,0
missing_neural_feedback,1,gic_vol_025,tv_sir,ude_sir_h2,0
missing_neural_feedback,1,gic_vol_050,tv_sir,ude_sir_h2,0
missing_neural_feedback,1,gic_vol_100,tv_sir,ude_sir_h2,0
missing_neural_feedback,1,ogic_e,tv_sir,ude_sir_h2,0
missing_neural_feedback,2,aic,tv_sir,ude_sir_h2,0
missing_neural_feedback,2,aicc,tv_sir,ude_sir_h2,0
missing_neural_feedback,2,bic,tv_sir,ude_sir_h2,0
missing_neural_feedback,2,blocked_validation,ude_sir_h2,ude_sir_h2,1
missing_neural_feedback,2,waic_laplace,tv_sir,ude_sir_h2,0
missing_neural_feedback,2,ogic_p,tv_sir,ude_sir_h2,0
missing_neural_feedback,2,gic_eff,tv_sir,ude_sir_h2,0
missing_neural_feedback,2,gic_vol_025,tv_sir,ude_sir_h2,0
missing_neural_feedback,2,gic_vol_050,tv_sir,ude_sir_h2,0
missing_neural_feedback,2,gic_vol_100,tv_sir,ude_sir_h2,0
missing_neural_feedback,2,ogic_e,tv_sir,ude_sir_h2,0
missing_neural_feedback,3,aic,tv_sir,ude_sir_h2,0
missing_neural_feedback,3,aicc,tv_sir,ude_sir_h2,0
missing_neural_feedback,3,bic,tv_sir,ude_sir_h2,0
missing_neural_feedback,3,blocked_validation,neural_ode_h2,ude_sir_h2,0
missing_neural_feedback,3,waic_laplace,tv_sir,ude_sir_h2,0
missing_neural_feedback,3,ogic_p,neural_ode_h2,ude_sir_h2,0
missing_neural_feedback,3,gic_eff,ude_sir_h2,ude_sir_h2,1
missing_neural_feedback,3,gic_vol_025,ude_sir_h2,ude_sir_h2,1
missing_neural_feedback,3,gic_vol_050,neural_ode_h2,ude_sir_h2,0
missing_neural_feedback,3,gic_vol_100,neural_ode_h2,ude_sir_h2,0
missing_neural_feedback,3,ogic_e,tv_sir,ude_sir_h2,0
missing_neural_feedback,4,aic,tv_sir,ude_sir_h2,0
missing_neural_feedback,4,aicc,tv_sir,ude_sir_h2,0
missing_neural_feedback,4,bic,tv_sir,ude_sir_h2,0
missing_neural_feedback,4,blocked_validation,tv_sir,ude_sir_h2,0
missing_neural_feedback,4,waic_laplace,tv_sir,ude_sir_h2,0
missing_neural_feedback,4,ogic_p,ude_sir_h2,ude_sir_h2,1
missing_neural_feedback,4,gic_eff,ude_sir_h2,ude_sir_h2,1
missing_neural_feedback,4,gic_vol_025,ude_sir_h2,ude_sir_h2,1
missing_neural_feedback,4,gic_vol_050,ude_sir_h2,ude_sir_h2,1
missing_neural_feedback,4,gic_vol_100,ude_sir_h2,ude_sir_h2,1
missing_neural_feedback,4,ogic_e,tv_sir,ude_sir_h2,0
missing_neural_feedback,5,aic,tv_sir,ude_sir_h2,0
missing_neural_feedback,5,aicc,tv_sir,ude_sir_h2,0
missing_neural_feedback,5,bic,tv_sir,ude_sir_h2,0
missing_neural_feedback,5,blocked_validation,ude_sir_h2,ude_sir_h2,1
missing_neural_feedback,5,waic_laplace,tv_sir,ude_sir_h2,0
missing_neural_feedback,5,ogic_p,ude_sir_h2,ude_sir_h2,1
missing_neural_feedback,5,gic_eff,ude_sir_h2,ude_sir_h2,1
missing_neural_feedback,5,gic_vol_025,ude_sir_h2,ude_sir_h2,1
missing_neural_feedback,5,gic_vol_050,ude_sir_h2,ude_sir_h2,1
missing_neural_feedback,5,gic_vol_100,ude_sir_h2,ude_sir_h2,1
missing_neural_feedback,5,ogic_e,tv_sir,ude_sir_h2,0
missing_neural_feedback,6,aic,tv_sir,ude_sir_h2,0
missing_neural_feedback,6,aicc,tv_sir,ude_sir_h2,0
missing_neural_feedback,6,bic,tv_sir,ude_sir_h2,0
missing_neural_feedback,6,blocked_validation,tv_sir,ude_sir_h2,0
missing_neural_feedback,6,waic_laplace,tv_sir,ude_sir_h2,0
missing_neural_feedback,6,ogic_p,ude_sir_h2,ude_sir_h2,1
missing_neural_feedback,6,gic_eff,ude_sir_h2,ude_sir_h2,1
missing_neural_feedback,6,gic_vol_025,ude_sir_h2,ude_sir_h2,1
missing_neural_feedback,6,gic_vol_050,ude_sir_h2,ude_sir_h2,1
missing_neural_feedback,6,gic_vol_100,ude_sir_h2,ude_sir_h2,1
missing_neural_feedback,6,ogic_e,tv_sir,ude_sir_h2,0
missing_neural_feedback,7,aic,tv_sir,ude_sir_h2,0
missing_neural_feedback,7,aicc,tv_sir,ude_sir_h2,0
missing_neural_feedback,7,bic,tv_sir,ude_sir_h2,0
missing_neural_feedback,7,blocked_validation,tv_sir,ude_sir_h2,0
missing_neural_feedback,7,waic_laplace,tv_sir,ude_sir_h2,0
missing_neural_feedback,7,ogic_p,tv_sir,ude_sir_h2,0
missing_neural_feedback,7,gic_eff,tv_sir,ude_sir_h2,0
missing_neural_feedback,7,gic_vol_025,tv_sir,ude_sir_h2,0
missing_neural_feedback,7,gic_vol_050,tv_sir,ude_sir_h2,0
missing_neural_feedback,7,gic_vol_100,tv_sir,ude_sir_h2,0
missing_neural_feedback,7,ogic_e,tv_sir,ude_sir_h2,0
missing_neural_feedback,8,aic,tv_sir,ude_sir_h2,0
missing_neural_feedback,8,aicc,tv_sir,ude_sir_h2,0
missing_neural_feedback,8,bic,tv_sir,ude_sir_h2,0
missing_neural_feedback,8,blocked_validation,tv_sir,ude_sir_h2,0
missing_neural_feedback,8,waic_laplace,tv_sir,ude_sir_h2,0
missing_neural_feedback,8,ogic_p,ude_sir_h2,ude_sir_h2,1
missing_neural_feedback,8,gic_eff,ude_sir_h2,ude_sir_h2,1
missing_neural_feedback,8,gic_vol_025,ude_sir_h2,ude_sir_h2,1
missing_neural_feedback,8,gic_vol_050,ude_sir_h2,ude_sir_h2,1
missing_neural_feedback,8,gic_vol_100,ude_sir_h2,ude_sir_h2,1
missing_neural_feedback,8,ogic_e,tv_sir,ude_sir_h2,0
missing_neural_feedback,9,aic,tv_sir,ude_sir_h2,0
missing_neural_feedback,9,aicc,tv_sir,ude_sir_h2,0
missing_neural_feedback,9,bic,tv_sir,ude_sir_h2,0
missing_neural_feedback,9,blocked_validation,neural_ode_h2,ude_sir_h2,0
missing_neural_feedback,9,waic_laplace,tv_sir,ude_sir_h2,0
missing_neural_feedback,9,ogic_p,neural_ode_h2,ude_sir_h2,0
missing_neural_feedback,9,gic_eff,neural_ode_h2,ude_sir_h2,0
missing_neural_feedback,9,gic_vol_025,neural_ode_h2,ude_sir_h2,0
missing_neural_feedback,9,gic_vol_050,neural_ode_h2,ude_sir_h2,0
missing_neural_feedback,9,gic_vol_100,neural_ode_h2,ude_sir_h2,0
missing_neural_feedback,9,ogic_e,ude_sir_h2,ude_sir_h2,1
missing_neural_feedback,10,aic,tv_sir,ude_sir_h2,0
missing_neural_feedback,10,aicc,tv_sir,ude_sir_h2,0
missing_neural_feedback,10,bic,tv_sir,ude_sir_h2,0
missing_neural_feedback,10,blocked_validation,tv_sir,ude_sir_h2,0
missing_neural_feedback,10,waic_laplace,tv_sir,ude_sir_h2,0
missing_neural_feedback,10,ogic_p,ude_sir_h2,ude_sir_h2,1
missing_neural_feedback,10,gic_eff,ude_sir_h2,ude_sir_h2,1
missing_neural_feedback,10,gic_vol_025,ude_sir_h2,ude_sir_h2,1
missing_neural_feedback,10,gic_vol_050,ude_sir_h2,ude_sir_h2,1
missing_neural_feedback,10,gic_vol_100,ude_sir_h2,ude_sir_h2,1
missing_neural_feedback,10,ogic_e,tv_sir,ude_sir_h2,0
missing_neural_feedback,11,aic,tv_sir,ude_sir_h2,0
missing_neural_feedback,11,aicc,tv_sir,ude_sir_h2,0
missing_neural_feedback,11,bic,tv_sir,ude_sir_h2,0
missing_neural_feedback,11,blocked_validation,tv_sir,ude_sir_h2,0
missing_neural_feedback,11,waic_laplace,tv_sir,ude_sir_h2,0
missing_neural_feedback,11,ogic_p,ude_sir_h2,ude_sir_h2,1
missing_neural_feedback,11,gic_eff,ude_sir_h2,ude_sir_h2,1
missing_neural_feedback,11,gic_vol_025,ude_sir_h2,ude_sir_h2,1
missing_neural_feedback,11,gic_vol_050,ude_sir_h2,ude_sir_h2,1
missing_neural_feedback,11,gic_vol_100,neural_ode_h2,ude_sir_h2,0
missing_neural_feedback,11,ogic_e,tv_sir,ude_sir_h2,0
missing_neural_feedback,12,aic,tv_sir,ude_sir_h2,0
missing_neural_feedback,12,aicc,tv_sir,ude_sir_h2,0
missing_neural_feedback,12,bic,tv_sir,ude_sir_h2,0
missing_neural_feedback,12,blocked_validation,ude_sir_h2,ude_sir_h2,1
missing_neural_feedback,12,waic_laplace,tv_sir,ude_sir_h2,0
missing_neural_feedback,12,ogic_p,neural_ode_h2,ude_sir_h2,0
missing_neural_feedback,12,gic_eff,ude_sir_h2,ude_sir_h2,1
missing_neural_feedback,12,gic_vol_025,neural_ode_h2,ude_sir_h2,0
missing_neural_feedback,12,gic_vol_050,neural_ode_h2,ude_sir_h2,0
missing_neural_feedback,12,gic_vol_100,neural_ode_h2,ude_sir_h2,0
missing_neural_feedback,12,ogic_e,tv_sir,ude_sir_h2,0
missing_neural_feedback,13,aic,tv_sir,ude_sir_h2,0
missing_neural_feedback,13,aicc,tv_sir,ude_sir_h2,0
missing_neural_feedback,13,bic,tv_sir,ude_sir_h2,0
missing_neural_feedback,13,blocked_validation,ude_sir_h2,ude_sir_h2,1
missing_neural_feedback,13,waic_laplace,tv_sir,ude_sir_h2,0
missing_neural_feedback,13,ogic_p,ude_sir_h2,ude_sir_h2,1
missing_neural_feedback,13,gic_eff,ude_sir_h2,ude_sir_h2,1
missing_neural_feedback,13,gic_vol_025,ude_sir_h2,ude_sir_h2,1
missing_neural_feedback,13,gic_vol_050,ude_sir_h2,ude_sir_h2,1
missing_neural_feedback,13,gic_vol_100,neural_ode_h2,ude_sir_h2,0
missing_neural_feedback,13,ogic_e,tv_sir,ude_sir_h2,0
missing_neural_feedback,14,aic,tv_sir,ude_sir_h2,0
missing_neural_feedback,14,aicc,tv_sir,ude_sir_h2,0
missing_neural_feedback,14,bic,tv_sir,ude_sir_h2,0
missing_neural_feedback,14,blocked_validation,ude_sir_h2,ude_sir_h2,1
missing_neural_feedback,14,waic_laplace,tv_sir,ude_sir_h2,0
missing_neural_feedback,14,ogic_p,ude_sir_h2,ude_sir_h2,1
missing_neural_feedback,14,gic_eff,ude_sir_h2,ude_sir_h2,1
missing_neural_feedback,14,gic_vol_025,ude_sir_h2,ude_sir_h2,1
missing_neural_feedback,14,gic_vol_050,ude_sir_h2,ude_sir_h2,1
missing_neural_feedback,14,gic_vol_100,ude_sir_h2,ude_sir_h2,1
missing_neural_feedback,14,ogic_e,tv_sir,ude_sir_h2,0
missing_neural_feedback,15,aic,tv_sir,ude_sir_h2,0
missing_neural_feedback,15,aicc,tv_sir,ude_sir_h2,0
missing_neural_feedback,15,bic,tv_sir,ude_sir_h2,0
missing_neural_feedback,15,blocked_validation,tv_sir,ude_sir_h2,0
missing_neural_feedback,15,waic_laplace,tv_sir,ude_sir_h2,0
missing_neural_feedback,15,ogic_p,ude_sir_h2,ude_sir_h2,1
missing_neural_feedback,15,gic_eff,ude_sir_h2,ude_sir_h2,1
missing_neural_feedback,15,gic_vol_025,ude_sir_h2,ude_sir_h2,1
missing_neural_feedback,15,gic_vol_050,ude_sir_h2,ude_sir_h2,1
missing_neural_feedback,15,gic_vol_100,ude_sir_h2,ude_sir_h2,1
missing_neural_feedback,15,ogic_e,tv_sir,ude_sir_h2,0
missing_neural_feedback,16,aic,tv_sir,ude_sir_h2,0
missing_neural_feedback,16,aicc,tv_sir,ude_sir_h2,0
missing_neural_feedback,16,bic,tv_sir,ude_sir_h2,0
missing_neural_feedback,16,blocked_validation,ude_sir_h2,ude_sir_h2,1
missing_neural_feedback,16,waic_laplace,tv_sir,ude_sir_h2,0
missing_neural_feedback,16,ogic_p,ude_sir_h2,ude_sir_h2,1
missing_neural_feedback,16,gic_eff,ude_sir_h2,ude_sir_h2,1
missing_neural_feedback,16,gic_vol_025,ude_sir_h2,ude_sir_h2,1
missing_neural_feedback,16,gic_vol_050,ude_sir_h2,ude_sir_h2,1
missing_neural_feedback,16,gic_vol_100,ude_sir_h2,ude_sir_h2,1
missing_neural_feedback,16,ogic_e,ude_sir_h2,ude_sir_h2,1
missing_neural_feedback,17,aic,tv_sir,ude_sir_h2,0
missing_neural_feedback,17,aicc,tv_sir,ude_sir_h2,0
missing_neural_feedback,17,bic,tv_sir,ude_sir_h2,0
missing_neural_feedback,17,blocked_validation,neural_ode_h2,ude_sir_h2,0
missing_neural_feedback,17,waic_laplace,tv_sir,ude_sir_h2,0
missing_neural_feedback,17,ogic_p,tv_sir,ude_sir_h2,0
missing_neural_feedback,17,gic_eff,tv_sir,ude_sir_h2,0
missing_neural_feedback,17,gic_vol_025,ude_sir_h2,ude_sir_h2,1
missing_neural_feedback,17,gic_vol_050,ude_sir_h2,ude_sir_h2,1
missing_neural_feedback,17,gic_vol_100,ude_sir_h2,ude_sir_h2,1
missing_neural_feedback,17,ogic_e,tv_sir,ude_sir_h2,0
missing_neural_feedback,18,aic,tv_sir,ude_sir_h2,0
missing_neural_feedback,18,aicc,tv_sir,ude_sir_h2,0
missing_neural_feedback,18,bic,tv_sir,ude_sir_h2,0
missing_neural_feedback,18,blocked_validation,ude_sir_h2,ude_sir_h2,1
missing_neural_feedback,18,waic_laplace,tv_sir,ude_sir_h2,0
missing_neural_feedback,18,ogic_p,ude_sir_h2,ude_sir_h2,1
missing_neural_feedback,18,gic_eff,ude_sir_h2,ude_sir_h2,1
missing_neural_feedback,18,gic_vol_025,ude_sir_h2,ude_sir_h2,1
missing_neural_feedback,18,gic_vol_050,ude_sir_h2,ude_sir_h2,1
missing_neural_feedback,18,gic_vol_100,ude_sir_h2,ude_sir_h2,1
missing_neural_feedback,18,ogic_e,ude_sir_h2,ude_sir_h2,1
missing_neural_feedback,19,aic,tv_sir,ude_sir_h2,0
missing_neural_feedback,19,aicc,tv_sir,ude_sir_h2,0
missing_neural_feedback,19,bic,tv_sir,ude_sir_h2,0
missing_neural_feedback,19,blocked_validation,ude_sir_h2,ude_sir_h2,1
missing_neural_feedback,19,waic_laplace,tv_sir,ude_sir_h2,0
missing_neural_feedback,19,ogic_p,ude_sir_h2,ude_sir_h2,1
missing_neural_feedback,19,gic_eff,ude_sir_h2,ude_sir_h2,1
missing_neural_feedback,19,gic_vol_025,ude_sir_h2,ude_sir_h2,1
missing_neural_feedback,19,gic_vol_050,ude_sir_h2,ude_sir_h2,1
missing_neural_feedback,19,gic_vol_100,ude_sir_h2,ude_sir_h2,1
missing_neural_feedback,19,ogic_e,tv_sir,ude_sir_h2,0
missing_time_varying_transmission,0,aic,tv_sir,tv_sir,1
missing_time_varying_transmission,0,aicc,tv_sir,tv_sir,1
missing_time_varying_transmission,0,bic,tv_sir,tv_sir,1
missing_time_varying_transmission,0,blocked_validation,tv_sir,tv_sir,1
missing_time_varying_transmission,0,waic_laplace,tv_sir,tv_sir,1
missing_time_varying_transmission,0,ogic_p,tv_sir,tv_sir,1
missing_time_varying_transmission,0,gic_eff,tv_sir,tv_sir,1
missing_time_varying_transmission,0,gic_vol_025,tv_sir,tv_sir,1
missing_time_varying_transmission,0,gic_vol_050,tv_sir,tv_sir,1
missing_time_varying_transmission,0,gic_vol_100,tv_sir,tv_sir,1
missing_time_varying_transmission,0,ogic_e,tv_sir,tv_sir,1
missing_time_varying_transmission,1,aic,tv_sir,tv_sir,1
missing_time_varying_transmission,1,aicc,tv_sir,tv_sir,1
missing_time_varying_transmission,1,bic,tv_sir,tv_sir,1
missing_time_varying_transmission,1,blocked_validation,tv_sir,tv_sir,1
missing_time_varying_transmission,1,waic_laplace,tv_sir,tv_sir,1
missing_time_varying_transmission,1,ogic_p,tv_sir,tv_sir,1
missing_time_varying_transmission,1,gic_eff,tv_sir,tv_sir,1
missing_time_varying_transmission,1,gic_vol_025,tv_sir,tv_sir,1
missing_time_varying_transmission,1,gic_vol_050,tv_sir,tv_sir,1
missing_time_varying_transmission,1,gic_vol_100,tv_sir,tv_sir,1
missing_time_varying_transmission,1,ogic_e,tv_sir,tv_sir,1
missing_time_varying_transmission,2,aic,tv_sir,tv_sir,1
missing_time_varying_transmission,2,aicc,tv_sir,tv_sir,1
missing_time_varying_transmission,2,bic,tv_sir,tv_sir,1
missing_time_varying_transmission,2,blocked_validation,ude_sir_h2,tv_sir,0
missing_time_varying_transmission,2,waic_laplace,tv_sir,tv_sir,1
missing_time_varying_transmission,2,ogic_p,ude_sir_h2,tv_sir,0
missing_time_varying_transmission,2,gic_eff,ude_sir_h2,tv_sir,0
missing_time_varying_transmission,2,gic_vol_025,ude_sir_h2,tv_sir,0
missing_time_varying_transmission,2,gic_vol_050,ude_sir_h2,tv_sir,0
missing_time_varying_transmission,2,gic_vol_100,tv_sir,tv_sir,1
missing_time_varying_transmission,2,ogic_e,tv_sir,tv_sir,1
missing_time_varying_transmission,3,aic,tv_sir,tv_sir,1
missing_time_varying_transmission,3,aicc,tv_sir,tv_sir,1
missing_time_varying_transmission,3,bic,tv_sir,tv_sir,1
missing_time_varying_transmission,3,blocked_validation,tv_sir,tv_sir,1
missing_time_varying_transmission,3,waic_laplace,tv_sir,tv_sir,1
missing_time_varying_transmission,3,ogic_p,tv_sir,tv_sir,1
missing_time_varying_transmission,3,gic_eff,tv_sir,tv_sir,1
missing_time_varying_transmission,3,gic_vol_025,tv_sir,tv_sir,1
missing_time_varying_transmission,3,gic_vol_050,tv_sir,tv_sir,1
missing_time_varying_transmission,3,gic_vol_100,tv_sir,tv_sir,1
missing_time_varying_transmission,3,ogic_e,tv_sir,tv_sir,1
missing_time_varying_transmission,4,aic,tv_sir,tv_sir,1
missing_time_varying_transmission,4,aicc,tv_sir,tv_sir,1
missing_time_varying_transmission,4,bic,tv_sir,tv_sir,1
missing_time_varying_transmission,4,blocked_validation,tv_sir,tv_sir,1
missing_time_varying_transmission,4,waic_laplace,tv_sir,tv_sir,1
missing_time_varying_transmission,4,ogic_p,tv_sir,tv_sir,1
missing_time_varying_transmission,4,gic_eff,tv_sir,tv_sir,1
missing_time_varying_transmission,4,gic_vol_025,tv_sir,tv_sir,1
missing_time_varying_transmission,4,gic_vol_050,tv_sir,tv_sir,1
missing_time_varying_transmission,4,gic_vol_100,tv_sir,tv_sir,1
missing_time_varying_transmission,4,ogic_e,tv_sir,tv_sir,1
missing_time_varying_transmission,5,aic,tv_sir,tv_sir,1
missing_time_varying_transmission,5,aicc,tv_sir,tv_sir,1
missing_time_varying_transmission,5,bic,tv_sir,tv_sir,1
missing_time_varying_transmission,5,blocked_validation,seir,tv_sir,0
missing_time_varying_transmission,5,waic_laplace,tv_sir,tv_sir,1
missing_time_varying_transmission,5,ogic_p,tv_sir,tv_sir,1
missing_time_varying_transmission,5,gic_eff,tv_sir,tv_sir,1
missing_time_varying_transmission,5,gic_vol_025,tv_sir,tv_sir,1
missing_time_varying_transmission,5,gic_vol_050,tv_sir,tv_sir,1
missing_time_varying_transmission,5,gic_vol_100,tv_sir,tv_sir,1
missing_time_varying_transmission,5,ogic_e,tv_sir,tv_sir,1
missing_time_varying_transmission,6,aic,tv_sir,tv_sir,1
missing_time_varying_transmission,6,aicc,tv_sir,tv_sir,1
missing_time_varying_transmission,6,bic,tv_sir,tv_sir,1
missing_time_varying_transmission,6,blocked_validation,tv_sir,tv_sir,1
missing_time_varying_transmission,6,waic_laplace,tv_sir,tv_sir,1
missing_time_varying_transmission,6,ogic_p,tv_sir,tv_sir,1
missing_time_varying_transmission,6,gic_eff,tv_sir,tv_sir,1
missing_time_varying_transmission,6,gic_vol_025,tv_sir,tv_sir,1
missing_time_varying_transmission,6,gic_vol_050,tv_sir,tv_sir,1
missing_time_varying_transmission,6,gic_vol_100,tv_sir,tv_sir,1
missing_time_varying_transmission,6,ogic_e,tv_sir,tv_sir,1
missing_time_varying_transmission,7,aic,tv_sir,tv_sir,1
missing_time_varying_transmission,7,aicc,tv_sir,tv_sir,1
missing_time_varying_transmission,7,bic,tv_sir,tv_sir,1
missing_time_varying_transmission,7,blocked_validation,tv_sir,tv_sir,1
missing_time_varying_transmission,7,waic_laplace,tv_sir,tv_sir,1
missing_time_varying_transmission,7,ogic_p,tv_sir,tv_sir,1
missing_time_varying_transmission,7,gic_eff,tv_sir,tv_sir,1
missing_time_varying_transmission,7,gic_vol_025,tv_sir,tv_sir,1
missing_time_varying_transmission,7,gic_vol_050,tv_sir,tv_sir,1
missing_time_varying_transmission,7,gic_vol_100,tv_sir,tv_sir,1
missing_time_varying_transmission,7,ogic_e,tv_sir,tv_sir,1
missing_time_varying_transmission,8,aic,tv_sir,tv_sir,1
missing_time_varying_transmission,8,aicc,tv_sir,tv_sir,1
missing_time_varying_transmission,8,bic,tv_sir,tv_sir,1
missing_time_varying_transmission,8,blocked_validation,tv_sir,tv_sir,1
missing_time_varying_transmission,8,waic_laplace,tv_sir,tv_sir,1
missing_time_varying_transmission,8,ogic_p,tv_sir,tv_sir,1
missing_time_varying_transmission,8,gic_eff,tv_sir,tv_sir,1
missing_time_varying_transmission,8,gic_vol_025,tv_sir,tv_sir,1
missing_time_varying_transmission,8,gic_vol_050,tv_sir,tv_sir,1
missing_time_varying_transmission,8,gic_vol_100,tv_sir,tv_sir,1
missing_time_varying_transmission,8,ogic_e,tv_sir,tv_sir,1
missing_time_varying_transmission,9,aic,tv_sir,tv_sir,1
missing_time_varying_transmission,9,aicc,tv_sir,tv_sir,1
missing_time_varying_transmission,9,bic,tv_sir,tv_sir,1
missing_time_varying_transmission,9,blocked_validation,tv_sir,tv_sir,1
missing_time_varying_transmission,9,waic_laplace,tv_sir,tv_sir,1
missing_time_varying_transmission,9,ogic_p,tv_sir,tv_sir,1
missing_time_varying_transmission,9,gic_eff,tv_sir,tv_sir,1
missing_time_varying_transmission,9,gic_vol_025,tv_sir,tv_sir,1
missing_time_varying_transmission,9,gic_vol_050,tv_sir,tv_sir,1
missing_time_varying_transmission,9,gic_vol_100,tv_sir,tv_sir,1
missing_time_varying_transmission,9,ogic_e,tv_sir,tv_sir,1
missing_time_varying_transmission,10,aic,tv_sir,tv_sir,1
missing_time_varying_transmission,10,aicc,tv_sir,tv_sir,1
missing_time_varying_transmission,10,bic,tv_sir,tv_sir,1
missing_time_varying_transmission,10,blocked_validation,tv_sir,tv_sir,1
missing_time_varying_transmission,10,waic_laplace,tv_sir,tv_sir,1
missing_time_varying_transmission,10,ogic_p,tv_sir,tv_sir,1
missing_time_varying_transmission,10,gic_eff,tv_sir,tv_sir,1
missing_time_varying_transmission,10,gic_vol_025,tv_sir,tv_sir,1
missing_time_varying_transmission,10,gic_vol_050,tv_sir,tv_sir,1
missing_time_varying_transmission,10,gic_vol_100,tv_sir,tv_sir,1
missing_time_varying_transmission,10,ogic_e,tv_sir,tv_sir,1
missing_time_varying_transmission,11,aic,tv_sir,tv_sir,1
missing_time_varying_transmission,11,aicc,tv_sir,tv_sir,1
missing_time_varying_transmission,11,bic,tv_sir,tv_sir,1
missing_time_varying_transmission,11,blocked_validation,tv_sir,tv_sir,1
missing_time_varying_transmission,11,waic_laplace,tv_sir,tv_sir,1
missing_time_varying_transmission,11,ogic_p,ude_sir_h2,tv_sir,0
missing_time_varying_transmission,11,gic_eff,ude_sir_h2,tv_sir,0
missing_time_varying_transmission,11,gic_vol_025,ude_sir_h2,tv_sir,0
missing_time_varying_transmission,11,gic_vol_050,ude_sir_h2,tv_sir,0
missing_time_varying_transmission,11,gic_vol_100,ude_sir_h2,tv_sir,0
missing_time_varying_transmission,11,ogic_e,tv_sir,tv_sir,1
missing_time_varying_transmission,12,aic,tv_sir,tv_sir,1
missing_time_varying_transmission,12,aicc,tv_sir,tv_sir,1
missing_time_varying_transmission,12,bic,tv_sir,tv_sir,1
missing_time_varying_transmission,12,blocked_validation,tv_sir,tv_sir,1
missing_time_varying_transmission,12,waic_laplace,tv_sir,tv_sir,1
missing_time_varying_transmission,12,ogic_p,ude_sir_h2,tv_sir,0
missing_time_varying_transmission,12,gic_eff,ude_sir_h2,tv_sir,0
missing_time_varying_transmission,12,gic_vol_025,tv_sir,tv_sir,1
missing_time_varying_transmission,12,gic_vol_050,tv_sir,tv_sir,1
missing_time_varying_transmission,12,gic_vol_100,tv_sir,tv_sir,1
missing_time_varying_transmission,12,ogic_e,tv_sir,tv_sir,1
missing_time_varying_transmission,13,aic,tv_sir,tv_sir,1
missing_time_varying_transmission,13,aicc,tv_sir,tv_sir,1
missing_time_varying_transmission,13,bic,tv_sir,tv_sir,1
missing_time_varying_transmission,13,blocked_validation,tv_sir,tv_sir,1
missing_time_varying_transmission,13,waic_laplace,tv_sir,tv_sir,1
missing_time_varying_transmission,13,ogic_p,ude_sir_h2,tv_sir,0
missing_time_varying_transmission,13,gic_eff,ude_sir_h2,tv_sir,0
missing_time_varying_transmission,13,gic_vol_025,ude_sir_h2,tv_sir,0
missing_time_varying_transmission,13,gic_vol_050,ude_sir_h2,tv_sir,0
missing_time_varying_transmission,13,gic_vol_100,ude_sir_h2,tv_sir,0
missing_time_varying_transmission,13,ogic_e,ude_sir_h2,tv_sir,0
missing_time_varying_transmission,14,aic,tv_sir,tv_sir,1
missing_time_varying_transmission,14,aicc,tv_sir,tv_sir,1
missing_time_varying_transmission,14,bic,tv_sir,tv_sir,1
missing_time_varying_transmission,14,blocked_validation,ude_sir_h2,tv_sir,0
missing_time_varying_transmission,14,waic_laplace,tv_sir,tv_sir,1
missing_time_varying_transmission,14,ogic_p,tv_sir,tv_sir,1
missing_time_varying_transmission,14,gic_eff,tv_sir,tv_sir,1
missing_time_varying_transmission,14,gic_vol_025,tv_sir,tv_sir,1
missing_time_varying_transmission,14,gic_vol_050,tv_sir,tv_sir,1
missing_time_varying_transmission,14,gic_vol_100,tv_sir,tv_sir,1
missing_time_varying_transmission,14,ogic_e,tv_sir,tv_sir,1
missing_time_varying_transmission,15,aic,tv_sir,tv_sir,1
missing_time_varying_transmission,15,aicc,tv_sir,tv_sir,1
missing_time_varying_transmission,15,bic,tv_sir,tv_sir,1
missing_time_varying_transmission,15,blocked_validation,tv_sir,tv_sir,1
missing_time_varying_transmission,15,waic_laplace,tv_sir,tv_sir,1
missing_time_varying_transmission,15,ogic_p,tv_sir,tv_sir,1
missing_time_varying_transmission,15,gic_eff,tv_sir,tv_sir,1
missing_time_varying_transmission,15,gic_vol_025,tv_sir,tv_sir,1
missing_time_varying_transmission,15,gic_vol_050,tv_sir,tv_sir,1
missing_time_varying_transmission,15,gic_vol_100,tv_sir,tv_sir,1
missing_time_varying_transmission,15,ogic_e,tv_sir,tv_sir,1
missing_time_varying_transmission,16,aic,tv_sir,tv_sir,1
missing_time_varying_transmission,16,aicc,tv_sir,tv_sir,1
missing_time_varying_transmission,16,bic,tv_sir,tv_sir,1
missing_time_varying_transmission,16,blocked_validation,seir,tv_sir,0
missing_time_varying_transmission,16,waic_laplace,tv_sir,tv_sir,1
missing_time_varying_transmission,16,ogic_p,ude_sir_h2,tv_sir,0
missing_time_varying_transmission,16,gic_eff,ude_sir_h2,tv_sir,0
missing_time_varying_transmission,16,gic_vol_025,tv_sir,tv_sir,1
missing_time_varying_transmission,16,gic_vol_050,tv_sir,tv_sir,1
missing_time_varying_transmission,16,gic_vol_100,tv_sir,tv_sir,1
missing_time_varying_transmission,16,ogic_e,tv_sir,tv_sir,1
missing_time_varying_transmission,17,aic,tv_sir,tv_sir,1
missing_time_varying_transmission,17,aicc,tv_sir,tv_sir,1
missing_time_varying_transmission,17,bic,tv_sir,tv_sir,1
missing_time_varying_transmission,17,blocked_validation,tv_sir,tv_sir,1
missing_time_varying_transmission,17,waic_laplace,tv_sir,tv_sir,1
missing_time_varying_transmission,17,ogic_p,tv_sir,tv_sir,1
missing_time_varying_transmission,17,gic_eff,tv_sir,tv_sir,1
missing_time_varying_transmission,17,gic_vol_025,tv_sir,tv_sir,1
missing_time_varying_transmission,17,gic_vol_050,tv_sir,tv_sir,1
missing_time_varying_transmission,17,gic_vol_100,tv_sir,tv_sir,1
missing_time_varying_transmission,17,ogic_e,tv_sir,tv_sir,1
missing_time_varying_transmission,18,aic,tv_sir,tv_sir,1
missing_time_varying_transmission,18,aicc,tv_sir,tv_sir,1
missing_time_varying_transmission,18,bic,tv_sir,tv_sir,1
missing_time_varying_transmission,18,blocked_validation,ude_sir_h2,tv_sir,0
missing_time_varying_transmission,18,waic_laplace,tv_sir,tv_sir,1
missing_time_varying_transmission,18,ogic_p,ude_sir_h2,tv_sir,0
missing_time_varying_transmission,18,gic_eff,ude_sir_h2,tv_sir,0
missing_time_varying_transmission,18,gic_vol_025,ude_sir_h2,tv_sir,0
missing_time_varying_transmission,18,gic_vol_050,tv_sir,tv_sir,1
missing_time_varying_transmission,18,gic_vol_100,tv_sir,tv_sir,1
missing_time_varying_transmission,18,ogic_e,tv_sir,tv_sir,1
missing_time_varying_transmission,19,aic,tv_sir,tv_sir,1
missing_time_varying_transmission,19,aicc,tv_sir,tv_sir,1
missing_time_varying_transmission,19,bic,tv_sir,tv_sir,1
missing_time_varying_transmission,19,blocked_validation,seir,tv_sir,0
missing_time_varying_transmission,19,waic_laplace,tv_sir,tv_sir,1
missing_time_varying_transmission,19,ogic_p,tv_sir,tv_sir,1
missing_time_varying_transmission,19,gic_eff,tv_sir,tv_sir,1
missing_time_varying_transmission,19,gic_vol_025,tv_sir,tv_sir,1
missing_time_varying_transmission,19,gic_vol_050,tv_sir,tv_sir,1
missing_time_varying_transmission,19,gic_vol_100,tv_sir,tv_sir,1
missing_time_varying_transmission,19,ogic_e,tv_sir,tv_sir,1
noisy_sir_overfit_risk,0,aic,sir,sir,1
noisy_sir_overfit_risk,0,aicc,sir,sir,1
noisy_sir_overfit_risk,0,bic,sir,sir,1
noisy_sir_overfit_risk,0,blocked_validation,sir,sir,1
noisy_sir_overfit_risk,0,waic_laplace,tv_sir,sir,0
noisy_sir_overfit_risk,0,ogic_p,seir,sir,0
noisy_sir_overfit_risk,0,gic_eff,seir,sir,0
noisy_sir_overfit_risk,0,gic_vol_025,seir,sir,0
noisy_sir_overfit_risk,0,gic_vol_050,seir,sir,0
noisy_sir_overfit_risk,0,gic_vol_100,seir,sir,0
noisy_sir_overfit_risk,0,ogic_e,seir,sir,0
noisy_sir_overfit_risk,1,aic,sir,sir,1
noisy_sir_overfit_risk,1,aicc,sir,sir,1
noisy_sir_overfit_risk,1,bic,sir,sir,1
noisy_sir_overfit_risk,1,blocked_validation,sir,sir,1
noisy_sir_overfit_risk,1,waic_laplace,sir,sir,1
noisy_sir_overfit_risk,1,ogic_p,sir,sir,1
noisy_sir_overfit_risk,1,gic_eff,sir,sir,1
noisy_sir_overfit_risk,1,gic_vol_025,sir,sir,1
noisy_sir_overfit_risk,1,gic_vol_050,sir,sir,1
noisy_sir_overfit_risk,1,gic_vol_100,sir,sir,1
noisy_sir_overfit_risk,1,ogic_e,sir,sir,1
noisy_sir_overfit_risk,2,aic,seir,sir,0
noisy_sir_overfit_risk,2,aicc,sir,sir,1
noisy_sir_overfit_risk,2,bic,sir,sir,1
noisy_sir_overfit_risk,2,blocked_validation,seir,sir,0
noisy_sir_overfit_risk,2,waic_laplace,tv_sir,sir,0
noisy_sir_overfit_risk,2,ogic_p,seir,sir,0
noisy_sir_overfit_risk,2,gic_eff,seir,sir,0
noisy_sir_overfit_risk,2,gic_vol_025,seir,sir,0
noisy_sir_overfit_risk,2,gic_vol_050,seir,sir,0
noisy_sir_overfit_risk,2,gic_vol_100,seir,sir,0
noisy_sir_overfit_risk,2,ogic_e,seir,sir,0
noisy_sir_overfit_risk,3,aic,sir,sir,1
noisy_sir_overfit_risk,3,aicc,sir,sir,1
noisy_sir_overfit_risk,3,bic,sir,sir,1
noisy_sir_overfit_risk,3,blocked_validation,tv_sir,sir,0
noisy_sir_overfit_risk,3,waic_laplace,sir,sir,1
noisy_sir_overfit_risk,3,ogic_p,sir,sir,1
noisy_sir_overfit_risk,3,gic_eff,sir,sir,1
noisy_sir_overfit_risk,3,gic_vol_025,sir,sir,1
noisy_sir_overfit_risk,3,gic_vol_050,sir,sir,1
noisy_sir_overfit_risk,3,gic_vol_100,sir,sir,1
noisy_sir_overfit_risk,3,ogic_e,sir,sir,1
noisy_sir_overfit_risk,4,aic,sir,sir,1
noisy_sir_overfit_risk,4,aicc,sir,sir,1
noisy_sir_overfit_risk,4,bic,sir,sir,1
noisy_sir_overfit_risk,4,blocked_validation,sir,sir,1
noisy_sir_overfit_risk,4,waic_laplace,sir,sir,1
noisy_sir_overfit_risk,4,ogic_p,sir,sir,1
noisy_sir_overfit_risk,4,gic_eff,sir,sir,1
noisy_sir_overfit_risk,4,gic_vol_025,sir,sir,1
noisy_sir_overfit_risk,4,gic_vol_050,sir,sir,1
noisy_sir_overfit_risk,4,gic_vol_100,sir,sir,1
noisy_sir_overfit_risk,4,ogic_e,sir,sir,1
noisy_sir_overfit_risk,5,aic,sir,sir,1
noisy_sir_overfit_risk,5,aicc,sir,sir,1
noisy_sir_overfit_risk,5,bic,sir,sir,1
noisy_sir_overfit_risk,5,blocked_validation,tv_sir,sir,0
noisy_sir_overfit_risk,5,waic_laplace,sir,sir,1
noisy_sir_overfit_risk,5,ogic_p,sir,sir,1
noisy_sir_overfit_risk,5,gic_eff,sir,sir,1
noisy_sir_overfit_risk,5,gic_vol_025,sir,sir,1
noisy_sir_overfit_risk,5,gic_vol_050,sir,sir,1
noisy_sir_overfit_risk,5,gic_vol_100,sir,sir,1
noisy_sir_overfit_risk,5,ogic_e,sir,sir,1
noisy_sir_overfit_risk,6,aic,sir,sir,1
noisy_sir_overfit_risk,6,aicc,sir,sir,1
noisy_sir_overfit_risk,6,bic,sir,sir,1
noisy_sir_overfit_risk,6,blocked_validation,tv_sir,sir,0
noisy_sir_overfit_risk,6,waic_laplace,sir,sir,1
noisy_sir_overfit_risk,6,ogic_p,seir,sir,0
noisy_sir_overfit_risk,6,gic_eff,seir,sir,0
noisy_sir_overfit_risk,6,gic_vol_025,seir,sir,0
noisy_sir_overfit_risk,6,gic_vol_050,seir,sir,0
noisy_sir_overfit_risk,6,gic_vol_100,seir,sir,0
noisy_sir_overfit_risk,6,ogic_e,seir,sir,0
noisy_sir_overfit_risk,7,aic,sir,sir,1
noisy_sir_overfit_risk,7,aicc,sir,sir,1
noisy_sir_overfit_risk,7,bic,sir,sir,1
noisy_sir_overfit_risk,7,blocked_validation,seir,sir,0
noisy_sir_overfit_risk,7,waic_laplace,tv_sir,sir,0
noisy_sir_overfit_risk,7,ogic_p,seir,sir,0
noisy_sir_overfit_risk,7,gic_eff,seir,sir,0
noisy_sir_overfit_risk,7,gic_vol_025,seir,sir,0
noisy_sir_overfit_risk,7,gic_vol_050,seir,sir,0
noisy_sir_overfit_risk,7,gic_vol_100,seir,sir,0
noisy_sir_overfit_risk,7,ogic_e,seir,sir,0
noisy_sir_overfit_risk,8,aic,sir,sir,1
noisy_sir_overfit_risk,8,aicc,sir,sir,1
noisy_sir_overfit_risk,8,bic,sir,sir,1
noisy_sir_overfit_risk,8,blocked_validation,seir,sir,0
noisy_sir_overfit_risk,8,waic_laplace,sir,sir,1
noisy_sir_overfit_risk,8,ogic_p,sir,sir,1
noisy_sir_overfit_risk,8,gic_eff,sir,sir,1
noisy_sir_overfit_risk,8,gic_vol_025,sir,sir,1
noisy_sir_overfit_risk,8,gic_vol_050,sir,sir,1
noisy_sir_overfit_risk,8,gic_vol_100,sir,sir,1
noisy_sir_overfit_risk,8,ogic_e,sir,sir,1
noisy_sir_overfit_risk,9,aic,seir,sir,0
noisy_sir_overfit_risk,9,aicc,seir,sir,0
noisy_sir_overfit_risk,9,bic,sir,sir,1
noisy_sir_overfit_risk,9,blocked_validation,tv_sir,sir,0
noisy_sir_overfit_risk,9,waic_laplace,seir,sir,0
noisy_sir_overfit_risk,9,ogic_p,seir,sir,0
noisy_sir_overfit_risk,9,gic_eff,sir,sir,1
noisy_sir_overfit_risk,9,gic_vol_025,sir,sir,1
noisy_sir_overfit_risk,9,gic_vol_050,sir,sir,1
noisy_sir_overfit_risk,9,gic_vol_100,sir,sir,1
noisy_sir_overfit_risk,9,ogic_e,ude_sir_h2,sir,0
noisy_sir_overfit_risk,10,aic,sir,sir,1
noisy_sir_overfit_risk,10,aicc,sir,sir,1
noisy_sir_overfit_risk,10,bic,sir,sir,1
noisy_sir_overfit_risk,10,blocked_validation,sir,sir,1
noisy_sir_overfit_risk,10,waic_laplace,sir,sir,1
noisy_sir_overfit_risk,10,ogic_p,sir,sir,1
noisy_sir_overfit_risk,10,gic_eff,sir,sir,1
noisy_sir_overfit_risk,10,gic_vol_025,sir,sir,1
noisy_sir_overfit_risk,10,gic_vol_050,sir,sir,1
noisy_sir_overfit_risk,10,gic_vol_100,sir,sir,1
noisy_sir_overfit_risk,10,ogic_e,sir,sir,1
noisy_sir_overfit_risk,11,aic,tv_sir,sir,0
noisy_sir_overfit_risk,11,aicc,tv_sir,sir,0
noisy_sir_overfit_risk,11,bic,sir,sir,1
noisy_sir_overfit_risk,11,blocked_validation,tv_sir,sir,0
noisy_sir_overfit_risk,11,waic_laplace,tv_sir,sir,0
noisy_sir_overfit_risk,11,ogic_p,tv_sir,sir,0
noisy_sir_overfit_risk,11,gic_eff,tv_sir,sir,0
noisy_sir_overfit_risk,11,gic_vol_025,ude_sir_h2,sir,0
noisy_sir_overfit_risk,11,gic_vol_050,ude_sir_h2,sir,0
noisy_sir_overfit_risk,11,gic_vol_100,ude_sir_h2,sir,0
noisy_sir_overfit_risk,11,ogic_e,ude_sir_h2,sir,0
noisy_sir_overfit_risk,12,aic,sir,sir,1
noisy_sir_overfit_risk,12,aicc,sir,sir,1
noisy_sir_overfit_risk,12,bic,sir,sir,1
noisy_sir_overfit_risk,12,blocked_validation,seir,sir,0
noisy_sir_overfit_risk,12,waic_laplace,sir,sir,1
noisy_sir_overfit_risk,12,ogic_p,sir,sir,1
noisy_sir_overfit_risk,12,gic_eff,sir,sir,1
noisy_sir_overfit_risk,12,gic_vol_025,sir,sir,1
noisy_sir_overfit_risk,12,gic_vol_050,sir,sir,1
noisy_sir_overfit_risk,12,gic_vol_100,sir,sir,1
noisy_sir_overfit_risk,12,ogic_e,sir,sir,1
noisy_sir_overfit_risk,13,aic,sir,sir,1
noisy_sir_overfit_risk,13,aicc,sir,sir,1
noisy_sir_overfit_risk,13,bic,sir,sir,1
noisy_sir_overfit_risk,13,blocked_validation,neural_ode_h2,sir,0
noisy_sir_overfit_risk,13,waic_laplace,sir,sir,1
noisy_sir_overfit_risk,13,ogic_p,seir,sir,0
noisy_sir_overfit_risk,13,gic_eff,sir,sir,1
noisy_sir_overfit_risk,13,gic_vol_025,sir,sir,1
noisy_sir_overfit_risk,13,gic_vol_050,sir,sir,1
noisy_sir_overfit_risk,13,gic_vol_100,sir,sir,1
noisy_sir_overfit_risk,13,ogic_e,sir,sir,1
noisy_sir_overfit_risk,14,aic,seir,sir,0
noisy_sir_overfit_risk,14,aicc,seir,sir,0
noisy_sir_overfit_risk,14,bic,sir,sir,1
noisy_sir_overfit_risk,14,blocked_validation,seir,sir,0
noisy_sir_overfit_risk,14,waic_laplace,tv_sir,sir,0
noisy_sir_overfit_risk,14,ogic_p,seir,sir,0
noisy_sir_overfit_risk,14,gic_eff,seir,sir,0
noisy_sir_overfit_risk,14,gic_vol_025,seir,sir,0
noisy_sir_overfit_risk,14,gic_vol_050,seir,sir,0
noisy_sir_overfit_risk,14,gic_vol_100,seir,sir,0
noisy_sir_overfit_risk,14,ogic_e,seir,sir,0
noisy_sir_overfit_risk,15,aic,sir,sir,1
noisy_sir_overfit_risk,15,aicc,sir,sir,1
noisy_sir_overfit_risk,15,bic,sir,sir,1
noisy_sir_overfit_risk,15,blocked_validation,ude_sir_h2,sir,0
noisy_sir_overfit_risk,15,waic_laplace,sir,sir,1
noisy_sir_overfit_risk,15,ogic_p,sir,sir,1
noisy_sir_overfit_risk,15,gic_eff,sir,sir,1
noisy_sir_overfit_risk,15,gic_vol_025,sir,sir,1
noisy_sir_overfit_risk,15,gic_vol_050,sir,sir,1
noisy_sir_overfit_risk,15,gic_vol_100,sir,sir,1
noisy_sir_overfit_risk,15,ogic_e,sir,sir,1
noisy_sir_overfit_risk,16,aic,seir,sir,0
noisy_sir_overfit_risk,16,aicc,seir,sir,0
noisy_sir_overfit_risk,16,bic,sir,sir,1
noisy_sir_overfit_risk,16,blocked_validation,ude_sir_h2,sir,0
noisy_sir_overfit_risk,16,waic_laplace,tv_sir,sir,0
noisy_sir_overfit_risk,16,ogic_p,seir,sir,0
noisy_sir_overfit_risk,16,gic_eff,seir,sir,0
noisy_sir_overfit_risk,16,gic_vol_025,seir,sir,0
noisy_sir_overfit_risk,16,gic_vol_050,seir,sir,0
noisy_sir_overfit_risk,16,gic_vol_100,seir,sir,0
noisy_sir_overfit_risk,16,ogic_e,seir,sir,0
noisy_sir_overfit_risk,17,aic,tv_sir,sir,0
noisy_sir_overfit_risk,17,aicc,sir,sir,1
noisy_sir_overfit_risk,17,bic,sir,sir,1
noisy_sir_overfit_risk,17,blocked_validation,tv_sir,sir,0
noisy_sir_overfit_risk,17,waic_laplace,tv_sir,sir,0
noisy_sir_overfit_risk,17,ogic_p,tv_sir,sir,0
noisy_sir_overfit_risk,17,gic_eff,tv_sir,sir,0
noisy_sir_overfit_risk,17,gic_vol_025,ude_sir_h2,sir,0
noisy_sir_overfit_risk,17,gic_vol_050,ude_sir_h2,sir,0
noisy_sir_overfit_risk,17,gic_vol_100,sir,sir,1
noisy_sir_overfit_risk,17,ogic_e,ude_sir_h2,sir,0
noisy_sir_overfit_risk,18,aic,sir,sir,1
noisy_sir_overfit_risk,18,aicc,sir,sir,1
noisy_sir_overfit_risk,18,bic,sir,sir,1
noisy_sir_overfit_risk,18,blocked_validation,ude_sir_h2,sir,0
noisy_sir_overfit_risk,18,waic_laplace,sir,sir,1
noisy_sir_overfit_risk,18,ogic_p,sir,sir,1
noisy_sir_overfit_risk,18,gic_eff,sir,sir,1
noisy_sir_overfit_risk,18,gic_vol_025,sir,sir,1
noisy_sir_overfit_risk,18,gic_vol_050,sir,sir,1
noisy_sir_overfit_risk,18,gic_vol_100,sir,sir,1
noisy_sir_overfit_risk,18,ogic_e,sir,sir,1
noisy_sir_overfit_risk,19,aic,sir,sir,1
noisy_sir_overfit_risk,19,aicc,sir,sir,1
noisy_sir_overfit_risk,19,bic,sir,sir,1
noisy_sir_overfit_risk,19,blocked_validation,tv_sir,sir,0
noisy_sir_overfit_risk,19,waic_laplace,sir,sir,1
noisy_sir_overfit_risk,19,ogic_p,sir,sir,1
noisy_sir_overfit_risk,19,gic_eff,sir,sir,1
noisy_sir_overfit_risk,19,gic_vol_025,sir,sir,1
noisy_sir_overfit_risk,19,gic_vol_050,sir,sir,1
noisy_sir_overfit_risk,19,gic_vol_100,sir,sir,1
noisy_sir_overfit_risk,19,ogic_e,sir,sir,1
regular_sir_full,0,aic,sir,sir,1
regular_sir_full,0,aicc,sir,sir,1
regular_sir_full,0,bic,sir,sir,1
regular_sir_full,0,blocked_validation,seir,sir,0
regular_sir_full,0,waic_laplace,sir,sir,1
regular_sir_full,0,ogic_p,sir,sir,1
regular_sir_full,0,gic_eff,sir,sir,1
regular_sir_full,0,gic_vol_025,sir,sir,1
regular_sir_full,0,gic_vol_050,sir,sir,1
regular_sir_full,0,gic_vol_100,sir,sir,1
regular_sir_full,0,ogic_e,sir,sir,1
regular_sir_full,1,aic,tv_sir,sir,0
regular_sir_full,1,aicc,sir,sir,1
regular_sir_full,1,bic,sir,sir,1
regular_sir_full,1,blocked_validation,seir,sir,0
regular_sir_full,1,waic_laplace,tv_sir,sir,0
regular_sir_full,1,ogic_p,ude_sir_h2,sir,0
regular_sir_full,1,gic_eff,sir,sir,1
regular_sir_full,1,gic_vol_025,sir,sir,1
regular_sir_full,1,gic_vol_050,sir,sir,1
regular_sir_full,1,gic_vol_100,sir,sir,1
regular_sir_full,1,ogic_e,sir,sir,1
regular_sir_full,2,aic,sir,sir,1
regular_sir_full,2,aicc,sir,sir,1
regular_sir_full,2,bic,sir,sir,1
regular_sir_full,2,blocked_validation,ude_sir_h2,sir,0
regular_sir_full,2,waic_laplace,sir,sir,1
regular_sir_full,2,ogic_p,sir,sir,1
regular_sir_full,2,gic_eff,sir,sir,1
regular_sir_full,2,gic_vol_025,sir,sir,1
regular_sir_full,2,gic_vol_050,sir,sir,1
regular_sir_full,2,gic_vol_100,sir,sir,1
regular_sir_full,2,ogic_e,sir,sir,1
regular_sir_full,3,aic,sir,sir,1
regular_sir_full,3,aicc,sir,sir,1
regular_sir_full,3,bic,sir,sir,1
regular_sir_full,3,blocked_validation,seir,sir,0
regular_sir_full,3,waic_laplace,sir,sir,1
regular_sir_full,3,ogic_p,sir,sir,1
regular_sir_full,3,gic_eff,sir,sir,1
regular_sir_full,3,gic_vol_025,sir,sir,1
regular_sir_full,3,gic_vol_050,sir,sir,1
regular_sir_full,3,gic_vol_100,sir,sir,1
regular_sir_full,3,ogic_e,sir,sir,1
regular_sir_full,4,aic,sir,sir,1
regular_sir_full,4,aicc,sir,sir,1
regular_sir_full,4,bic,sir,sir,1
regular_sir_full,4,blocked_validation,sir,sir,1
regular_sir_full,4,waic_laplace,sir,sir,1
regular_sir_full,4,ogic_p,sir,sir,1
regular_sir_full,4,gic_eff,sir,sir,1
regular_sir_full,4,gic_vol_025,sir,sir,1
regular_sir_full,4,gic_vol_050,sir,sir,1
regular_sir_full,4,gic_vol_100,sir,sir,1
regular_sir_full,4,ogic_e,sir,sir,1
regular_sir_full,5,aic,sir,sir,1
regular_sir_full,5,aicc,sir,sir,1
regular_sir_full,5,bic,sir,sir,1
regular_sir_full,5,blocked_validation,seir,sir,0
regular_sir_full,5,waic_laplace,sir,sir,1
regular_sir_full,5,ogic_p,sir,sir,1
regular_sir_full,5,gic_eff,sir,sir,1
regular_sir_full,5,gic_vol_025,sir,sir,1
regular_sir_full,5,gic_vol_050,sir,sir,1
regular_sir_full,5,gic_vol_100,sir,sir,1
regular_sir_full,5,ogic_e,sir,sir,1
regular_sir_full,6,aic,sir,sir,1
regular_sir_full,6,aicc,sir,sir,1
regular_sir_full,6,bic,sir,sir,1
regular_sir_full,6,blocked_validation,sir,sir,1
regular_sir_full,6,waic_laplace,tv_sir,sir,0
regular_sir_full,6,ogic_p,ude_sir_h2,sir,0
regular_sir_full,6,gic_eff,sir,sir,1
regular_sir_full,6,gic_vol_025,sir,sir,1
regular_sir_full,6,gic_vol_050,sir,sir,1
regular_sir_full,6,gic_vol_100,sir,sir,1
regular_sir_full,6,ogic_e,sir,sir,1
regular_sir_full,7,aic,sir,sir,1
regular_sir_full,7,aicc,sir,sir,1
regular_sir_full,7,bic,sir,sir,1
regular_sir_full,7,blocked_validation,sir,sir,1
regular_sir_full,7,waic_laplace,sir,sir,1
regular_sir_full,7,ogic_p,sir,sir,1
regular_sir_full,7,gic_eff,sir,sir,1
regular_sir_full,7,gic_vol_025,sir,sir,1
regular_sir_full,7,gic_vol_050,sir,sir,1
regular_sir_full,7,gic_vol_100,sir,sir,1
regular_sir_full,7,ogic_e,sir,sir,1
regular_sir_full,8,aic,sir,sir,1
regular_sir_full,8,aicc,sir,sir,1
regular_sir_full,8,bic,sir,sir,1
regular_sir_full,8,blocked_validation,ude_sir_h2,sir,0
regular_sir_full,8,waic_laplace,sir,sir,1
regular_sir_full,8,ogic_p,sir,sir,1
regular_sir_full,8,gic_eff,sir,sir,1
regular_sir_full,8,gic_vol_025,sir,sir,1
regular_sir_full,8,gic_vol_050,sir,sir,1
regular_sir_full,8,gic_vol_100,sir,sir,1
regular_sir_full,8,ogic_e,sir,sir,1
regular_sir_full,9,aic,tv_sir,sir,0
regular_sir_full,9,aicc,tv_sir,sir,0
regular_sir_full,9,bic,tv_sir,sir,0
regular_sir_full,9,blocked_validation,tv_sir,sir,0
regular_sir_full,9,waic_laplace,tv_sir,sir,0
regular_sir_full,9,ogic_p,tv_sir,sir,0
regular_sir_full,9,gic_eff,tv_sir,sir,0
regular_sir_full,9,gic_vol_025,sir,sir,1
regular_sir_full,9,gic_vol_050,sir,sir,1
regular_sir_full,9,gic_vol_100,sir,sir,1
regular_sir_full,9,ogic_e,sir,sir,1
regular_sir_full,10,aic,sir,sir,1
regular_sir_full,10,aicc,sir,sir,1
regular_sir_full,10,bic,sir,sir,1
regular_sir_full,10,blocked_validation,seir,sir,0
regular_sir_full,10,waic_laplace,sir,sir,1
regular_sir_full,10,ogic_p,sir,sir,1
regular_sir_full,10,gic_eff,sir,sir,1
regular_sir_full,10,gic_vol_025,sir,sir,1
regular_sir_full,10,gic_vol_050,sir,sir,1
regular_sir_full,10,gic_vol_100,sir,sir,1
regular_sir_full,10,ogic_e,sir,sir,1
regular_sir_full,11,aic,sir,sir,1
regular_sir_full,11,aicc,sir,sir,1
regular_sir_full,11,bic,sir,sir,1
regular_sir_full,11,blocked_validation,ude_sir_h2,sir,0
regular_sir_full,11,waic_laplace,sir,sir,1
regular_sir_full,11,ogic_p,sir,sir,1
regular_sir_full,11,gic_eff,sir,sir,1
regular_sir_full,11,gic_vol_025,sir,sir,1
regular_sir_full,11,gic_vol_050,sir,sir,1
regular_sir_full,11,gic_vol_100,sir,sir,1
regular_sir_full,11,ogic_e,sir,sir,1
regular_sir_full,12,aic,tv_sir,sir,0
regular_sir_full,12,aicc,tv_sir,sir,0
regular_sir_full,12,bic,sir,sir,1
regular_sir_full,12,blocked_validation,sir,sir,1
regular_sir_full,12,waic_laplace,sir,sir,1
regular_sir_full,12,ogic_p,tv_sir,sir,0
regular_sir_full,12,gic_eff,sir,sir,1
regular_sir_full,12,gic_vol_025,sir,sir,1
regular_sir_full,12,gic_vol_050,sir,sir,1
regular_sir_full,12,gic_vol_100,sir,sir,1
regular_sir_full,12,ogic_e,sir,sir,1
regular_sir_full,13,aic,sir,sir,1
regular_sir_full,13,aicc,sir,sir,1
regular_sir_full,13,bic,sir,sir,1
regular_sir_full,13,blocked_validation,ude_sir_h2,sir,0
regular_sir_full,13,waic_laplace,sir,sir,1
regular_sir_full,13,ogic_p,sir,sir,1
regular_sir_full,13,gic_eff,sir,sir,1
regular_sir_full,13,gic_vol_025,sir,sir,1
regular_sir_full,13,gic_vol_050,sir,sir,1
regular_sir_full,13,gic_vol_100,sir,sir,1
regular_sir_full,13,ogic_e,sir,sir,1
regular_sir_full,14,aic,sir,sir,1
regular_sir_full,14,aicc,sir,sir,1
regular_sir_full,14,bic,sir,sir,1
regular_sir_full,14,blocked_validation,sir,sir,1
regular_sir_full,14,waic_laplace,sir,sir,1
regular_sir_full,14,ogic_p,sir,sir,1
regular_sir_full,14,gic_eff,sir,sir,1
regular_sir_full,14,gic_vol_025,sir,sir,1
regular_sir_full,14,gic_vol_050,sir,sir,1
regular_sir_full,14,gic_vol_100,sir,sir,1
regular_sir_full,14,ogic_e,sir,sir,1
regular_sir_full,15,aic,sir,sir,1
regular_sir_full,15,aicc,sir,sir,1
regular_sir_full,15,bic,sir,sir,1
regular_sir_full,15,blocked_validation,sir,sir,1
regular_sir_full,15,waic_laplace,sir,sir,1
regular_sir_full,15,ogic_p,sir,sir,1
regular_sir_full,15,gic_eff,sir,sir,1
regular_sir_full,15,gic_vol_025,sir,sir,1
regular_sir_full,15,gic_vol_050,sir,sir,1
regular_sir_full,15,gic_vol_100,sir,sir,1
regular_sir_full,15,ogic_e,sir,sir,1
regular_sir_full,16,aic,tv_sir,sir,0
regular_sir_full,16,aicc,tv_sir,sir,0
regular_sir_full,16,bic,sir,sir,1
regular_sir_full,16,blocked_validation,seir,sir,0
regular_sir_full,16,waic_laplace,tv_sir,sir,0
regular_sir_full,16,ogic_p,tv_sir,sir,0
regular_sir_full,16,gic_eff,sir,sir,1
regular_sir_full,16,gic_vol_025,sir,sir,1
regular_sir_full,16,gic_vol_050,sir,sir,1
regular_sir_full,16,gic_vol_100,sir,sir,1
regular_sir_full,16,ogic_e,sir,sir,1
regular_sir_full,17,aic,sir,sir,1
regular_sir_full,17,aicc,sir,sir,1
regular_sir_full,17,bic,sir,sir,1
regular_sir_full,17,blocked_validation,ude_sir_h2,sir,0
regular_sir_full,17,waic_laplace,sir,sir,1
regular_sir_full,17,ogic_p,sir,sir,1
regular_sir_full,17,gic_eff,sir,sir,1
regular_sir_full,17,gic_vol_025,sir,sir,1
regular_sir_full,17,gic_vol_050,sir,sir,1
regular_sir_full,17,gic_vol_100,sir,sir,1
regular_sir_full,17,ogic_e,sir,sir,1
regular_sir_full,18,aic,sir,sir,1
regular_sir_full,18,aicc,sir,sir,1
regular_sir_full,18,bic,sir,sir,1
regular_sir_full,18,blocked_validation,seir,sir,0
regular_sir_full,18,waic_laplace,sir,sir,1
regular_sir_full,18,ogic_p,sir,sir,1
regular_sir_full,18,gic_eff,sir,sir,1
regular_sir_full,18,gic_vol_025,sir,sir,1
regular_sir_full,18,gic_vol_050,sir,sir,1
regular_sir_full,18,gic_vol_100,sir,sir,1
regular_sir_full,18,ogic_e,sir,sir,1
regular_sir_full,19,aic,sir,sir,1
regular_sir_full,19,aicc,sir,sir,1
regular_sir_full,19,bic,sir,sir,1
regular_sir_full,19,blocked_validation,seir,sir,0
regular_sir_full,19,waic_laplace,sir,sir,1
regular_sir_full,19,ogic_p,sir,sir,1
regular_sir_full,19,gic_eff,sir,sir,1
regular_sir_full,19,gic_vol_025,sir,sir,1
regular_sir_full,19,gic_vol_050,sir,sir,1
regular_sir_full,19,gic_vol_100,sir,sir,1
regular_sir_full,19,ogic_e,sir,sir,1
