seed,criterion,candidate,weight,selected
0,aic,minimal_fixed,0.8791210229873707,1
0,aic,minimal_gamma,0.12049506467627301,0
0,aic,ude_appearance,3.285180132734144e-05,0
0,aic,neural_ode,0.0003510605350289339,0
0,bic,minimal_fixed,0.8301478861751997,1
0,bic,minimal_gamma,0.16814928278709107,0
0,bic,ude_appearance,0.00012171170507102735,0
0,bic,neural_ode,0.0015811193326382674,0
0,gic_eff,minimal_fixed,0.36057040134451507,0
0,gic_eff,minimal_gamma,0.1628788662009264,0
0,gic_eff,ude_appearance,0.007616936492468056,0
0,gic_eff,neural_ode,0.46893379596209056,1
0,gic_vol,minimal_fixed,0.401252809381867,0
0,gic_vol,minimal_gamma,0.070607086958199,0
0,gic_vol,ude_appearance,0.0013608824295163007,0
0,gic_vol,neural_ode,0.5267792212304176,1
1,aic,minimal_fixed,0.8865544378895249,1
1,aic,minimal_gamma,0.11289451393976892,0
1,aic,ude_appearance,1.2314279663404801e-05,0
1,aic,neural_ode,0.0005387338910427817,0
1,bic,minimal_fixed,0.8395330001192431,1
1,bic,minimal_gamma,0.15798802184495273,0
1,bic,ude_appearance,4.575175252000024e-05,0
1,bic,neural_ode,0.002433226283284294,0
1,gic_eff,minimal_fixed,0.2753188674950553,0
1,gic_eff,minimal_gamma,0.14067092537003775,0
1,gic_eff,ude_appearance,0.002230080402561987,0
1,gic_eff,neural_ode,0.581780126732345,1
1,gic_vol,minimal_fixed,0.32874291306364495,0
1,gic_vol,minimal_gamma,0.07368332622898541,0
1,gic_vol,ude_appearance,0.00047840330809295563,0
1,gic_vol,neural_ode,0.5970953573992768,1
2,aic,minimal_fixed,0.9919936407223406,1
2,aic,minimal_gamma,0.0038920461961505937,0
2,aic,ude_appearance,7.925467191665888e-05,0
2,aic,neural_ode,0.004035058409592294,0
2,bic,minimal_fixed,0.9751224196738426,1
2,bic,minimal_gamma,0.005653887979063881,0
2,bic,ude_appearance,0.0003056620238073045,0
2,bic,neural_ode,0.018918030323286244,0
2,gic_eff,minimal_fixed,0.06970209301002021,0
2,gic_eff,minimal_gamma,0.0006998249794642458,0
2,gic_eff,ude_appearance,0.0030046321437117666,0
2,gic_eff,neural_ode,0.9265934498668038,1
2,gic_vol,minimal_fixed,0.07589191552532605,0
2,gic_vol,minimal_gamma,3.484535496842794e-05,0
2,gic_vol,ude_appearance,0.00044759691993111005,0
2,gic_vol,neural_ode,0.9236256421997744,1
3,aic,minimal_fixed,0.7412380352961513,1
3,aic,minimal_gamma,0.2544318532150372,0
3,aic,ude_appearance,0.0006133486314239857,0
3,aic,neural_ode,0.003716762857387452,0
3,bic,minimal_fixed,0.651710058261715,1
3,bic,minimal_gamma,0.33058806329401036,0
3,bic,ude_appearance,0.002115779896324279,0
3,bic,neural_ode,0.015586098547950393,0
3,gic_eff,minimal_fixed,0.03447613237657658,0
3,gic_eff,minimal_gamma,0.04167071477398198,0
3,gic_eff,ude_appearance,0.025545381106458244,0
3,gic_eff,neural_ode,0.8983077717429833,1
3,gic_vol,minimal_fixed,0.005119676042927234,0
3,gic_vol,minimal_gamma,0.002213236201324487,0
3,gic_vol,ude_appearance,0.0033630707329746086,0
3,gic_vol,neural_ode,0.9893040170227737,1
4,aic,minimal_fixed,0.12052687374131207,0
4,aic,minimal_gamma,0.7778440666580969,1
4,aic,ude_appearance,0.0019112307176319683,0
4,aic,neural_ode,0.09971782888295902,0
4,bic,minimal_fixed,0.06874915920642234,0
4,bic,minimal_gamma,0.6556846279543049,1
4,bic,ude_appearance,0.004277233644561105,0
4,bic,neural_ode,0.2712889791947116,0
4,gic_eff,minimal_fixed,0.00027222571430591755,0
4,gic_eff,minimal_gamma,0.00579096118700755,0
4,gic_eff,ude_appearance,0.002984241293904576,0
4,gic_eff,neural_ode,0.990952571804782,1
4,gic_vol,minimal_fixed,3.459212458921576e-05,0
4,gic_vol,minimal_gamma,0.00028760151727602845,0
4,gic_vol,ude_appearance,0.0003313913212253443,0
4,gic_vol,neural_ode,0.9993464150369094,1
5,aic,minimal_fixed,0.3601122042957913,0
5,aic,minimal_gamma,0.5793851225558978,1
5,aic,ude_appearance,0.006312385790599731,0
5,aic,neural_ode,0.054190287357711024,0
5,bic,minimal_fixed,0.2401448258485409,0
5,bic,minimal_gamma,0.5709810468142897,1
5,bic,ude_appearance,0.016515635350708557,0
5,bic,neural_ode,0.17235849198646072,0
5,gic_eff,minimal_fixed,0.001300876329513293,0
5,gic_eff,minimal_gamma,0.006624940595796091,0
5,gic_eff,ude_appearance,0.015969134819973238,0
5,gic_eff,neural_ode,0.9761050482547174,1
5,gic_vol,minimal_fixed,0.00014859251824821232,0
5,gic_vol,minimal_gamma,0.000191930442503727,0
5,gic_vol,ude_appearance,0.0011908092230022691,0
5,gic_vol,neural_ode,0.9984686678162459,1
6,aic,minimal_fixed,0.00013215625140093265,0
6,aic,minimal_gamma,0.9993176122615877,1
6,aic,ude_appearance,0.000208141362183689,0
6,aic,neural_ode,0.0003420901248275422,0
6,bic,minimal_fixed,8.933199569664402e-05,0
6,bic,minimal_gamma,0.9982557627602345,1
6,bic,ude_appearance,0.0005520063523748179,0
6,bic,neural_ode,0.001102898891693995,0
6,gic_eff,minimal_fixed,2.2328484895686978e-05,0
6,gic_eff,minimal_gamma,0.7041519304545119,1
6,gic_eff,ude_appearance,0.023350039163316027,0
6,gic_eff,neural_ode,0.27247570189727643,0
6,gic_vol,minimal_fixed,7.169193389525656e-06,0
6,gic_vol,minimal_gamma,0.43700486798242744,0
6,gic_vol,ude_appearance,0.004623358844836542,0
6,gic_vol,neural_ode,0.5583646039793464,1
7,aic,minimal_fixed,0.20442340397504122,0
7,aic,minimal_gamma,0.0679074305954522,0
7,aic,ude_appearance,3.9730908124825136e-05,0
7,aic,neural_ode,0.7276294345213816,1
7,bic,minimal_fixed,0.054146357282667514,0
7,bic,minimal_gamma,0.02658121858647964,0
7,bic,ude_appearance,4.12889157902089e-05,0
7,bic,neural_ode,0.9192311352150627,1
7,gic_eff,minimal_fixed,6.977502227398477e-05,0
7,gic_eff,minimal_gamma,7.482053855343667e-05,0
7,gic_eff,ude_appearance,9.574626731092471e-06,0
7,gic_eff,neural_ode,0.9998458298124416,1
7,gic_vol,minimal_fixed,1.6843676701268708e-05,0
7,gic_vol,minimal_gamma,4.814434971205143e-06,0
7,gic_vol,ude_appearance,1.5883571909475038e-06,0
7,gic_vol,neural_ode,0.9999767535311366,1
8,aic,minimal_fixed,0.7860042528623159,1
8,aic,minimal_gamma,0.2127730840692488,0
8,aic,ude_appearance,9.046768900822015e-06,0
8,aic,neural_ode,0.001213616299534419,0
8,bic,minimal_fixed,0.7105016697049384,1
8,bic,minimal_gamma,0.28423388750710143,0
8,bic,ude_appearance,3.208485356768859e-05,0
8,bic,neural_ode,0.005232357934392462,0
8,gic_eff,minimal_fixed,0.14339125832041405,0
8,gic_eff,minimal_gamma,0.15335307890875846,0
8,gic_eff,ude_appearance,0.000910668410092853,0
8,gic_eff,neural_ode,0.7023449943607346,1
8,gic_vol,minimal_fixed,0.1920230221994312,0
8,gic_vol,minimal_gamma,0.08972989928761763,0
8,gic_vol,ude_appearance,0.00022150380020615645,0
8,gic_vol,neural_ode,0.7180255747127451,1
9,aic,minimal_fixed,0.00406001567053273,0
9,aic,minimal_gamma,0.9076551792180938,1
9,aic,ude_appearance,1.709292584235487e-05,0
9,aic,neural_ode,0.08826771218553119,0
9,bic,minimal_fixed,0.002298383356835015,0
9,bic,minimal_gamma,0.7593370800820229,1
9,bic,ude_appearance,3.7964486049146194e-05,0
9,bic,neural_ode,0.23832657207509306,0
9,gic_eff,minimal_fixed,9.71598559985842e-06,0
9,gic_eff,minimal_gamma,0.005436761542312534,0
9,gic_eff,ude_appearance,2.64274727738986e-05,0
9,gic_eff,neural_ode,0.9945270949993137,1
9,gic_vol,minimal_fixed,1.1947686001868502e-06,0
9,gic_vol,minimal_gamma,0.00018612896162789914,0
9,gic_vol,ude_appearance,2.6630016172840334e-06,0
9,gic_vol,neural_ode,0.9998100132681547,1
10,aic,minimal_fixed,0.006722302821956073,0
10,aic,minimal_gamma,0.03166115859393024,0
10,aic,ude_appearance,7.199161668178545e-05,0
10,aic,neural_ode,0.9615445469674319,1
10,bic,minimal_fixed,0.001448799572169256,0
10,bic,minimal_gamma,0.010084073427111472,0
10,bic,ude_appearance,6.087493650466104e-05,0
10,bic,neural_ode,0.9884062520642145,1
10,gic_eff,minimal_fixed,1.4858741312331978e-06,0
10,gic_eff,minimal_gamma,2.1872439310396336e-05,0
10,gic_eff,ude_appearance,1.0649348916444512e-05,0
10,gic_eff,neural_ode,0.9999659923376418,1
10,gic_vol,minimal_fixed,1.8756269006789047e-07,0
10,gic_vol,minimal_gamma,7.976652624329372e-07,0
10,gic_vol,ude_appearance,1.0236357091093931e-06,0
10,gic_vol,neural_ode,0.9999979911363385,1
11,aic,minimal_fixed,0.5901222150908406,1
11,aic,minimal_gamma,0.34608516502163794,0
11,aic,ude_appearance,0.0068210979785981035,0
11,aic,neural_ode,0.05697152190892324,0
11,bic,minimal_fixed,0.4214976759803321,1
11,bic,minimal_gamma,0.36530461898603533,0
11,bic,ude_appearance,0.01911498081288909,0
11,bic,neural_ode,0.19408272422074352,0
11,gic_eff,minimal_fixed,0.00190828055692496,0
11,gic_eff,minimal_gamma,0.003644154230637497,0
11,gic_eff,ude_appearance,0.014794111999036798,0
11,gic_eff,neural_ode,0.9796534532134008,1
11,gic_vol,minimal_fixed,0.00018144007150809152,0
11,gic_vol,minimal_gamma,0.00011948742572010267,0
11,gic_vol,ude_appearance,0.001066841051120433,0
11,gic_vol,neural_ode,0.9986322314516514,1
12,aic,minimal_fixed,0.8409633016994164,1
12,aic,minimal_gamma,0.15819124738449752,0
12,aic,ude_appearance,0.00019394801091725196,0
12,aic,neural_ode,0.0006515029051688944,0
12,bic,minimal_fixed,0.7796743423793994,1
12,bic,minimal_gamma,0.21673927106620464,0
12,bic,ude_appearance,0.0007054851660238929,0
12,bic,neural_ode,0.002880901388371833,0
12,gic_eff,minimal_fixed,0.23377057147944036,0
12,gic_eff,minimal_gamma,0.15612588047936934,0
12,gic_eff,ude_appearance,0.03950196406148931,0
12,gic_eff,neural_ode,0.570601583979701,1
12,gic_vol,minimal_fixed,0.31324468795284277,0
12,gic_vol,minimal_gamma,0.0729887319032962,0
12,gic_vol,ude_appearance,0.039078405414561,0
12,gic_vol,neural_ode,0.5746881747292999,1
13,aic,minimal_fixed,0.567045832496022,1
13,aic,minimal_gamma,0.43157004123632975,0
13,aic,ude_appearance,0.001301339840407332,0
13,aic,neural_ode,8.278642724086792e-05,0
13,bic,minimal_fixed,0.468506904538053,0
13,bic,minimal_gamma,0.5269483892338513,1
13,bic,ude_appearance,0.004218469531420914,0
13,bic,neural_ode,0.0003262366966749293,0
13,gic_eff,minimal_fixed,0.19836468817650585,0
13,gic_eff,minimal_gamma,0.4510174151083796,1
13,gic_eff,ude_appearance,0.2716243489674219,0
13,gic_eff,neural_ode,0.07899354774769245,0
13,gic_vol,minimal_fixed,0.3324732460762887,1
13,gic_vol,minimal_gamma,0.24166403362479305,0
13,gic_vol,ude_appearance,0.315734028606334,0
13,gic_vol,neural_ode,0.11012869169258446,0
14,aic,minimal_fixed,0.016740255445225987,0
14,aic,minimal_gamma,0.968304147558985,1
14,aic,ude_appearance,7.838912677178876e-07,0
14,aic,neural_ode,0.014954813104521202,0
14,bic,minimal_fixed,0.011020274990172487,0
14,bic,minimal_gamma,0.9420221236685995,1
14,bic,ude_appearance,2.024662017578021e-06,0
14,bic,neural_ode,0.046955576679210326,0
14,gic_eff,minimal_fixed,0.0002413252323637837,0
14,gic_eff,minimal_gamma,0.07371909062703011,0
14,gic_eff,ude_appearance,8.959571601973612e-06,0
14,gic_eff,neural_ode,0.9260306245690041,1
14,gic_vol,minimal_fixed,9.063151237029485e-05,0
14,gic_vol,minimal_gamma,0.04664876186296098,0
14,gic_vol,ude_appearance,2.314945225755203e-06,0
14,gic_vol,neural_ode,0.9532582916794429,1
15,aic,minimal_fixed,0.9987021670537845,1
15,aic,minimal_gamma,0.0002632268885551707,0
15,aic,ude_appearance,7.360105355115169e-06,0
15,aic,neural_ode,0.001027245952305202,0
15,bic,minimal_fixed,0.9947039279246227,1
15,bic,minimal_gamma,0.0003874423144769536,0
15,bic,ude_appearance,2.8761281306747818e-05,0
15,bic,neural_ode,0.00487986847959364,0
15,gic_eff,minimal_fixed,0.23986714570929898,0
15,gic_eff,minimal_gamma,0.00015108013114762577,0
15,gic_eff,ude_appearance,0.0008539132659349971,0
15,gic_eff,neural_ode,0.7591278608936184,1
15,gic_vol,minimal_fixed,0.23760986875183082,0
15,gic_vol,minimal_gamma,6.654473600336337e-06,0
15,gic_vol,ude_appearance,0.00010127483847700028,0
15,gic_vol,neural_ode,0.7622822019360919,1
16,aic,minimal_fixed,0.5174053307117414,1
16,aic,minimal_gamma,0.4823606384255949,0
16,aic,ude_appearance,4.5588822512639115e-06,0
16,aic,neural_ode,0.00022947198041219975,0
16,bic,minimal_fixed,0.4201916227117786,0
16,bic,minimal_gamma,0.5789050147202245,1
16,bic,ude_appearance,1.4525838931354858e-05,0
16,bic,neural_ode,0.00088883672906559,0
16,gic_eff,minimal_fixed,0.21157809716949963,0
16,gic_eff,minimal_gamma,0.5216366315368661,1
16,gic_eff,ude_appearance,0.0012195630589047443,0
16,gic_eff,neural_ode,0.2655657082347294,0
16,gic_vol,minimal_fixed,0.4308524901705018,1
16,gic_vol,minimal_gamma,0.229493225052974,0
16,gic_vol,ude_appearance,0.0018469384661819127,0
16,gic_vol,neural_ode,0.33780734631034226,0
17,aic,minimal_fixed,0.842389053668626,1
17,aic,minimal_gamma,0.15723075042349538,0
17,aic,ude_appearance,6.997140080114802e-05,0
17,aic,neural_ode,0.00031022450707744677,0
17,bic,minimal_fixed,0.78252540995471,1
17,bic,minimal_gamma,0.2158450933467854,0
17,bic,ude_appearance,0.0002550190716690832,0
17,bic,neural_ode,0.0013744776268353883,0
17,gic_eff,minimal_fixed,0.3628221649916609,0
17,gic_eff,minimal_gamma,0.2179998973528351,0
17,gic_eff,ude_appearance,0.020903308564959967,0
17,gic_eff,neural_ode,0.398274629090544,1
17,gic_vol,minimal_fixed,0.4769772274493497,1
17,gic_vol,minimal_gamma,0.08738596463197243,0
17,gic_vol,ude_appearance,0.02112418538372458,0
17,gic_vol,neural_ode,0.4145126225349534,0
18,aic,minimal_fixed,0.4138483381383379,0
18,aic,minimal_gamma,0.062110379044019795,0
18,aic,ude_appearance,8.097807162072863e-05,0
18,aic,neural_ode,0.5239603047460216,1
18,bic,minimal_fixed,0.13771994430674478,0
18,bic,minimal_gamma,0.030544903819080146,0
18,bic,ude_appearance,0.00010572785258112317,0
18,bic,neural_ode,0.831629424021594,1
18,gic_eff,minimal_fixed,0.00013822064700993563,0
18,gic_eff,minimal_gamma,7.543258062205462e-05,0
18,gic_eff,ude_appearance,2.565747094289628e-05,0
18,gic_eff,neural_ode,0.999760689301425,1
18,gic_vol,minimal_fixed,1.5504382648049134e-05,0
18,gic_vol,minimal_gamma,2.9135333264975142e-06,0
18,gic_vol,ude_appearance,2.245186662272347e-06,0
18,gic_vol,neural_ode,0.9999793368973633,1
19,aic,minimal_fixed,0.9883199713121852,1
19,aic,minimal_gamma,0.005517063147324504,0
19,aic,ude_appearance,0.0041528838439995625,0
19,aic,neural_ode,0.0020100816964906403,0
19,bic,minimal_fixed,0.9667102600838949,1
19,bic,minimal_gamma,0.007974907802200023,0
19,bic,ude_appearance,0.01593730554213671,0
19,bic,neural_ode,0.009377526571768265,0
19,gic_eff,minimal_fixed,0.105369655712998,0
19,gic_eff,minimal_gamma,0.0013544378897223954,0
19,gic_eff,ude_appearance,0.2745392904783296,0
19,gic_eff,neural_ode,0.6187366159189499,1
19,gic_vol,minimal_fixed,0.1273281214423925,0
19,gic_vol,minimal_gamma,0.00010887051998171505,0
19,gic_vol,ude_appearance,0.2084226693403434,0
19,gic_vol,neural_ode,0.6641403386972823,1
20,aic,minimal_fixed,0.6735192197401969,1
20,aic,minimal_gamma,0.08903025493551003,0
20,aic,ude_appearance,0.0003848465161899682,0
20,aic,neural_ode,0.23706567880810306,0
20,bic,minimal_fixed,0.34766022231869037,0
20,bic,minimal_gamma,0.06791435596294912,0
20,bic,ude_appearance,0.0007793973553037421,0
20,bic,neural_ode,0.5836460243630568,1
20,gic_eff,minimal_fixed,0.0006162611712561045,0
20,gic_eff,minimal_gamma,0.00028279299423538594,0
20,gic_eff,ude_appearance,0.0002652784615160571,0
20,gic_eff,neural_ode,0.9988356673729925,1
20,gic_vol,minimal_fixed,9.068691364968357e-05,0
20,gic_vol,minimal_gamma,1.5282968003882357e-05,0
20,gic_vol,ude_appearance,3.164275036856821e-05,0
20,gic_vol,neural_ode,0.9998623873679777,1
21,aic,minimal_fixed,0.5461310228504495,1
21,aic,minimal_gamma,0.23071298537942533,0
21,aic,ude_appearance,0.0030486795924420324,0
21,aic,neural_ode,0.22010731217768323,0
21,bic,minimal_fixed,0.28023222715817,0
21,bic,minimal_gamma,0.1749493082128589,0
21,bic,ude_appearance,0.006137611189878098,0
21,bic,neural_ode,0.538680853439093,1
21,gic_eff,minimal_fixed,0.0005246098856789666,0
21,gic_eff,minimal_gamma,0.0007273877038539057,0
21,gic_eff,ude_appearance,0.001937121961389859,0
21,gic_eff,neural_ode,0.9968108804490774,1
21,gic_vol,minimal_fixed,7.22745157697318e-05,0
21,gic_vol,minimal_gamma,2.681840021647743e-05,0
21,gic_vol,ude_appearance,0.00019533529967886255,0
21,gic_vol,neural_ode,0.9997055717843348,1
22,aic,minimal_fixed,0.01062936001576533,0
22,aic,minimal_gamma,0.9739180004493233,1
22,aic,ude_appearance,3.6558976583516364e-05,0
22,aic,neural_ode,0.015416080558327876,0
22,bic,minimal_fixed,0.006976626755445468,0
22,bic,minimal_gamma,0.9446691319380348,1
22,bic,ude_appearance,9.41453252689553e-05,0
22,bic,neural_ode,0.04826009598125079,0
22,gic_eff,minimal_fixed,0.00013851278022171282,0
22,gic_eff,minimal_gamma,0.06638686989205618,0
22,gic_eff,ude_appearance,0.0003338000430487985,0
22,gic_eff,neural_ode,0.9331408172846734,1
22,gic_vol,minimal_fixed,2.6961219308353594e-05,0
22,gic_vol,minimal_gamma,0.03210961179600601,0
22,gic_vol,ude_appearance,5.179787536812361e-05,0
22,gic_vol,neural_ode,0.9678116291093175,1
23,aic,minimal_fixed,0.002208111563487551,0
23,aic,minimal_gamma,0.9907477583481246,1
23,aic,ude_appearance,1.2245629067871433e-05,0
23,aic,neural_ode,0.007031884459319962,0
23,bic,minimal_fixed,0.001472140020172734,0
23,bic,minimal_gamma,0.9761356292517279,1
23,bic,ude_appearance,3.203137377997725e-05,0
23,bic,neural_ode,0.02236019935431934,0
23,gic_eff,minimal_fixed,6.702669959126684e-05,0
23,gic_eff,minimal_gamma,0.14236436229493643,0
23,gic_eff,ude_appearance,0.00024117411211886669,0
23,gic_eff,neural_ode,0.8573274368933534,1
23,gic_vol,minimal_fixed,1.5260007392142233e-05,0
23,gic_vol,minimal_gamma,0.07730594890096334,0
23,gic_vol,ude_appearance,4.3208117552853394e-05,0
23,gic_vol,neural_ode,0.9226355829740915,1
24,aic,minimal_fixed,0.6060067485477986,1
24,aic,minimal_gamma,0.39389629588043584,0
24,aic,ude_appearance,2.9782236945704537e-08,0
24,aic,neural_ode,9.692578952877488e-05,0
24,bic,minimal_fixed,0.509860549245942,1
24,bic,minimal_gamma,0.4897504066010889,0
24,bic,ude_appearance,9.830998313933105e-08,0
24,bic,neural_ode,0.00038894584298595765,0
24,gic_eff,minimal_fixed,0.311785684202521,0
24,gic_eff,minimal_gamma,0.5429340360629686,1
24,gic_eff,ude_appearance,8.477331874234264e-06,0
24,gic_eff,neural_ode,0.14527180240263624,0
24,gic_vol,minimal_fixed,0.5377412075604058,1
24,gic_vol,minimal_gamma,0.21509248880664122,0
24,gic_vol,ude_appearance,2.906198169222411e-06,0
24,gic_vol,neural_ode,0.24716339743478383,0
25,aic,minimal_fixed,0.23275877114595905,0
25,aic,minimal_gamma,0.7664385211133052,1
25,aic,ude_appearance,0.00013429968141166927,0
25,aic,neural_ode,0.0006684080593239529,0
25,bic,minimal_fixed,0.1700054776243147,0
25,bic,minimal_gamma,0.827281176443962,1
25,bic,ude_appearance,0.00038485594496960303,0
25,bic,neural_ode,0.002328489986753658,0
25,gic_eff,minimal_fixed,0.03636069132171691,0
25,gic_eff,minimal_gamma,0.3834698376883107,0
25,gic_eff,ude_appearance,0.016507999563155344,0
25,gic_eff,neural_ode,0.5636614714268169,1
25,gic_vol,minimal_fixed,0.008298096372395838,0
25,gic_vol,minimal_gamma,0.023885924512022916,0
25,gic_vol,ude_appearance,0.002934276747609781,0
25,gic_vol,neural_ode,0.9648817023679714,1
26,aic,minimal_fixed,0.4775023624761785,1
26,aic,minimal_gamma,0.0958871766843497,0
26,aic,ude_appearance,0.00019230841446460622,0
26,aic,neural_ode,0.4264181524250072,0
26,bic,minimal_fixed,0.17993322544290277,0
26,bic,minimal_gamma,0.05339681232107812,0
26,bic,ude_appearance,0.0002843154666895274,0
26,bic,neural_ode,0.7663856467693296,1
26,gic_eff,minimal_fixed,0.0002587116532392819,0
26,gic_eff,minimal_gamma,0.00018554395378804841,0
26,gic_eff,ude_appearance,7.491024966307786e-05,0
26,gic_eff,neural_ode,0.9994808341433096,1
26,gic_vol,minimal_fixed,4.596515228478292e-05,0
26,gic_vol,minimal_gamma,1.0620029246622558e-05,0
26,gic_vol,ude_appearance,1.0478710838535735e-05,0
26,gic_vol,neural_ode,0.99993293610763,1
27,aic,minimal_fixed,0.020124628336655296,0
27,aic,minimal_gamma,0.8092306477058976,1
27,aic,ude_appearance,0.0001519995791501336,0
27,aic,neural_ode,0.17049272437829707,0
27,bic,minimal_fixed,0.009914675934677226,0
27,bic,minimal_gamma,0.5891717799592583,1
27,bic,ude_appearance,0.00029380514640226413,0
27,bic,neural_ode,0.4006197389596623,0
27,gic_eff,minimal_fixed,2.0281488659147066e-05,0
27,gic_eff,minimal_gamma,0.002822651110686693,0
27,gic_eff,ude_appearance,0.00011984581890542564,0
27,gic_eff,neural_ode,0.9970372215817487,1
27,gic_vol,minimal_fixed,1.6468452899584374e-06,0
27,gic_vol,minimal_gamma,0.00011084311585453561,0
27,gic_vol,ude_appearance,1.0642040471515103e-05,0
27,gic_vol,neural_ode,0.9998768679983839,1
28,aic,minimal_fixed,0.25412098379858294,0
28,aic,minimal_gamma,0.6816103965451367,1
28,aic,ude_appearance,0.00032917523317261275,0
28,aic,neural_ode,0.06393944442310776,0
28,bic,minimal_fixed,0.1621015609076819,0
28,bic,minimal_gamma,0.6425424639337867,1
28,bic,ude_appearance,0.0008238348864235258,0
28,bic,neural_ode,0.19453214027210788,0
28,gic_eff,minimal_fixed,0.0008633567194188351,0
28,gic_eff,minimal_gamma,0.007542801138715486,0
28,gic_eff,ude_appearance,0.0008327861658765811,0
28,gic_eff,neural_ode,0.9907610559759891,1
28,gic_vol,minimal_fixed,0.00013837280767683318,0
28,gic_vol,minimal_gamma,0.00040502547936970527,0
28,gic_vol,ude_appearance,0.00010744977546547073,0
28,gic_vol,neural_ode,0.999349151937488,1
29,aic,minimal_fixed,0.07246756400323406,0
29,aic,minimal_gamma,0.7462573062173092,1
29,aic,ude_appearance,0.008087240461034075,0
29,aic,neural_ode,0.17318788931842272,0
29,bic,minimal_fixed,0.03564475152479554,0
29,bic,minimal_gamma,0.5424497138885074,1
29,bic,ude_appearance,0.015606971718353917,0
29,bic,neural_ode,0.40629856286834304,0
29,gic_eff,minimal_fixed,9.916147129551957e-05,0
29,gic_eff,minimal_gamma,0.0031564707869365764,0
29,gic_eff,ude_appearance,0.00700128805234065,0
29,gic_eff,neural_ode,0.9897430796894273,1
29,gic_vol,minimal_fixed,1.2845539736099948e-05,0
29,gic_vol,minimal_gamma,0.00012043457848564657,0
29,gic_vol,ude_appearance,0.0006664421434114215,0
29,gic_vol,neural_ode,0.9992002777383668,1
