candidate,seed,train_deviance,blocked_standardized_mse,observable_dimension,observable_complexity,aic,bic,gic_eff,gic_vol
minimal_fixed,1,11.30236974988526,0.0939991149150934,1.3702827930931476,2.5582073899292412,17.30236974988526,16.13068348718756,13.507754827845464,14.786858522810084
minimal_gamma,1,11.424147056925758,0.2604280188794446,2.1290793714744924,5.854178777111511,21.424147056925758,19.47133661909626,14.850768115958171,17.77785750451393
ude_appearance,1,19.67104629593816,3.1415914939987584,2.1550959585096607,9.424946922619377,39.67104629593816,35.765425420279165,23.139539436497117,27.852012897806805
neural_ode,1,10.11412188971635,61.755482951907524,1.1788635257221882,3.163654753478548,32.11412188971635,27.81793892649145,12.011429541599371,13.593256918338646
minimal_fixed,0,11.333192378810676,2.296351033171317,1.4087177766592147,3.11242576409706,17.333192378810676,16.161506116112974,13.60043617648589,15.15664905853442
minimal_gamma,0,11.307819930288115,4.310153228010107,2.4120080202264704,6.883548569553438,21.307819930288115,19.355009492458617,15.189797083135712,18.631571367912432
ude_appearance,0,17.72253492164169,8.086595297870195,2.232162651952859,10.429007241932652,37.72253492164169,33.81691404598269,21.315062120414062,26.529565741380388
neural_ode,0,10.984630732218573,41.36278078751208,1.2987495091152275,3.0747638562914372,32.98463073221858,28.688447768993676,13.074887430943797,14.612269359089515
minimal_fixed,2,15.409131417477262,0.5543328804341909,1.4317045032205877,2.8667890015313513,21.409131417477262,20.237445154779564,17.713370924363105,19.14676542512878
minimal_gamma,2,22.490694743345884,20.454647450221074,2.749398935003727,15.20675000270365,32.490694743345884,30.537884305516386,26.91568162574682,34.51905662709865
ude_appearance,2,20.278742643546725,20.460726928285,2.3130924485196633,10.82317759104486,40.27874264354672,36.373121767887724,24.001521325159292,29.413110120681722
neural_ode,2,10.418523256176538,78.98834225565176,1.317403135711877,3.219940526749899,32.41852325617654,28.12234029295164,12.538801808750799,14.148772072125748
minimal_fixed,3,15.517456086044449,22.17260027662775,1.6691930501945942,10.377937574023495,21.517456086044447,20.34576982334675,18.203918664199144,23.39288745121089
minimal_gamma,3,13.65603363828849,21.450230894377228,2.5902349731073513,14.490604391262716,23.65603363828849,21.703223200458993,17.824856006120182,25.07015820175154
ude_appearance,3,15.711743253539943,44.26664686702688,1.9210414283674804,10.859641378781692,35.71174325353994,31.806122377880946,18.803540159711122,24.23336084910197
neural_ode,3,10.108393524272536,4.119102950878215,0.9786237710949621,2.363277381030164,32.108393524272536,27.81221056104764,11.683427723481998,12.86506641399708
minimal_fixed,6,32.98163633460207,258.6324064750148,1.7264939122493121,9.624386770799545,38.98163633460207,37.809950071904375,35.76032109256279,40.572514477962564
minimal_gamma,6,11.119950350562,0.8704674163156243,2.437247372661275,6.988305754700127,21.119950350562,19.1671399127325,15.042548674103458,18.536701551453522
ude_appearance,6,18.073171275662048,4.963643405101547,2.349993331766853,11.55801531115263,38.07317127566205,34.16755040000305,21.855339637774946,27.63434729335126
neural_ode,6,15.079457774680558,12.192549661163001,1.1569134079913304,2.21025564682288,37.079457774680556,32.78327481145566,16.941438074905143,18.046565898316583
minimal_fixed,5,27.804931783259313,25.778193545026447,1.6477489599206032,10.92410400623873,33.80493178325931,32.633245520561616,30.45688142952939,35.91893343264876
minimal_gamma,5,22.85382829088083,22.67263863571367,2.7012204501470505,16.4116160988826,32.85382829088083,30.901017853051332,27.2012748931898,35.4070829426311
ude_appearance,5,21.892735702516006,11.781708146059819,2.2050595445263963,12.629860233702356,41.892735702516006,37.98711482685701,25.44164213265146,31.75657224950264
neural_ode,5,15.592759721544848,19.297907838315105,1.00846236152739,2.1551512290407704,37.59275972154485,33.29657675831995,17.215817279449855,18.29339289397024
minimal_fixed,4,26.742739033300033,28.97849349064018,1.6271807841862336,10.84117913884024,32.74273903330003,31.571052770602336,29.361585477753607,34.78217504717372
minimal_gamma,4,19.013432375371963,54.469103744004016,2.6303028207711043,14.599067748331375,29.013432375371963,27.060621937542464,23.246741456303333,30.546275330469022
ude_appearance,4,21.03098974796722,19.69901079631039,2.2005553426721853,11.380360711375063,41.03098974796722,37.12536887230822,24.57264694487325,30.26282730056078
neural_ode,4,11.121795554059833,18.90004440059272,1.1433862166162785,2.5554178702982675,33.12179555405983,28.825612590834936,12.96200467963666,14.239713614785794
minimal_fixed,7,31.124156878739974,3097.9992087174464,1.690850537255789,9.06130448599747,37.124156878739974,35.95247061604228,33.84547583765901,38.37612808065774
minimal_gamma,7,29.32825265805714,66.16944105004475,2.7199499212207168,14.349996301608595,39.32825265805714,37.37544222022764,33.7058431811919,40.8808413319962
ude_appearance,7,34.215795288019805,14.948259340764315,2.2380482141558016,10.561766484055402,54.215795288019805,50.31017441236081,37.81779493373759,43.098678175765286
neural_ode,7,12.584959783825969,154.3848920716902,1.317450945429819,3.375577615719321,34.584959783825965,30.288776820601072,14.705315283172869,16.39310409103253
minimal_fixed,8,12.681420476318456,1.2547067832869347,1.403597845847205,2.8248000323779485,18.681420476318458,17.509734213620757,14.940424063235781,16.352824079424757
minimal_gamma,8,11.294892353018914,1.808066619601794,2.181631039914905,6.136708972497512,21.294892353018916,19.342081915189418,14.806092059600994,17.87444654584975
ude_appearance,8,21.42604010778678,7.886146340200702,2.2571176712087504,9.647909657880769,41.426040107786775,37.52041923212778,25.058730860655107,29.88268568959549
neural_ode,8,9.62813572329541,158.88262864170375,1.3262970875218234,3.904631417990512,31.628135723295408,27.331952760070514,11.76272853910396,13.715044248099217
minimal_fixed,9,33.615279295971895,22.93237671194235,1.6526939893353583,10.574737312130596,39.615279295971895,38.4435930332742,36.275187660060176,41.56255631612547
minimal_gamma,9,18.7959238668498,92.46052095569821,2.997898271360637,15.68945363174931,28.7959238668498,26.843113429020303,23.62085500239826,31.465581818272916
ude_appearance,9,30.555834151654125,1.8924678799897028,2.310179429019052,11.371258063660003,50.555834151654125,46.65021327599513,34.27392450924275,39.95955354107275
neural_ode,9,11.45690420200486,1.4428636277207136,1.0847161354480186,2.1702655767597747,33.456904202004864,29.160721238779963,13.202687474623904,14.287820263003791
minimal_fixed,10,36.456078904927345,95.99457579468259,1.6644405912046338,10.340368380533253,42.456078904927345,41.28439264222965,39.13489269540631,44.30507688567293
minimal_gamma,10,29.356759162942403,12.632672597328796,2.733678166241689,15.306961274158573,39.3567591629424,37.403948725112905,33.756444444085105,41.40992508116439
ude_appearance,10,31.529351663711566,5.344360500205066,2.278155604063152,11.430339033020454,51.529351663711566,47.62373078805257,35.19590166331501,40.91107117982524
neural_ode,10,10.529858670960927,3.3943240512009787,1.0973318017572753,2.061658854796331,32.52985867096093,28.23367570773603,12.295946075228706,13.326775502626871
minimal_fixed,11,26.47856390495076,407.01803195038065,1.6176328918091927,11.530487928170341,32.47856390495076,31.306877642253063,29.082043609428887,34.84728757351406
minimal_gamma,11,23.545853451389284,16.65811383209309,2.6359182472542266,15.789031813505996,33.545853451389284,31.593043013559786,27.78820021259708,35.682716119350076
ude_appearance,11,21.399182318637855,648.2285130587958,2.228609096954167,12.636467134368258,41.399182318637855,37.49356144297886,24.985990291271413,31.304223858455543
neural_ode,11,15.154120169586719,88.66820994741833,0.8984073619851307,2.0416073154245646,37.15412016958672,32.857937206361825,16.600051038775494,17.620854696487775
minimal_fixed,12,11.15638622378853,2.483666471548128,1.4169914388110807,2.93709335873466,17.15638622378853,15.984699961090831,13.436945967005627,14.905492646372958
minimal_gamma,12,10.497872813749314,3.4349787863304675,2.3277867692470093,7.149101364411552,20.497872813749314,18.545062375919816,14.24430109223794,17.818851774443715
ude_appearance,12,13.905812550412143,1.8424174561337687,1.9181311354114927,4.150792701401252,33.90581255041214,30.000191674753147,16.992925520763666,19.068321871464292
neural_ode,12,9.482429115274586,238.29285585317393,1.3481817140558479,4.079125722901139,31.482429115274584,27.18624615204969,11.652243878726457,13.691806740177027
minimal_fixed,13,12.94394993340368,10.858333155930964,1.345283760073059,3.7059780651344156,18.94394993340368,17.772263670705982,15.10910061984716,16.962089652414367
minimal_gamma,13,9.48997056555164,13.984816960358696,2.4706343185134956,8.26761678636709,19.48997056555164,17.537160127722142,13.466303105528047,17.60011149871159
ude_appearance,13,11.098041440611654,2.933459752357045,2.1016240897685785,5.1698663136151675,31.098041440611652,27.192420564952656,14.480474928370011,17.065408085177594
neural_ode,13,14.607812507456902,357.3884112993457,1.4556449405376164,4.44265313117879,36.6078125074569,32.311629544232005,16.950582661801022,19.171909227390415
minimal_fixed,14,26.504769093540887,3.9709284666560043,1.767215264275047,8.356416433209365,32.50476909354089,31.33308283084319,29.348992339297396,33.52720055590208
minimal_gamma,14,14.389309262675175,0.7698072819226611,2.18457634696115,6.269503820819088,24.389309262675177,22.43649882484568,17.90524925808124,21.040001168490786
ude_appearance,14,32.442882215308465,6.6347109118066925,2.1702958163696584,9.85238772327572,52.442882215308465,48.53726133964947,35.93583858337091,40.86203244500877
neural_ode,14,10.730335352946259,226.87158787544178,1.313267738558302,4.323127811577186,32.730335352946256,28.434152389721362,12.843958240558585,15.005522146347179
minimal_fixed,15,12.53961564306288,0.265424244918901,1.3028281538144104,2.831382821778982,18.53961564306288,17.367929380365183,14.636436667198318,16.052128078087808
minimal_gamma,15,25.022006698475487,19.3280871133722,2.7055968933478898,15.283646529036346,35.02200669847549,33.06919626064599,29.376496914393503,37.01832017891168
ude_appearance,15,22.17589091288582,6.49011963622857,2.3216599108763165,11.321528995984432,42.17589091288582,38.27027003722682,25.912458393228537,31.57322289122075
neural_ode,15,10.298766072400454,47.94203537630399,1.263484943640581,2.776976034814096,32.298766072400454,28.002583109175557,12.332266642485267,13.720754659892314
minimal_fixed,17,11.979172054577603,3.2886573837223008,1.387571430480678,3.4039874159773627,17.979172054577603,16.807485791879905,14.212382121003625,15.914375828992306
minimal_gamma,17,11.33622703911459,5.161597433966712,2.420094300733044,8.154850807309856,21.33622703911459,19.38341660128509,15.231218558380043,19.30864396203497
ude_appearance,17,16.770993348406723,0.44462595753577183,1.9568319271789225,4.456166528523989,36.77099334840672,32.86537247274772,19.920392840269965,22.14847610453196
neural_ode,17,11.792574042091665,299.8656481438821,1.3876584505419847,4.338364622194105,33.792574042091665,29.49639107886677,14.025924161903495,16.195106473000546
minimal_fixed,16,21.774087866392808,1.7186103262613548,1.368856365429929,3.7105803480279005,27.774087866392808,26.602401603695107,23.977177197592482,25.832467371606434
minimal_gamma,16,17.914356917996006,5.857227940954909,2.645685267030673,9.839657651925132,27.914356917996006,25.961546480166508,22.172423091123505,27.09225191708607
ude_appearance,16,31.053096623236023,9.000568628256076,2.01081609002294,4.895119781208837,51.05309662323602,47.147475747577026,34.28938027345144,36.73694016405586
neural_ode,16,21.215689704841385,455.3644503102977,1.4333894123467035,5.592812925252362,43.21568970484138,38.91950674161649,23.522640968353805,26.319047430979985
minimal_fixed,18,26.472284412885593,25.908125164222515,1.6703266765905194,10.62893229790316,32.47228441288559,31.300598150187895,29.160571492340427,34.475037641292005
minimal_gamma,18,26.265457341628625,6.809902580904157,2.5514113638513125,14.893508997984489,36.265457341628625,34.31264690379913,30.371795520826122,37.81855001981837
ude_appearance,18,29.550437323691035,3.4792462048899044,1.8504393098364864,11.622202563101261,49.550437323691035,45.64481644803204,32.52860450360027,38.3397057851509
neural_ode,18,10.000451706005096,67.61609499180722,0.861965495966085,1.8771433369277453,32.000451706005094,27.7042687427802,11.387731654422975,12.326303322886847
minimal_fixed,19,14.225310631314214,1.190892039364418,1.3736055794689452,3.2789979185380234,20.225310631314215,19.053624368616514,16.436043527642546,18.07554248691156
minimal_gamma,19,20.601632276799464,21.85750526283023,2.822468365312252,14.120098756464245,30.601632276799464,28.648821838969965,25.1442198705789,32.20426924881102
ude_appearance,19,11.169717646998778,3.8428228615952023,2.0821471150327686,5.138273891555862,31.169717646998777,27.26409677133978,14.520804153197801,17.089941098975732
neural_ode,19,10.620972904625258,165.70503332655045,1.4133261284663867,3.752913486661094,32.62097290462526,28.32478994140036,12.895633558412769,14.772090301743315
minimal_fixed,20,23.28267149938528,166.8750099292674,1.6275893425946366,10.259310946579228,29.28267149938528,28.110985236687583,25.902175493230782,31.031830966520396
minimal_gamma,20,23.329752054361315,27.910252345533145,2.5663213170450137,14.266184414207242,33.329752054361315,31.376941616531816,27.46008687750137,34.59317908460499
ude_appearance,20,24.217525931335533,13.917241449462097,2.0941666012233937,11.09936382021601,44.21752593133553,40.31190505567653,27.58795705429773,33.13763896440573
neural_ode,20,9.371030107450776,11.737644485502035,1.0872093817933464,2.5901702391040367,31.37103010745078,27.074847144225878,11.120826105263028,12.415911224815046
minimal_fixed,21,24.00616550413276,10.04450044347407,1.631805850530935,10.34123942425828,30.00616550413276,28.834479241435062,26.63245570570902,31.80307541783816
minimal_gamma,21,21.729534434309528,12.225695808981458,2.640245892799288,15.613991734520692,31.729534434309528,29.77672399648003,25.978846272329122,33.78584213958947
ude_appearance,21,20.382466182485246,2.8892825676654974,2.2600325660913323,11.589470362602126,40.382466182485246,36.47684530682625,24.01984827768836,29.814583458989425
neural_ode,21,9.823652915126145,0.472066921554723,1.062159599735188,2.4009071542971157,31.823652915126146,27.527469951901246,11.533132843995785,12.733586421144343
minimal_fixed,22,28.7796695584448,14.477171119426563,1.734879733044577,9.514550240340737,34.7796695584448,33.607983295747104,31.571850774320296,36.329125894490666
minimal_gamma,22,15.744255305274802,3.5625349459106235,2.1641167330360895,5.873673401861064,25.7442553052748,23.791444867445303,19.22726682235611,22.16410352328664
ude_appearance,22,26.124566579731436,11.472911524485117,2.2915609731737816,10.421069928668043,46.124566579731436,42.21894570407244,29.812691688611704,35.02322665294572
neural_ode,22,12.036087215112133,54.968471354962105,1.1836840322674216,2.822372492200546,34.03608721511213,29.739904251887236,13.94115317298619,15.352339419086464
minimal_fixed,23,27.70807211611453,112.39915394401604,1.6517727356253342,9.689667005531534,33.70807211611453,32.53638585341683,30.36649777955493,35.2113312823207
minimal_gamma,23,11.495427485300517,1.2812655046434906,2.205094328814795,6.212720047622557,21.495427485300517,19.54261704747102,15.044389898588474,18.15074992239975
ude_appearance,23,24.097519857174035,1.656229135656121,2.3039855823825164,10.64820786373836,44.097519857174035,40.19189898151504,27.805641603162016,33.1297455350312
neural_ode,23,9.391437965178538,76.03293123972665,1.2812494879099163,3.4765872030593363,31.39143796517854,27.09525500195364,11.453529466307533,13.1918230678372
minimal_fixed,24,18.39525496198321,0.664662299581508,1.3684879974091333,3.5827218638965594,24.39525496198321,23.223568699285508,20.597751427724486,22.389112359672765
minimal_gamma,24,15.256861873978348,2.9502020225238996,2.629207340887495,9.466646229117265,25.256861873978348,23.30405143614885,19.48840784805273,24.221730962611364
ude_appearance,24,38.05223404208107,21.58724217857351,2.218705347201081,10.045167393074244,58.05223404208107,54.14661316642207,41.623102544386754,46.64568624092388
neural_ode,24,19.87665650580908,171.1374558881137,1.3970803190057912,3.6371947298848193,41.87665650580908,37.58047354258419,22.12517053793253,23.94376790287494
minimal_fixed,25,22.079932668072374,31.0695883770735,1.6717077170007573,10.24847116416842,28.079932668072374,26.908246405374676,24.770442446322047,29.894678028406258
minimal_gamma,25,15.69642889302885,37.354826719913085,2.710553882884773,15.44250903664068,25.696428893028852,23.743618455199353,20.058897075839063,27.780151594159403
ude_appearance,25,22.995300963981258,113.14289623232517,2.084223224968185,11.248158921021313,42.99530096398126,39.08968008832226,26.34972884022072,31.973808300731378
neural_ode,25,17.785650718036912,10.649432028008384,0.9337797965262002,2.1884159286264877,39.78565071803691,35.48946775481201,19.28851132443118,20.382719288744426
minimal_fixed,26,27.44751637664408,235.5758102752514,1.632578005603991,9.878713999694291,33.44751637664408,32.275830113946384,30.075049313869194,35.014406313716336
minimal_gamma,26,26.65831007673532,387.70515447502646,2.5360306660250225,14.409591794531824,36.65831007673532,34.70549963890582,30.73989397773149,37.9446898749974
ude_appearance,26,29.081964332406315,5.104503985289904,2.1572325158747385,10.835171931185421,49.081964332406315,45.17634345674732,32.553896129390715,37.97148209498343
neural_ode,26,11.67381370505194,25.888658720391543,1.169775700444473,2.9655827288369085,33.67381370505194,29.37763074182704,13.55649506639143,15.039286430809884
minimal_fixed,27,31.832453428905936,11.569890711691446,1.6801965508606278,11.888534192552699,37.832453428905936,36.66076716620824,34.53662545820204,40.48089255447839
minimal_gamma,27,20.44417418237279,70.25110850171372,2.6226577247172083,14.794409923014765,30.44417418237279,28.491363744543293,24.66517895587082,32.062383917378206
ude_appearance,27,27.604097193464085,2.1305662033427883,2.099822088714469,11.530721256805348,47.604097193464085,43.69847631780509,30.98363047240771,36.748991100810386
neural_ode,27,11.55895689259639,32.46694144895371,0.8524708868676599,1.8337697704242555,33.55895689259639,29.26277392937149,12.930955857167522,13.847840742379649
minimal_fixed,28,22.692288458284434,17.480124072126973,1.6794089634822307,10.290546482580492,28.692288458284434,27.520602195586733,25.395192914594393,30.540466155884637
minimal_gamma,28,16.718992936761666,300.7904388795713,2.697313180105409,14.664636532324211,26.718992936761666,24.766182498932167,21.0601510305315,28.392469296693605
ude_appearance,28,21.990239486624475,10.820546178994764,2.160416066701043,11.15805434629951,41.990239486624475,38.08461861096548,25.467295011004893,31.046322184154647
neural_ode,28,9.452036484735569,15.64710805368001,1.1509328708781283,2.9325175463739455,31.45203648473557,27.15585352151067,11.304391481793449,12.77065025498042
minimal_fixed,29,28.933408860961876,118.50308963240569,1.620040501360706,10.82497925268251,34.933408860961876,33.76172259826418,31.540763463530546,36.9532530898718
minimal_gamma,29,20.269546087875497,13.64646874112981,2.702991364621035,15.71438028747442,30.269546087875497,28.316735650046,24.619842867078574,32.47703301081579
ude_appearance,29,19.319111862463757,5.041768137906575,2.3035693545833316,12.057552026728283,39.31911186246376,35.41349098680476,23.02656371565152,29.05533972901566
neural_ode,29,11.190932857185569,5.787833007206785,1.2009959096752074,2.6119282982896146,33.19093285718557,28.89474989396067,13.123861206895128,14.429825356039936
