status,candidate,candidate_label,truth,seed,dimension,deviance,intervention_validation,held_out_mse,jacobian_rank,wall_seconds,aic,aicc,bic,waic_laplace,p_waic,ogic_p,ogic_e,gic_eff,gic_vol_025,gic_vol_050,gic_vol_100,d_obs,c_obs,prior_energy
ok,neural_ode_h2,NeuralODE(2),ude_sir_h2,0,14,-574.4460427109751,-207.56221117052874,3.275896571276288e-05,14,31.944259700001567,-546.4460427109751,-542.0710427109751,-508.51261989260246,67892.87570629113,34168.08083410218,-559.6377538126836,-410.5132567995311,-539.5760008128442,-529.1577072142862,-518.7394136157282,-497.90282641861216,7.404144449145732,41.673174394232014,122.259611517212
ok,neural_ode_h2,NeuralODE(2),ude_sir_h2,1,14,-522.9502360664669,-183.00012864141243,0.00020920539534446277,14,63.38755939999828,-494.9502360664669,-490.5752360664669,-457.01681324809425,93060.80285317107,46756.71041828072,-507.6513921447428,-399.0081904665292,-486.9250523192051,-475.6917309811141,-464.4584096430232,-441.9917669668412,7.6494219608620835,44.93328535236392,79.0087602475738
ok,neural_ode_h2,NeuralODE(2),ude_sir_h2,2,14,-586.9645308915207,-217.52598692603812,3.768022371422664e-05,14,32.238089699996635,-558.9645308915207,-554.5895308915207,-521.031108073148,24645.747731750384,12577.568749755697,-572.4358369853562,-389.95167136055613,-552.7528695231688,-542.7475744866651,-532.7422794501614,-512.731689377154,7.264346953082201,40.02118014601477,156.99167938494972
ok,neural_ode_h2,NeuralODE(2),ude_sir_h2,3,14,-536.5037668811168,-192.18610316874287,7.609486224664859e-05,14,64.83123830000113,-508.5037668811168,-504.1287668811168,-470.57034406274414,47448.32238657036,23947.468168956162,-521.3454675148189,-412.75591415870196,-500.80953254805996,-489.71431997694657,-478.6191074058332,-456.42868226360645,7.579149683148961,44.38085028445354,79.36700243796133
ok,neural_ode_h2,NeuralODE(2),ude_sir_h2,4,14,-576.1371352877272,-190.60144979175624,4.1314459903176954e-05,14,40.67305299999134,-548.1371352877272,-543.7621352877272,-510.20371246935457,54072.82068194441,27276.47127709193,-561.3925683525304,-394.02719936241135,-541.4171436444368,-531.2836867075201,-521.1502297706035,-500.88331589677006,7.372283467598431,40.53382774766676,141.57610817764913
ok,neural_ode_h2,NeuralODE(2),ude_sir_h2,5,14,-467.2113391324808,-194.64084447162412,0.00017001216896341358,14,63.404231200009235,-439.2113391324808,-434.8363391324808,-401.27791631410815,37819.77755393533,19114.218987221982,-451.9813178048731,-344.5226148601023,-431.34821642798096,-420.32432649531637,-409.3004365626518,-387.25265669732255,7.615010663803876,44.09555973065838,78.5931645417202
ok,neural_ode_h2,NeuralODE(2),ude_sir_h2,6,14,-546.4319055539977,-192.8043884153171,6.625151946809973e-05,14,37.36619950000022,-518.4319055539977,-514.0569055539977,-480.49848273562503,139389.78470852293,69914.55070063227,-531.1756481491657,-383.66633470906015,-510.507003050472,-500.10824531831344,-489.70948758615486,-468.9119721218377,7.62812870241602,41.5950309286343,121.17053991630328
ok,neural_ode_h2,NeuralODE(2),ude_sir_h2,7,14,-492.72027210529234,-175.46539990288093,0.00012929602785031322,14,81.0823939999973,-464.72027210529234,-460.34527210529234,-426.7868492869197,220534.48832505013,110488.55796246073,-477.3742744069625,-367.4637865922105,-456.58405229051544,-445.5116750178637,-434.4392977452119,-412.29454319990833,7.672998849164907,44.2895090906071,80.96697642247473
ok,neural_ode_h2,NeuralODE(2),ude_sir_h2,8,14,-484.53120280516873,-188.88958375174792,0.00019002828787421667,14,81.5253997999971,-456.53120280516873,-452.15620280516873,-418.59777998679607,119869.44974344733,60158.73652965817,-469.35176581286095,-362.47993006920257,-448.78719432807316,-437.4464680918735,-426.1057418556738,-403.4242893832744,7.589718496153896,45.36290494479873,76.68836779116744
ok,neural_ode_h2,NeuralODE(2),ude_sir_h2,9,14,-444.5995606235622,-186.60166099205458,0.00012707357101024525,14,37.94911049999064,-416.5995606235622,-412.2245606235622,-378.6661378051895,265864.8228773117,133113.22020379154,-430.2814844305045,-301.54424304101013,-410.8838544956142,-400.6047801233054,-390.3257057509965,-369.76755700637887,7.159038096528818,41.11629748923529,101.93902009331676
ok,seir,SEIR,ude_sir_h2,0,3,-381.76290022865004,-84.97760260507488,0.0005099385439609891,3,35.774153899998055,-375.76290022865004,-375.5386011632295,-367.634309624713,-128.74717504002362,140.19874951395568,-376.00008496305264,-359.88998817451034,-368.1928239596927,-362.7761639158035,-357.3595038719144,-346.5261837841361,2.88140763279869,21.666640175556623,0.20627187858308885
ok,seir,SEIR,ude_sir_h2,1,3,-382.1067669472284,-131.87656836826693,0.00044257057973628457,3,17.466599100007443,-376.1067669472284,-375.8824678818078,-367.97817634329135,-244.85595905386634,80.0556898942165,-376.33597757622465,-360.2202525533461,-368.5179135331512,-363.0982925691506,-357.67867160514993,-346.8394296771487,2.8853946855018693,21.678483856002536,0.2080305378797872
ok,seir,SEIR,ude_sir_h2,2,3,-425.0921028858747,-132.88340867751674,0.00048052652035927216,3,17.57048679998843,-419.0921028858747,-418.8678038204541,-410.96351228193765,-121.7030123255161,162.11300171164157,-419.3187047643002,-403.18263570446993,-411.4971064769972,-406.07328894691136,-400.64947141682546,-389.8018363566538,2.886699060787249,21.695270120343444,0.21419706106130365
ok,seir,SEIR,ude_sir_h2,3,3,-424.56251376762145,-120.8978559490404,0.0004942441397049458,3,36.028589200010174,-418.56251376762145,-418.3382147022009,-410.4339231636844,-254.96206293740403,92.03761615369478,-418.7807424274611,-402.59996955694197,-410.94780039583793,-405.51244107610586,-400.07708175637384,-389.20636311690976,2.890885670080156,21.741437278928178,0.22110693175129198
ok,seir,SEIR,ude_sir_h2,4,3,-418.2478797155254,-140.43414363605655,0.0004941214171985225,3,18.01547149999533,-412.2478797155254,-412.02358065010486,-404.1192891115884,-244.52704994206653,94.5849671219574,-412.49170296449813,-396.4207816062239,-404.693435588998,-399.2868584670814,-393.8802813451648,-383.0671271013316,2.8780883755136317,21.6263084876664,0.2007896216351433
ok,seir,SEIR,ude_sir_h2,5,3,-407.8513196680348,-124.60042248088908,0.00044025295204040563,3,49.41934209999454,-401.8513196680348,-401.62702060261427,-393.7227290640978,-326.6402964535898,44.56180120677537,-402.0867900532914,-385.98718764659486,-394.2772065095381,-388.8612409345066,-383.44527535947515,-372.6133442094123,2.8822648073717048,21.663862300125828,0.20026972131412948
ok,seir,SEIR,ude_sir_h2,6,3,-418.27638281888096,-88.22455799851406,0.0005660957519275066,3,35.42316569999093,-412.27638281888096,-412.0520837534604,-404.14779221494393,-216.7576312084224,107.2460546948304,-412.49085581508984,-396.2430866818508,-404.65282574144976,-399.1999094607107,-393.74699317997175,-382.8411606184937,2.8927635018955686,21.811665122956057,0.2216310140740638
ok,seir,SEIR,ude_sir_h2,7,3,-355.4388131556433,-142.4485264528974,0.0004939833599955523,3,48.466131599998334,-349.4388131556433,-349.21451409022274,-341.31022255170626,-82.59534523312685,147.75094685542038,-349.66398967049037,-333.4940596229327,-341.84046035035556,-336.4071437521643,-330.973827153973,-320.1071939575904,2.887411742576463,21.733266392765103,0.21148713994543422
ok,seir,SEIR,ude_sir_h2,8,3,-344.080648010284,-139.5460389433671,0.0004429492918356535,3,47.19916629999352,-338.080648010284,-337.85634894486344,-329.95205740634697,-76.93194062056935,151.61530686720465,-338.3250446543199,-322.2535536034753,-330.5275540944403,-325.1186516101139,-319.7097491257874,-308.8919441571346,2.8778016779820352,21.635609937305684,0.1914844695030214
ok,seir,SEIR,ude_sir_h2,9,3,-415.40279983950666,-105.03429128551596,0.0004937247493399518,3,43.708447400000296,-409.40279983950666,-409.1785007740861,-401.27420923556963,-99.8889745944245,163.04566846995274,-409.6233078211376,-393.43716739210686,-401.79345373513036,-396.35602610683515,-390.91859847853993,-380.04374322194957,2.889746009184526,21.74971051318079,0.21592193421898517
ok,sir,SIR,ude_sir_h2,0,2,-18.311832093619614,82.83863743645577,0.001428712607168486,2,14.20786140000564,-14.311832093619614,-14.200720982508503,-8.892771690994946,11.818811244287097,25.578596546704865,-14.312042192516403,2.138498909319111,-8.893266424544791,-3.8141788741899845,1.264908676164822,11.423083776874435,1.9998949505516057,20.316350201419226,0.13398080151950012
ok,sir,SIR,ude_sir_h2,1,2,2.6052339032474947,20.383887795813678,0.0013061575280201112,2,13.492482700006803,6.605233903247495,6.716345014358605,12.024294305872163,24.940353157435773,18.868222687748755,6.605019251960188,23.048375511842444,12.023788852512004,17.098093536187267,22.17239821986253,32.32100758721306,1.999892674356347,20.297218734701055,0.14592287389389635
ok,sir,SIR,ude_sir_h2,2,2,-52.57801646892676,15.909664702069108,0.0013712244327042928,2,13.194084600007045,-48.57801646892676,-48.46690535781565,-43.158956066302096,-34.51118086056671,14.955386789046624,-48.578228703912245,-32.13247638235586,-43.159455829839054,-38.08277370210877,-33.00609157437849,-22.852727318917914,1.9998938825072567,20.30672851092114,0.13881157564975796
ok,sir,SIR,ude_sir_h2,3,2,-62.644879725818896,40.278007234859444,0.0013948445741157874,2,27.392543699999806,-58.644879725818896,-58.53376861470778,-53.22581932319423,-43.01744608534953,16.245769097698286,-58.64508991601057,-42.18548344865193,-53.226314271722075,-48.14636062284649,-43.0664069739709,-32.90649967621973,1.9998949049041643,20.319814595502343,0.1395816816646226
ok,sir,SIR,ude_sir_h2,4,2,-62.715242047138304,14.977785844306425,0.001404667505292239,2,13.766247199993813,-58.715242047138304,-58.60413093602719,-53.29618164451364,-43.48918443784418,16.00001506278693,-58.71545457731205,-42.282447445551306,-53.29668210314962,-48.22160305058943,-43.14652399802924,-32.99636589290885,1.9998937349131254,20.300316210240773,0.1324783913462244
ok,sir,SIR,ude_sir_h2,5,2,-41.97832488136328,26.27962927451,0.0013072252399730906,2,34.07253449999553,-37.97832488136328,-37.867213770252164,-32.55926447873861,-19.657283245339514,19.134175001128895,-37.978538566966805,-21.525360352902204,-32.5597676581403,-27.48359341346942,-22.407419168798537,-12.255070679456772,1.9998931571982381,20.30469697868353,0.14826754977753964
ok,sir,SIR,ude_sir_h2,6,2,-40.464960329839755,82.71520951963976,0.0015067795047615335,2,27.07402000000002,-36.464960329839755,-36.35384921872864,-31.04589992721509,-17.956579563627702,19.000340340618674,-36.46516297948567,-19.954065615102202,-31.046377119528955,-25.95415820743444,-20.861939295339926,-10.677501471150897,1.9998986751770413,20.368875648378058,0.14201906635949463
ok,sir,SIR,ude_sir_h2,7,2,43.94141883179668,-5.237188126852374,0.0013907666283504022,2,15.710301899991464,47.94141883179668,48.052529942907796,53.36047923442135,62.58626376120198,15.823315949681225,47.94121022410789,64.41964189773205,53.35998801231606,58.44332289548076,63.52665777864546,73.69332754497486,1.9998956961556051,20.3333395326588,0.14488353327656894
ok,sir,SIR,ude_sir_h2,8,2,54.67419905180145,7.08506891426984,0.0013020409816489604,2,41.04184649999661,58.67419905180145,58.785310162912566,64.09325945442612,78.0800482669328,19.52491938201918,58.673984996829574,75.12526093956642,64.09275540524871,69.16840704920729,74.24405869316587,84.39536198108304,1.99989297251406,20.30260657583433,0.14845531193064104
ok,sir,SIR,ude_sir_h2,9,2,-24.18049319193426,55.229127316466986,0.0013887390336940683,2,13.602138799993554,-20.18049319193426,-20.06938208082315,-14.761432789309593,-5.646757081043038,15.724269565717337,-20.18070188370866,-3.7025181065023993,-14.761924209416744,-9.678691446647328,-4.5954586838779115,5.571006841660921,1.9998956541128,20.332931051077665,0.14504403435419647
ok,tv_sir,TV-SIR,ude_sir_h2,0,4,-572.0648565215587,-176.16296958222503,7.311998396483081e-05,4,22.945708800005377,-564.0648565215587,-563.6874980309926,-553.2267357163093,-561.9672315872033,5.422466765137102,-564.108145701645,-538.9313663371015,-553.3286715668125,-545.1684392688718,-537.008206970931,-520.6877423750495,3.978355409956847,32.64092919176295,0.4925609926942017
ok,tv_sir,TV-SIR,ude_sir_h2,1,4,-600.8437311441202,-211.7404594285425,3.133899267316616e-05,4,44.77660110000579,-592.8437311441202,-592.4663726535541,-582.0056103388708,-591.4021429855201,5.164429059107485,-592.8848704823702,-567.275770463606,-582.102483816846,-573.9610290477883,-565.8195742787308,-549.5366647406155,3.9794303308750094,32.56581907623043,1.0021416042836673
ok,tv_sir,TV-SIR,ude_sir_h2,2,4,-594.8059099575681,-204.419861441391,5.908227464430326e-05,4,45.50817960000131,-586.8059099575681,-586.4285514670021,-575.9677891523188,-585.8505041794383,4.72714374287965,-586.8464920028825,-561.4067572376266,-576.0633503363383,-567.9101606090128,-559.7569708816873,-543.4505914270361,3.97970897734282,32.612758909302215,0.7863938106392712
ok,tv_sir,TV-SIR,ude_sir_h2,3,4,-575.1438966085108,-199.09424268636303,8.057906025354871e-05,4,45.31944089999888,-567.1438966085108,-566.7665381179447,-556.3057758032614,-566.7668013433511,4.2471227027260205,-567.1833976872385,-541.6467761050363,-556.3987915648878,-548.243593196503,-540.0883948281181,-523.7779980913484,3.9802494606361254,32.62079347353941,0.8763270299350948
ok,tv_sir,TV-SIR,ude_sir_h2,4,4,-592.5707767773099,-195.1658440028356,7.297149609842673e-05,4,45.53335330000846,-584.5707767773099,-584.1934182867438,-573.7326559720606,-583.1558568306796,4.88337469392201,-584.6123648243126,-559.3274269700116,-573.8305860537471,-565.6755832714188,-557.5205804890904,-541.2105749244338,3.9792059764986294,32.620011129313255,0.6233386779849719
ok,tv_sir,TV-SIR,ude_sir_h2,5,4,-605.0149126561712,-198.5714170029676,3.648399754860789e-05,4,28.89934259999427,-597.0149126561712,-596.6375541656051,-586.1767918509219,-596.497262989254,4.168838169833537,-597.0550236709992,-571.6120124435415,-586.2712438687905,-578.106579876361,-569.9419158839315,-553.6125878990724,3.9799444925860428,32.65865596971804,0.7442442429116625
ok,tv_sir,TV-SIR,ude_sir_h2,6,4,-597.336386695474,-179.18250289032133,9.931756791807227e-05,4,22.998568399998476,-589.336386695474,-588.9590282049079,-578.4982658902246,-587.3685490559561,5.251014996250449,-589.3794039665862,-563.9729295321597,-578.5995614589654,-570.4463346300736,-562.2931078011818,-545.9866541433983,3.9784913644438546,32.612907315567156,0.7505498477471491
ok,tv_sir,TV-SIR,ude_sir_h2,7,4,-556.565241459966,-198.70765228309898,5.0193129950887994e-05,4,60.2948264000006,-548.565241459966,-548.1878829694,-537.7271206547167,-546.8653916037483,5.789409448688584,-548.6073155830426,-523.0097039262548,-537.826195331378,-529.6847055959967,-521.5432158606153,-505.2602363898526,3.978962938461742,32.56595894152545,0.989578592185766
ok,tv_sir,TV-SIR,ude_sir_h2,8,4,-577.9858206893601,-214.75708135352204,2.9541638885946528e-05,4,25.592859299998963,-569.9858206893601,-569.6084621987941,-559.1476998841108,-567.9560901573968,5.871183846141698,-570.0270820163927,-544.3175629619501,-559.2448606170138,-551.107340094126,-542.9698195712381,-526.6947785254624,3.9793693364837113,32.550082091551445,1.1181756358585768
ok,tv_sir,TV-SIR,ude_sir_h2,9,4,-600.2859525822247,-185.43865979310925,6.548513573370295e-05,4,32.46930309999152,-592.2859525822247,-591.9085940916586,-581.4478317769754,-591.0382720721477,4.717913177953893,-592.3254050161225,-566.5695877850592,-581.5407329914541,-573.3924062975467,-565.2440796036394,-548.9474262158247,3.980273783051058,32.59330677562935,1.1230580215361141
ok,ude_sir_h2,UDE-SIR(2),ude_sir_h2,0,11,-615.1985463445894,-197.39852575763138,1.1122365900297326e-05,10,36.52227900001162,-593.1985463445894,-590.5318796779228,-563.3937141301537,88721.97202126982,44647.618397615515,-601.4730325554732,-557.2764984981378,-582.8781854854036,-572.8770412929229,-562.8758971004421,-542.8736087154806,6.862756894558099,40.00457676992301,17.917471076528642
ok,ude_sir_h2,UDE-SIR(2),ude_sir_h2,1,11,-645.1043952440352,-212.0925736671208,6.336841855998038e-06,10,71.95337070000824,-623.1043952440352,-620.4377285773686,-593.2995630295995,421.10993689995433,513.9705104145164,-631.5017874789017,-584.7305109100237,-613.0734492007845,-603.1202649278234,-593.1670806548624,-573.2607121089404,6.801303882566716,39.81273709184409,20.56114724216755
ok,ude_sir_h2,UDE-SIR(2),ude_sir_h2,2,11,-631.5403412927666,-217.38671083252424,3.5771045510468842e-06,10,72.94130869999935,-609.5403412927666,-606.8736746261,-579.7355090783309,10672.765514920735,5626.883636723678,-618.0523349157262,-572.7337946418077,-599.779254598684,-589.8368133716465,-579.894372144609,-560.0094896905339,6.74400318852019,39.769764908150115,19.03678174280878
ok,ude_sir_h2,UDE-SIR(2),ude_sir_h2,3,11,-617.5744618880877,-203.36238054296436,5.794791702229936e-06,10,73.10497240000404,-595.5744618880877,-592.9077952214211,-565.769629673652,4885.50118827186,2732.5952327015384,-604.2413234762627,-559.0369973030649,-586.178052873704,-576.4442292463498,-566.7104056189954,-547.2427583642869,6.666569205912516,38.935294509417105,19.60217007560577
ok,ude_sir_h2,UDE-SIR(2),ude_sir_h2,4,11,-622.4366630477471,-198.7497080178092,1.6863835434534602e-05,10,36.715065800002776,-600.4366630477471,-597.7699963810804,-570.6318308333114,4474.141176759934,2519.0222182952316,-608.8700590374063,-566.0711555722447,-590.4904973897746,-580.5137417606109,-570.5369861314471,-550.5834748731195,6.783302005170378,39.907022516655175,16.458484958847162
ok,ude_sir_h2,UDE-SIR(2),ude_sir_h2,5,11,-636.260428683669,-209.23165351601853,8.252375295756741e-07,10,36.30008899999666,-614.260428683669,-611.5937620170024,-584.4555964692333,147444.71270245453,74013.27310005897,-622.7559427335293,-579.096869967955,-604.4605364659783,-594.5783987291235,-584.6962609922687,-564.9319855185591,6.752242975069889,39.52855094741915,17.635007768294944
ok,ude_sir_h2,UDE-SIR(2),ude_sir_h2,6,11,-623.3797414001757,-193.8351757669283,2.8199788232628134e-05,10,89.54097570000158,-601.3797414001757,-598.7130747335091,-571.57490918574,35051.46834143412,17807.820118964075,-609.9336865910828,-566.7507772689767,-591.7174407942138,-581.8224417329662,-571.9274426717186,-552.1374445492235,6.723027404546444,39.579996244990284,17.048967886208697
ok,ude_sir_h2,UDE-SIR(2),ude_sir_h2,7,11,-593.2831991266406,-195.70010927362222,4.856888272938497e-06,10,93.60594999999739,-571.2831991266406,-568.616532459974,-541.4783669122049,3616.9147803567466,2082.404215215042,-579.7244468828495,-534.4458973902229,-561.355522534518,-551.3311171967192,-541.3067118589205,-521.2579011833229,6.779376121895533,40.09762135119496,18.739680385222858
ok,ude_sir_h2,UDE-SIR(2),ude_sir_h2,8,11,-622.3563859236452,-218.43302133787398,1.1752716188355618e-05,10,88.20162219999474,-600.3563859236452,-597.6897192569786,-570.5515537092095,3184.322941656361,1883.8135155660625,-608.7941555307376,-562.1455453986395,-590.420519107368,-580.4434491310082,-570.4663791546482,-550.5122392019283,6.781115196453794,39.908279905439684,20.302560619566055
ok,ude_sir_h2,UDE-SIR(2),ude_sir_h2,9,11,-609.2820751050115,-193.53148916073502,1.845218609686372e-05,10,92.02585640001053,-587.2820751050115,-584.6154084383448,-557.4772428905758,5666.315674122001,3103.853463363039,-596.0753376842476,-551.8661047678654,-578.1833107330671,-568.4975038047656,-558.8116968764642,-539.4400830198614,6.603368710381896,38.743227713205684,18.672742623940426
