experiment,dimension,trial,relative_spectrum_error,raw_dimension_original,raw_dimension_duplicate,d_obs_original,d_obs_duplicate,c_obs_original,c_obs_duplicate
coordinate_change,2,0.0,3.983830745160085e-09,,,,,,
coordinate_change,2,1.0,1.386389796629357e-09,,,,,,
coordinate_change,2,2.0,1.3608468084996166e-09,,,,,,
coordinate_change,2,3.0,2.0603270583479906e-10,,,,,,
coordinate_change,2,4.0,1.5218240534847137e-09,,,,,,
coordinate_change,2,5.0,2.529302961708681e-09,,,,,,
coordinate_change,2,6.0,4.699807804848022e-09,,,,,,
coordinate_change,2,7.0,4.082677009752652e-09,,,,,,
coordinate_change,2,8.0,9.094727103587185e-10,,,,,,
coordinate_change,2,9.0,2.154743944096938e-10,,,,,,
coordinate_change,2,10.0,5.495587089296837e-10,,,,,,
coordinate_change,2,11.0,4.406553563729904e-10,,,,,,
coordinate_change,2,12.0,3.09422684874043e-09,,,,,,
coordinate_change,2,13.0,2.1948228393497507e-09,,,,,,
coordinate_change,2,14.0,4.667106975661237e-09,,,,,,
coordinate_change,2,15.0,3.748450309876175e-09,,,,,,
coordinate_change,2,16.0,1.1074434488462366e-09,,,,,,
coordinate_change,2,17.0,4.433941927350183e-09,,,,,,
coordinate_change,2,18.0,3.399156774151259e-10,,,,,,
coordinate_change,2,19.0,4.083125452383728e-09,,,,,,
coordinate_change,2,20.0,2.648632168316971e-10,,,,,,
coordinate_change,2,21.0,2.4938786737584103e-10,,,,,,
coordinate_change,2,22.0,2.66974091327645e-10,,,,,,
coordinate_change,2,23.0,4.142671266536079e-09,,,,,,
coordinate_change,2,24.0,3.6886938818746613e-09,,,,,,
coordinate_change,2,25.0,4.335412354983486e-09,,,,,,
coordinate_change,2,26.0,1.0944038807789218e-09,,,,,,
coordinate_change,2,27.0,6.45565095038917e-10,,,,,,
coordinate_change,2,28.0,2.025434013154053e-10,,,,,,
coordinate_change,2,29.0,3.4383258272307595e-10,,,,,,
coordinate_change,2,30.0,1.8612308199437111e-09,,,,,,
coordinate_change,2,31.0,8.527886171611565e-10,,,,,,
coordinate_change,2,32.0,2.9093910979067425e-09,,,,,,
coordinate_change,2,33.0,2.502706150248449e-10,,,,,,
coordinate_change,2,34.0,6.417472295875528e-09,,,,,,
coordinate_change,2,35.0,3.507585744942475e-09,,,,,,
coordinate_change,2,36.0,3.148136532371725e-10,,,,,,
coordinate_change,2,37.0,3.0630551773549266e-09,,,,,,
coordinate_change,2,38.0,2.2409468724795948e-10,,,,,,
coordinate_change,2,39.0,2.58631165568275e-09,,,,,,
coordinate_change,2,40.0,1.5659265247879617e-09,,,,,,
coordinate_change,2,41.0,1.7043293994741779e-09,,,,,,
coordinate_change,2,42.0,2.729297554361374e-09,,,,,,
coordinate_change,2,43.0,3.500495981583715e-09,,,,,,
coordinate_change,2,44.0,1.410211105849073e-09,,,,,,
coordinate_change,2,45.0,4.01498704205402e-09,,,,,,
coordinate_change,2,46.0,2.4691504704953386e-09,,,,,,
coordinate_change,2,47.0,6.55689868759809e-09,,,,,,
coordinate_change,2,48.0,4.352678187586714e-09,,,,,,
coordinate_change,2,49.0,1.3660236278411792e-09,,,,,,
coordinate_change,2,50.0,3.865424769435528e-09,,,,,,
coordinate_change,2,51.0,2.904867105080625e-10,,,,,,
coordinate_change,2,52.0,4.570981753665671e-09,,,,,,
coordinate_change,2,53.0,2.520911137173276e-09,,,,,,
coordinate_change,2,54.0,2.8455851355112657e-10,,,,,,
coordinate_change,2,55.0,3.6222630924019395e-09,,,,,,
coordinate_change,2,56.0,4.025851499622051e-09,,,,,,
coordinate_change,2,57.0,5.3193762756777355e-09,,,,,,
coordinate_change,2,58.0,4.495126981603132e-09,,,,,,
coordinate_change,2,59.0,6.021726637740486e-09,,,,,,
coordinate_change,2,60.0,2.475188847286139e-09,,,,,,
coordinate_change,2,61.0,2.9852738192623125e-09,,,,,,
coordinate_change,2,62.0,5.086746658973132e-09,,,,,,
coordinate_change,2,63.0,2.085526943898156e-10,,,,,,
coordinate_change,2,64.0,3.099267096429807e-10,,,,,,
coordinate_change,2,65.0,2.571604811136031e-10,,,,,,
coordinate_change,2,66.0,2.3936826311715337e-09,,,,,,
coordinate_change,2,67.0,3.0124111246041352e-09,,,,,,
coordinate_change,2,68.0,1.380097252186727e-09,,,,,,
coordinate_change,2,69.0,5.971453182276713e-10,,,,,,
coordinate_change,2,70.0,1.3910887232288851e-09,,,,,,
coordinate_change,2,71.0,9.184567466024632e-10,,,,,,
coordinate_change,2,72.0,1.516176488092582e-09,,,,,,
coordinate_change,2,73.0,4.276017438367138e-09,,,,,,
coordinate_change,2,74.0,4.131054360281844e-09,,,,,,
coordinate_change,2,75.0,4.012269514511153e-09,,,,,,
coordinate_change,2,76.0,4.4362590059470195e-10,,,,,,
coordinate_change,2,77.0,1.2105309965776395e-09,,,,,,
coordinate_change,2,78.0,2.97157431470601e-09,,,,,,
coordinate_change,2,79.0,2.6769273496393114e-09,,,,,,
coordinate_change,2,80.0,1.978788920621474e-09,,,,,,
coordinate_change,2,81.0,3.2751427995006087e-09,,,,,,
coordinate_change,2,82.0,4.6299236425666253e-10,,,,,,
coordinate_change,2,83.0,3.612166128627812e-09,,,,,,
coordinate_change,2,84.0,3.529054016014527e-10,,,,,,
coordinate_change,2,85.0,2.0605026405277467e-10,,,,,,
coordinate_change,2,86.0,3.891758157658954e-09,,,,,,
coordinate_change,2,87.0,3.9675508739353796e-09,,,,,,
coordinate_change,2,88.0,2.8830613053474e-10,,,,,,
coordinate_change,2,89.0,2.2170961880671555e-10,,,,,,
coordinate_change,2,90.0,3.923244486405149e-09,,,,,,
coordinate_change,2,91.0,1.485463045786087e-09,,,,,,
coordinate_change,2,92.0,4.069954158360217e-09,,,,,,
coordinate_change,2,93.0,4.40921203565531e-09,,,,,,
coordinate_change,2,94.0,7.404683717871787e-10,,,,,,
coordinate_change,2,95.0,2.555783780585996e-10,,,,,,
coordinate_change,2,96.0,2.368708036856673e-09,,,,,,
coordinate_change,2,97.0,2.4396679964701e-09,,,,,,
coordinate_change,2,98.0,2.5670206981864205e-09,,,,,,
coordinate_change,2,99.0,8.68938448144428e-10,,,,,,
exact_duplication,2,,6.78308211328722e-17,2.0,4.0,1.8018291612823973,1.8018291612824,5.111668496996211,5.111668496996214
coordinate_change,5,0.0,6.45995180570249e-09,,,,,,
coordinate_change,5,1.0,5.952151495501066e-10,,,,,,
coordinate_change,5,2.0,9.203404504438614e-09,,,,,,
coordinate_change,5,3.0,2.244896547704175e-09,,,,,,
coordinate_change,5,4.0,2.484441487483542e-09,,,,,,
coordinate_change,5,5.0,1.042192682316013e-09,,,,,,
coordinate_change,5,6.0,5.51101451945367e-10,,,,,,
coordinate_change,5,7.0,1.2068393597455715e-10,,,,,,
coordinate_change,5,8.0,1.3473230275765437e-09,,,,,,
coordinate_change,5,9.0,1.7599155740950333e-09,,,,,,
coordinate_change,5,10.0,1.6888617778761844e-09,,,,,,
coordinate_change,5,11.0,1.7978949688353031e-09,,,,,,
coordinate_change,5,12.0,5.01308886897929e-09,,,,,,
coordinate_change,5,13.0,2.921087302637504e-09,,,,,,
coordinate_change,5,14.0,2.936227518380125e-10,,,,,,
coordinate_change,5,15.0,3.0616139074344617e-09,,,,,,
coordinate_change,5,16.0,1.3874329464004575e-09,,,,,,
coordinate_change,5,17.0,4.339848692699086e-09,,,,,,
coordinate_change,5,18.0,3.409675341211528e-10,,,,,,
coordinate_change,5,19.0,5.219685777272959e-10,,,,,,
coordinate_change,5,20.0,1.2634139798387761e-09,,,,,,
coordinate_change,5,21.0,1.525259600410474e-09,,,,,,
coordinate_change,5,22.0,9.583312473171726e-10,,,,,,
coordinate_change,5,23.0,2.638693829847002e-09,,,,,,
coordinate_change,5,24.0,8.660375623376055e-10,,,,,,
coordinate_change,5,25.0,3.4511612653114877e-09,,,,,,
coordinate_change,5,26.0,1.3840658557811391e-09,,,,,,
coordinate_change,5,27.0,3.0397991752581117e-09,,,,,,
coordinate_change,5,28.0,4.236389701806661e-10,,,,,,
coordinate_change,5,29.0,1.0498814694715346e-09,,,,,,
coordinate_change,5,30.0,5.396061128308199e-10,,,,,,
coordinate_change,5,31.0,4.3970992441042707e-10,,,,,,
coordinate_change,5,32.0,1.2396084375429523e-09,,,,,,
coordinate_change,5,33.0,4.956461027060085e-10,,,,,,
coordinate_change,5,34.0,1.8264168058731133e-09,,,,,,
coordinate_change,5,35.0,1.3249511311180268e-09,,,,,,
coordinate_change,5,36.0,3.5087909555322974e-09,,,,,,
coordinate_change,5,37.0,1.326490780776576e-09,,,,,,
coordinate_change,5,38.0,6.103215908437645e-10,,,,,,
coordinate_change,5,39.0,1.022170769489694e-09,,,,,,
coordinate_change,5,40.0,8.383868213780645e-10,,,,,,
coordinate_change,5,41.0,2.302603877635557e-09,,,,,,
coordinate_change,5,42.0,5.122912886711459e-10,,,,,,
coordinate_change,5,43.0,1.7559467189641732e-09,,,,,,
coordinate_change,5,44.0,1.0879805073397173e-09,,,,,,
coordinate_change,5,45.0,2.0829203514083567e-09,,,,,,
coordinate_change,5,46.0,3.898930967398926e-09,,,,,,
coordinate_change,5,47.0,4.37067349692411e-09,,,,,,
coordinate_change,5,48.0,2.065551923556033e-09,,,,,,
coordinate_change,5,49.0,3.2343327796320005e-09,,,,,,
coordinate_change,5,50.0,3.3511128198338626e-09,,,,,,
coordinate_change,5,51.0,5.934915334833757e-10,,,,,,
coordinate_change,5,52.0,1.5475616097374238e-09,,,,,,
coordinate_change,5,53.0,2.802177867765525e-09,,,,,,
coordinate_change,5,54.0,1.7508052426226663e-09,,,,,,
coordinate_change,5,55.0,4.2329952825557915e-09,,,,,,
coordinate_change,5,56.0,1.4818692058692885e-09,,,,,,
coordinate_change,5,57.0,6.68841379532908e-10,,,,,,
coordinate_change,5,58.0,3.0375815995508036e-09,,,,,,
coordinate_change,5,59.0,3.740666159747014e-09,,,,,,
coordinate_change,5,60.0,2.293163977529414e-09,,,,,,
coordinate_change,5,61.0,2.5650055796237947e-09,,,,,,
coordinate_change,5,62.0,4.550881260203634e-09,,,,,,
coordinate_change,5,63.0,4.03763407329908e-09,,,,,,
coordinate_change,5,64.0,1.778913920655302e-09,,,,,,
coordinate_change,5,65.0,1.1734747772608436e-09,,,,,,
coordinate_change,5,66.0,2.658093685463488e-09,,,,,,
coordinate_change,5,67.0,1.2201348116665375e-09,,,,,,
coordinate_change,5,68.0,5.048387262572691e-09,,,,,,
coordinate_change,5,69.0,5.395004988285711e-09,,,,,,
coordinate_change,5,70.0,1.3265091632022606e-09,,,,,,
coordinate_change,5,71.0,8.350903423342225e-09,,,,,,
coordinate_change,5,72.0,7.63320429108786e-10,,,,,,
coordinate_change,5,73.0,2.1673637985365957e-10,,,,,,
coordinate_change,5,74.0,6.266742125137249e-09,,,,,,
coordinate_change,5,75.0,2.2146528988804963e-09,,,,,,
coordinate_change,5,76.0,2.0470445036277075e-09,,,,,,
coordinate_change,5,77.0,6.6531155247128534e-09,,,,,,
coordinate_change,5,78.0,3.903093979747571e-10,,,,,,
coordinate_change,5,79.0,2.186046877639726e-09,,,,,,
coordinate_change,5,80.0,5.444297142506025e-09,,,,,,
coordinate_change,5,81.0,1.447096609060287e-10,,,,,,
coordinate_change,5,82.0,4.34100595265714e-09,,,,,,
coordinate_change,5,83.0,3.447741719641575e-09,,,,,,
coordinate_change,5,84.0,8.006902640143903e-10,,,,,,
coordinate_change,5,85.0,3.4641934376719827e-09,,,,,,
coordinate_change,5,86.0,1.6330403144998306e-09,,,,,,
coordinate_change,5,87.0,2.9349123624232144e-09,,,,,,
coordinate_change,5,88.0,5.437816132664434e-10,,,,,,
coordinate_change,5,89.0,4.54522378940218e-09,,,,,,
coordinate_change,5,90.0,3.395640865784554e-10,,,,,,
coordinate_change,5,91.0,2.7421747104684054e-09,,,,,,
coordinate_change,5,92.0,2.6222287156291008e-09,,,,,,
coordinate_change,5,93.0,3.0587178429414893e-09,,,,,,
coordinate_change,5,94.0,1.3488118093827328e-09,,,,,,
coordinate_change,5,95.0,1.2687511109371931e-09,,,,,,
coordinate_change,5,96.0,4.513663280897666e-10,,,,,,
coordinate_change,5,97.0,1.4389338585673366e-09,,,,,,
coordinate_change,5,98.0,3.592803267686443e-09,,,,,,
coordinate_change,5,99.0,1.439623847279172e-09,,,,,,
exact_duplication,5,,6.421846147718348e-16,5.0,10.0,4.15156910986048,4.151569109860481,12.488925253261105,12.488925253261103
coordinate_change,11,0.0,2.7228824853182373e-09,,,,,,
coordinate_change,11,1.0,7.3681892919914e-10,,,,,,
coordinate_change,11,2.0,3.79047428783698e-10,,,,,,
coordinate_change,11,3.0,1.2282283479076192e-09,,,,,,
coordinate_change,11,4.0,1.2915843564899056e-09,,,,,,
coordinate_change,11,5.0,2.7574704203289654e-09,,,,,,
coordinate_change,11,6.0,1.5795318838136775e-09,,,,,,
coordinate_change,11,7.0,2.011106047366954e-09,,,,,,
coordinate_change,11,8.0,1.4295207940290884e-09,,,,,,
coordinate_change,11,9.0,2.2432125610834395e-09,,,,,,
coordinate_change,11,10.0,9.342146956458878e-10,,,,,,
coordinate_change,11,11.0,1.0567775902216337e-09,,,,,,
coordinate_change,11,12.0,1.4040263335531106e-09,,,,,,
coordinate_change,11,13.0,6.049720796632435e-10,,,,,,
coordinate_change,11,14.0,2.972029425943453e-09,,,,,,
coordinate_change,11,15.0,2.339560448357962e-09,,,,,,
coordinate_change,11,16.0,2.4749958368541386e-09,,,,,,
coordinate_change,11,17.0,6.403492602389526e-10,,,,,,
coordinate_change,11,18.0,7.920613224576064e-10,,,,,,
coordinate_change,11,19.0,6.951231205601708e-10,,,,,,
coordinate_change,11,20.0,1.7297599628155283e-09,,,,,,
coordinate_change,11,21.0,5.579964371520028e-10,,,,,,
coordinate_change,11,22.0,5.669346853264498e-10,,,,,,
coordinate_change,11,23.0,2.4864124263839855e-09,,,,,,
coordinate_change,11,24.0,1.381317474242773e-09,,,,,,
coordinate_change,11,25.0,7.82757579122407e-10,,,,,,
coordinate_change,11,26.0,2.444068291375591e-09,,,,,,
coordinate_change,11,27.0,3.3138455943726414e-09,,,,,,
coordinate_change,11,28.0,1.274029928438016e-09,,,,,,
coordinate_change,11,29.0,3.6332785155645697e-10,,,,,,
coordinate_change,11,30.0,5.513888672543092e-10,,,,,,
coordinate_change,11,31.0,3.186475605299344e-10,,,,,,
coordinate_change,11,32.0,2.9026304768929376e-09,,,,,,
coordinate_change,11,33.0,1.644350218965801e-09,,,,,,
coordinate_change,11,34.0,2.5842196422450915e-09,,,,,,
coordinate_change,11,35.0,1.2402166744293918e-09,,,,,,
coordinate_change,11,36.0,1.4225184924504912e-09,,,,,,
coordinate_change,11,37.0,1.474893787680228e-09,,,,,,
coordinate_change,11,38.0,3.1638651669229543e-10,,,,,,
coordinate_change,11,39.0,1.3281093206931486e-09,,,,,,
coordinate_change,11,40.0,1.3687656213654948e-09,,,,,,
coordinate_change,11,41.0,2.969799044193423e-09,,,,,,
coordinate_change,11,42.0,2.6338872655848246e-09,,,,,,
coordinate_change,11,43.0,1.674015394904419e-09,,,,,,
coordinate_change,11,44.0,2.0321069867286255e-09,,,,,,
coordinate_change,11,45.0,1.449836411008296e-09,,,,,,
coordinate_change,11,46.0,1.0874918361794253e-09,,,,,,
coordinate_change,11,47.0,3.1611217359574495e-09,,,,,,
coordinate_change,11,48.0,9.298137489655099e-10,,,,,,
coordinate_change,11,49.0,3.122154631415597e-10,,,,,,
coordinate_change,11,50.0,2.3637213524971707e-10,,,,,,
coordinate_change,11,51.0,7.050283794673338e-10,,,,,,
coordinate_change,11,52.0,6.297942971275551e-10,,,,,,
coordinate_change,11,53.0,2.459633534013089e-09,,,,,,
coordinate_change,11,54.0,5.39606469484873e-10,,,,,,
coordinate_change,11,55.0,3.4547900929107183e-09,,,,,,
coordinate_change,11,56.0,1.747591424011692e-09,,,,,,
coordinate_change,11,57.0,6.243261710583999e-10,,,,,,
coordinate_change,11,58.0,5.751784806214274e-10,,,,,,
coordinate_change,11,59.0,2.1455656324110886e-09,,,,,,
coordinate_change,11,60.0,4.5274769424847636e-10,,,,,,
coordinate_change,11,61.0,7.969827992768803e-10,,,,,,
coordinate_change,11,62.0,1.1083897461040578e-09,,,,,,
coordinate_change,11,63.0,1.5403089424575648e-09,,,,,,
coordinate_change,11,64.0,1.5941066241035541e-09,,,,,,
coordinate_change,11,65.0,8.127981390506638e-10,,,,,,
coordinate_change,11,66.0,1.1042037035788274e-09,,,,,,
coordinate_change,11,67.0,2.5423087643760646e-09,,,,,,
coordinate_change,11,68.0,6.497275186510169e-10,,,,,,
coordinate_change,11,69.0,2.3536175708084017e-09,,,,,,
coordinate_change,11,70.0,9.583347209762014e-10,,,,,,
coordinate_change,11,71.0,1.3352109394252793e-09,,,,,,
coordinate_change,11,72.0,3.3755445351159243e-10,,,,,,
coordinate_change,11,73.0,7.151427401758554e-10,,,,,,
coordinate_change,11,74.0,3.3992877999102806e-09,,,,,,
coordinate_change,11,75.0,1.0861101599487704e-09,,,,,,
coordinate_change,11,76.0,9.031605834168572e-10,,,,,,
coordinate_change,11,77.0,1.2122263484112794e-09,,,,,,
coordinate_change,11,78.0,2.9873139500148708e-09,,,,,,
coordinate_change,11,79.0,9.031179851055329e-10,,,,,,
coordinate_change,11,80.0,1.319526145223285e-09,,,,,,
coordinate_change,11,81.0,6.918430492985111e-10,,,,,,
coordinate_change,11,82.0,1.78777744795517e-09,,,,,,
coordinate_change,11,83.0,1.9307564673754455e-09,,,,,,
coordinate_change,11,84.0,2.2213404052072685e-09,,,,,,
coordinate_change,11,85.0,9.70760994936377e-10,,,,,,
coordinate_change,11,86.0,9.331916743704451e-10,,,,,,
coordinate_change,11,87.0,9.215535132278128e-10,,,,,,
coordinate_change,11,88.0,8.545201979189087e-10,,,,,,
coordinate_change,11,89.0,4.4326799201259247e-10,,,,,,
coordinate_change,11,90.0,9.886580899994242e-10,,,,,,
coordinate_change,11,91.0,7.183442543774461e-10,,,,,,
coordinate_change,11,92.0,1.2127475572193729e-09,,,,,,
coordinate_change,11,93.0,1.7333091273628288e-09,,,,,,
coordinate_change,11,94.0,2.650378085465068e-09,,,,,,
coordinate_change,11,95.0,1.4960703232218174e-09,,,,,,
coordinate_change,11,96.0,2.4784508019749457e-10,,,,,,
coordinate_change,11,97.0,1.393659745965919e-09,,,,,,
coordinate_change,11,98.0,1.6695752340831949e-09,,,,,,
coordinate_change,11,99.0,4.499317739452811e-10,,,,,,
exact_duplication,11,,1.3415489683281265e-15,11.0,22.0,8.013715320313864,8.013715320313876,20.53675239403512,20.536752394035126
coordinate_change,20,0.0,1.3940063416435163e-09,,,,,,
coordinate_change,20,1.0,1.8664458598554267e-09,,,,,,
coordinate_change,20,2.0,4.873103131573758e-10,,,,,,
coordinate_change,20,3.0,1.498796747660152e-09,,,,,,
coordinate_change,20,4.0,1.6449426389774376e-09,,,,,,
coordinate_change,20,5.0,2.471661574700278e-09,,,,,,
coordinate_change,20,6.0,1.101079995505113e-09,,,,,,
coordinate_change,20,7.0,1.8886827700152663e-09,,,,,,
coordinate_change,20,8.0,3.268537821522563e-09,,,,,,
coordinate_change,20,9.0,1.1881390089516697e-09,,,,,,
coordinate_change,20,10.0,1.300752805843503e-09,,,,,,
coordinate_change,20,11.0,1.969853811859838e-09,,,,,,
coordinate_change,20,12.0,1.9931745789108035e-09,,,,,,
coordinate_change,20,13.0,9.346978924364255e-10,,,,,,
coordinate_change,20,14.0,1.1228123946648822e-09,,,,,,
coordinate_change,20,15.0,1.0497262700087083e-09,,,,,,
coordinate_change,20,16.0,1.3147246612607129e-09,,,,,,
coordinate_change,20,17.0,9.46770554479199e-10,,,,,,
coordinate_change,20,18.0,1.903687266922679e-09,,,,,,
coordinate_change,20,19.0,8.77007131132319e-10,,,,,,
coordinate_change,20,20.0,3.7660252724921826e-09,,,,,,
coordinate_change,20,21.0,1.7857783393397443e-09,,,,,,
coordinate_change,20,22.0,5.101755437844386e-09,,,,,,
coordinate_change,20,23.0,7.30250114702999e-10,,,,,,
coordinate_change,20,24.0,1.162338786468763e-09,,,,,,
coordinate_change,20,25.0,1.5494991409384223e-09,,,,,,
coordinate_change,20,26.0,1.0065821976995387e-09,,,,,,
coordinate_change,20,27.0,2.6149038700411165e-10,,,,,,
coordinate_change,20,28.0,1.7472627012923773e-09,,,,,,
coordinate_change,20,29.0,9.796418326568374e-10,,,,,,
coordinate_change,20,30.0,1.3508291441435111e-09,,,,,,
coordinate_change,20,31.0,1.8019260675920395e-09,,,,,,
coordinate_change,20,32.0,1.3751467435275298e-09,,,,,,
coordinate_change,20,33.0,9.412380800152192e-10,,,,,,
coordinate_change,20,34.0,1.215644578597427e-09,,,,,,
coordinate_change,20,35.0,2.1209816970204524e-09,,,,,,
coordinate_change,20,36.0,4.1656416045843014e-10,,,,,,
coordinate_change,20,37.0,2.081021172608203e-09,,,,,,
coordinate_change,20,38.0,2.7001880873480014e-09,,,,,,
coordinate_change,20,39.0,2.430071378908523e-09,,,,,,
coordinate_change,20,40.0,1.1816354670667896e-09,,,,,,
coordinate_change,20,41.0,7.655425131594501e-10,,,,,,
coordinate_change,20,42.0,7.941704100672113e-10,,,,,,
coordinate_change,20,43.0,4.701755322306247e-10,,,,,,
coordinate_change,20,44.0,4.543442543081059e-10,,,,,,
coordinate_change,20,45.0,1.4177535063159767e-09,,,,,,
coordinate_change,20,46.0,8.850431845798304e-10,,,,,,
coordinate_change,20,47.0,1.0855998114276865e-09,,,,,,
coordinate_change,20,48.0,2.08634261345806e-09,,,,,,
coordinate_change,20,49.0,1.4594307103890322e-09,,,,,,
coordinate_change,20,50.0,1.1274948385431073e-09,,,,,,
coordinate_change,20,51.0,3.0107887328315716e-09,,,,,,
coordinate_change,20,52.0,3.2179758891265137e-10,,,,,,
coordinate_change,20,53.0,5.998689301926668e-10,,,,,,
coordinate_change,20,54.0,1.3061653500146864e-09,,,,,,
coordinate_change,20,55.0,8.749429466172432e-10,,,,,,
coordinate_change,20,56.0,9.484709536638431e-10,,,,,,
coordinate_change,20,57.0,1.3099873579796454e-09,,,,,,
coordinate_change,20,58.0,1.2157531433284584e-09,,,,,,
coordinate_change,20,59.0,9.197288082052863e-10,,,,,,
coordinate_change,20,60.0,3.175326401554919e-09,,,,,,
coordinate_change,20,61.0,5.516804747646166e-10,,,,,,
coordinate_change,20,62.0,2.5565955032207243e-09,,,,,,
coordinate_change,20,63.0,2.7113385680840908e-09,,,,,,
coordinate_change,20,64.0,1.0260799461725729e-09,,,,,,
coordinate_change,20,65.0,5.90412252615334e-10,,,,,,
coordinate_change,20,66.0,1.0264723696655821e-09,,,,,,
coordinate_change,20,67.0,4.5448466526076033e-10,,,,,,
coordinate_change,20,68.0,1.2642849481047675e-09,,,,,,
coordinate_change,20,69.0,3.564986163440589e-09,,,,,,
coordinate_change,20,70.0,1.413868413422985e-09,,,,,,
coordinate_change,20,71.0,1.1348927328082024e-09,,,,,,
coordinate_change,20,72.0,1.0001479543547807e-09,,,,,,
coordinate_change,20,73.0,1.0318176888336994e-09,,,,,,
coordinate_change,20,74.0,1.6586837290161307e-09,,,,,,
coordinate_change,20,75.0,7.64491066100504e-10,,,,,,
coordinate_change,20,76.0,6.820082265333453e-10,,,,,,
coordinate_change,20,77.0,1.8166086272953282e-09,,,,,,
coordinate_change,20,78.0,1.7023509759303324e-09,,,,,,
coordinate_change,20,79.0,1.2182564254531794e-09,,,,,,
coordinate_change,20,80.0,3.333007744760428e-10,,,,,,
coordinate_change,20,81.0,1.5670466122616591e-09,,,,,,
coordinate_change,20,82.0,8.579088393058928e-10,,,,,,
coordinate_change,20,83.0,5.730817249443336e-10,,,,,,
coordinate_change,20,84.0,7.421865345286554e-10,,,,,,
coordinate_change,20,85.0,1.6415069160438282e-09,,,,,,
coordinate_change,20,86.0,1.1526751404580178e-09,,,,,,
coordinate_change,20,87.0,1.5533294298695422e-09,,,,,,
coordinate_change,20,88.0,2.1404321630781003e-09,,,,,,
coordinate_change,20,89.0,1.0652554996285609e-09,,,,,,
coordinate_change,20,90.0,1.2162992717079663e-09,,,,,,
coordinate_change,20,91.0,2.561683619288238e-09,,,,,,
coordinate_change,20,92.0,1.0176196182118084e-09,,,,,,
coordinate_change,20,93.0,1.7436725989069394e-09,,,,,,
coordinate_change,20,94.0,1.826890091607579e-09,,,,,,
coordinate_change,20,95.0,4.893468776794011e-09,,,,,,
coordinate_change,20,96.0,3.689492378922703e-10,,,,,,
coordinate_change,20,97.0,5.728792741767123e-10,,,,,,
coordinate_change,20,98.0,2.701660190981897e-09,,,,,,
coordinate_change,20,99.0,1.2089416453589597e-09,,,,,,
exact_duplication,20,,8.078719965003453e-16,20.0,40.0,12.69822716930164,12.69822716930167,30.743294481752777,30.743294481752798
