scenario,seed,criterion,mode,forecast_mse,log_score,coverage_90,mean_width_90,between_fraction,selected
early_seir_infected_only,0,aic,hard,0.00010720685420720865,-2.3791181718234324,1.0,0.12364691028580031,0.0,sir
early_seir_infected_only,0,aic,average,0.0001733860389203542,-2.2652760464609387,1.0,0.13808114586210524,0.0901373928210197,sir
early_seir_infected_only,0,bic,hard,0.00010720685420720865,-2.3791181718234324,1.0,0.12364691028580031,0.0,sir
early_seir_infected_only,0,bic,average,0.00017450521204817943,-2.2970190107257533,1.0,0.13302877020542767,0.06654416281398044,sir
early_seir_infected_only,0,gic_eff,hard,0.0005796290214765713,-2.220781725236567,1.0,0.12570123555066792,0.0,seir
early_seir_infected_only,0,gic_eff,average,0.00022085801469677133,-2.145302940877797,1.0,0.15598482311051207,0.2168860402180537,seir
early_seir_infected_only,0,gic_vol_050,hard,0.0005796290214765713,-2.220781725236567,1.0,0.12570123555066792,0.0,seir
early_seir_infected_only,0,gic_vol_050,average,0.00027099054513126823,-2.1787499545707907,1.0,0.1482856508209913,0.188917236371373,seir
early_seir_infected_only,0,ogic_p,hard,0.0005796290214765713,-2.220781725236567,1.0,0.12570123555066792,0.0,seir
early_seir_infected_only,0,ogic_p,average,0.00017375783776123871,-2.119265941408225,1.0,0.16157385917069986,0.25442224837589394,seir
early_seir_infected_only,1,aic,hard,0.00020157616346125717,-2.380241401158865,1.0,0.12064800015654874,0.0,seir
early_seir_infected_only,1,aic,average,3.6615346929787335e-05,-2.309968044577118,1.0,0.13489670877568105,0.10525130312386842,seir
early_seir_infected_only,1,bic,hard,4.9151226547583765e-06,-2.4617909374141846,1.0,0.11675868306761478,0.0,sir
early_seir_infected_only,1,bic,average,2.992638362641018e-05,-2.3545418810076515,1.0,0.129397974270335,0.08301156869269895,sir
early_seir_infected_only,1,gic_eff,hard,0.00020157616346125717,-2.380241401158865,1.0,0.12064800015654874,0.0,seir
early_seir_infected_only,1,gic_eff,average,5.650585583318767e-05,-2.126622824748148,1.0,0.16327678486569797,0.2545101310403179,seir
early_seir_infected_only,1,gic_vol_050,hard,0.00020157616346125717,-2.380241401158865,1.0,0.12064800015654874,0.0,seir
early_seir_infected_only,1,gic_vol_050,average,6.0945751548821304e-05,-2.1928224212418734,1.0,0.1524621933297661,0.23935902615166885,seir
early_seir_infected_only,1,ogic_p,hard,0.00020157616346125717,-2.380241401158865,1.0,0.12064800015654874,0.0,seir
early_seir_infected_only,1,ogic_p,average,4.998830596326451e-05,-2.085017747808235,1.0,0.1695260643929841,0.28973047810166896,seir
early_seir_infected_only,2,aic,hard,0.0009049304161095831,-2.072648078696767,1.0,0.13167290860791145,0.0,seir
early_seir_infected_only,2,aic,average,0.0002789291768344507,-2.157293748033371,1.0,0.15083542969341188,0.10677751815150517,seir
early_seir_infected_only,2,bic,hard,0.00034705170844097046,-2.3009697662220536,1.0,0.12302242768375908,0.0,sir
early_seir_infected_only,2,bic,average,0.00035322774682572546,-2.181467798148216,1.0,0.14329924366685148,0.08725669750580439,sir
early_seir_infected_only,2,gic_eff,hard,0.0009049304161095831,-2.072648078696767,1.0,0.13167290860791145,0.0,seir
early_seir_infected_only,2,gic_eff,average,0.0002952953180126614,-2.026560760816708,1.0,0.1744195646099469,0.2769491536199346,seir
early_seir_infected_only,2,gic_vol_050,hard,0.0009049304161095831,-2.072648078696767,1.0,0.13167290860791145,0.0,seir
early_seir_infected_only,2,gic_vol_050,average,0.00044063208300914046,-2.0594803835260422,1.0,0.16230796757771662,0.2656487118125927,seir
early_seir_infected_only,2,ogic_p,hard,0.0009049304161095831,-2.072648078696767,1.0,0.13167290860791145,0.0,seir
early_seir_infected_only,2,ogic_p,average,0.00018178371095900825,-2.004231744138593,1.0,0.18179236127468834,0.3112513848025312,seir
early_seir_infected_only,3,aic,hard,0.00300322271455716,-1.6182533911025123,1.0,0.13317988814702633,0.0,sir
early_seir_infected_only,3,aic,average,0.0027105122754072365,-1.7146277092726827,1.0,0.14327393788077936,0.01990604710511843,sir
early_seir_infected_only,3,bic,hard,0.00300322271455716,-1.6182533911025123,1.0,0.13317988814702633,0.0,sir
early_seir_infected_only,3,bic,average,0.0027580432802345816,-1.697273186143902,1.0,0.13972197288993743,0.016642174207698496,sir
early_seir_infected_only,3,gic_eff,hard,0.00300322271455716,-1.6182533911025123,1.0,0.13317988814702633,0.0,sir
early_seir_infected_only,3,gic_eff,average,0.0028666662905120033,-1.6620412793138744,1.0,0.14476396697230717,0.09166457717244979,sir
early_seir_infected_only,3,gic_vol_050,hard,0.00300322271455716,-1.6182533911025123,1.0,0.13317988814702633,0.0,sir
early_seir_infected_only,3,gic_vol_050,average,0.002810736380126509,-1.6637336273508394,1.0,0.14302862487486168,0.11689868194866586,sir
early_seir_infected_only,3,ogic_p,hard,0.00300322271455716,-1.6182533911025123,1.0,0.13317988814702633,0.0,sir
early_seir_infected_only,3,ogic_p,average,0.002924802695926609,-1.6512403248248149,1.0,0.14683477760856467,0.09844464637041021,sir
early_seir_infected_only,4,aic,hard,0.0001242236585933052,-2.1064866265423183,1.0,0.16418875042407163,0.0,seir
early_seir_infected_only,4,aic,average,9.375660605275361e-05,-2.1426922922453167,1.0,0.1587399125330556,0.011252058864463127,seir
early_seir_infected_only,4,bic,hard,9.375282249046685e-05,-2.257306205661689,1.0,0.1401825902696814,0.0,sir
early_seir_infected_only,4,bic,average,8.800384879435969e-05,-2.1648452293320815,1.0,0.15515886222587055,0.00951780319942049,sir
early_seir_infected_only,4,gic_eff,hard,0.0001242236585933052,-2.1064866265423183,1.0,0.16418875042407163,0.0,seir
early_seir_infected_only,4,gic_eff,average,8.136034030575137e-05,-2.146958898531799,1.0,0.15854981271006888,0.04976456249428496,seir
early_seir_infected_only,4,gic_vol_050,hard,0.0001242236585933052,-2.1064866265423183,1.0,0.16418875042407163,0.0,seir
early_seir_infected_only,4,gic_vol_050,average,8.321187552596476e-05,-2.1587035337295943,1.0,0.15655321013124843,0.04352208538291153,seir
early_seir_infected_only,4,ogic_p,hard,0.0001242236585933052,-2.1064866265423183,1.0,0.16418875042407163,0.0,seir
early_seir_infected_only,4,ogic_p,average,8.232995716888151e-05,-2.1332439591673094,1.0,0.16087825311030754,0.06054422674749984,seir
early_seir_infected_only,5,aic,hard,0.0007741987861498833,-2.1394941096127895,1.0,0.12647577719608588,0.0,sir
early_seir_infected_only,5,aic,average,0.0006347131693259969,-2.1526956490284324,1.0,0.1323714423067072,0.040618159667918326,sir
early_seir_infected_only,5,bic,hard,0.0007741987861498833,-2.1394941096127895,1.0,0.12647577719608588,0.0,sir
early_seir_infected_only,5,bic,average,0.0006405582863114025,-2.1626796639350805,1.0,0.12991110905281303,0.03060672164005183,sir
early_seir_infected_only,5,gic_eff,hard,0.0007650247274859412,-2.14161464074811,1.0,0.12657814612292007,0.0,ude_sir_h2
early_seir_infected_only,5,gic_eff,average,0.0007904357667611897,-2.06991945690578,1.0,0.13861010020100584,0.19702337383619217,ude_sir_h2
early_seir_infected_only,5,gic_vol_050,hard,0.0007741987861498833,-2.1394941096127895,1.0,0.12647577719608588,0.0,sir
early_seir_infected_only,5,gic_vol_050,average,0.0007037295856508392,-2.1034106575639284,1.0,0.13612696262292504,0.18909995242122593,sir
early_seir_infected_only,5,ogic_p,hard,0.0007650247274859412,-2.14161464074811,1.0,0.12657814612292007,0.0,ude_sir_h2
early_seir_infected_only,5,ogic_p,average,0.000896367304668033,-2.02492589431265,1.0,0.14250395395013274,0.23537844128089405,ude_sir_h2
early_seir_infected_only,6,aic,hard,2.2406415890847558e-07,-2.376111094074903,1.0,0.130160316405602,0.0,seir
early_seir_infected_only,6,aic,average,0.000202414476706879,-2.2103556807433384,1.0,0.14568901897386696,0.0950504906358461,seir
early_seir_infected_only,6,bic,hard,2.2406415890847558e-07,-2.376111094074903,1.0,0.130160316405602,0.0,seir
early_seir_infected_only,6,bic,average,0.0001327602424607018,-2.263924040613702,1.0,0.13947249024812805,0.08027516759181354,seir
early_seir_infected_only,6,gic_eff,hard,2.2406415890847558e-07,-2.376111094074903,1.0,0.130160316405602,0.0,seir
early_seir_infected_only,6,gic_eff,average,0.00011778501728093166,-2.182540599814312,1.0,0.1516281561584878,0.18356664164524947,seir
early_seir_infected_only,6,gic_vol_050,hard,2.2406415890847558e-07,-2.376111094074903,1.0,0.130160316405602,0.0,seir
early_seir_infected_only,6,gic_vol_050,average,4.3108307975158764e-05,-2.2509460484337107,1.0,0.14371214070277252,0.16314918115913837,seir
early_seir_infected_only,6,ogic_p,hard,2.2406415890847558e-07,-2.376111094074903,1.0,0.130160316405602,0.0,seir
early_seir_infected_only,6,ogic_p,average,0.00020191220286005555,-2.133075646633469,1.0,0.15661346756856878,0.20822911406406872,seir
early_seir_infected_only,7,aic,hard,0.0023243349030131095,-1.6182407074215892,1.0,0.12466886782042479,0.0,sir
early_seir_infected_only,7,aic,average,0.0019410470916573868,-1.7392631001689007,1.0,0.12666087207666266,0.0310236460646372,sir
early_seir_infected_only,7,bic,hard,0.0023243349030131095,-1.6182407074215892,1.0,0.12466886782042479,0.0,sir
early_seir_infected_only,7,bic,average,0.002014022990978005,-1.7154551054438574,1.0,0.1259603460246849,0.025877843505078695,sir
early_seir_infected_only,7,gic_eff,hard,0.0023083323257584117,-1.6232103600621846,1.0,0.1248365260854971,0.0,ude_sir_h2
early_seir_infected_only,7,gic_eff,average,0.0020145036850381447,-1.7165455341956444,1.0,0.12855860532253707,0.08939160067139096,ude_sir_h2
early_seir_infected_only,7,gic_vol_050,hard,0.0023243349030131095,-1.6182407074215892,1.0,0.12466886782042479,0.0,sir
early_seir_infected_only,7,gic_vol_050,average,0.0019408879855948985,-1.7355977397840958,1.0,0.12782609008633497,0.09096377981252542,sir
early_seir_infected_only,7,ogic_p,hard,0.0023083323257584117,-1.6232103600621846,1.0,0.1248365260854971,0.0,ude_sir_h2
early_seir_infected_only,7,ogic_p,average,0.0020554755332541324,-1.706682521859645,1.0,0.1297809949218529,0.10494605590368304,ude_sir_h2
early_seir_infected_only,8,aic,hard,0.00011820862625574207,-2.308017677621168,1.0,0.13568487699580065,0.0,sir
early_seir_infected_only,8,aic,average,7.7477006790085e-05,-2.2636776791922717,1.0,0.1437563654081366,0.026566975492347277,sir
early_seir_infected_only,8,bic,hard,0.00011820862625574207,-2.308017677621168,1.0,0.13568487699580065,0.0,sir
early_seir_infected_only,8,bic,average,7.734861167565928e-05,-2.282455574611161,1.0,0.14098284484995335,0.020166148918245985,sir
early_seir_infected_only,8,gic_eff,hard,8.674989201915018e-06,-2.297328708090057,1.0,0.14147187364708255,0.0,seir
early_seir_infected_only,8,gic_eff,average,8.856772990860594e-05,-2.2411002279921983,1.0,0.14577899209068249,0.10160924928471864,seir
early_seir_infected_only,8,gic_vol_050,hard,8.674989201915018e-06,-2.297328708090057,1.0,0.14147187364708255,0.0,seir
early_seir_infected_only,8,gic_vol_050,average,6.668198311081228e-05,-2.261578035890469,1.0,0.14357995775083918,0.09349010660180292,seir
early_seir_infected_only,8,ogic_p,hard,8.674989201915018e-06,-2.297328708090057,1.0,0.14147187364708255,0.0,seir
early_seir_infected_only,8,ogic_p,average,0.0001081307509446402,-2.216567218720454,1.0,0.1485951112133501,0.1242761180339821,seir
early_seir_infected_only,9,aic,hard,0.004985784585963104,-0.8706970876146821,0.16666666666666666,0.12766034318814024,0.0,sir
early_seir_infected_only,9,aic,average,0.005506308099500187,-0.9501584935149731,0.3333333333333333,0.13645813722583397,0.015721860412373393,sir
early_seir_infected_only,9,bic,hard,0.004985784585963104,-0.8706970876146821,0.16666666666666666,0.12766034318814024,0.0,sir
early_seir_infected_only,9,bic,average,0.005335305371302502,-0.9382551411040874,0.3333333333333333,0.1343552074107154,0.012316098561778241,sir
early_seir_infected_only,9,gic_eff,hard,0.005464853332620162,-0.9957527825255824,0.5,0.14028786365135684,0.0,seir
early_seir_infected_only,9,gic_eff,average,0.00545976810159347,-0.9302635506653142,0.3333333333333333,0.1356337792388076,0.02758182096956929,seir
early_seir_infected_only,9,gic_vol_050,hard,0.005464853332620162,-0.9957527825255824,0.5,0.14028786365135684,0.0,seir
early_seir_infected_only,9,gic_vol_050,average,0.005302553684116147,-0.9134993036193956,0.16666666666666666,0.13390723724658685,0.0261965962845294,seir
early_seir_infected_only,9,ogic_p,hard,0.005464853332620162,-0.9957527825255824,0.5,0.14028786365135684,0.0,seir
early_seir_infected_only,9,ogic_p,average,0.005578046643838888,-0.932807722680241,0.3333333333333333,0.13679747218123656,0.030766784669401758,seir
early_seir_infected_only,10,aic,hard,0.0008783184464937052,-2.1053598942311997,1.0,0.1265395471868492,0.0,sir
early_seir_infected_only,10,aic,average,0.000655979481519754,-2.1538681476534496,1.0,0.12984514786813586,0.03173094465504204,sir
early_seir_infected_only,10,bic,hard,0.0008783184464937052,-2.1053598942311997,1.0,0.1265395471868492,0.0,sir
early_seir_infected_only,10,bic,average,0.000692821211146537,-2.149837800094026,1.0,0.12865580283979114,0.025804382640457143,sir
early_seir_infected_only,10,gic_eff,hard,0.000868876109439035,-2.1075426734955016,1.0,0.12664961413052245,0.0,ude_sir_h2
early_seir_infected_only,10,gic_eff,average,0.0007191523374076703,-2.117772261908129,1.0,0.13268653448103843,0.1094594526815751,ude_sir_h2
early_seir_infected_only,10,gic_vol_050,hard,0.00019890690596651835,-2.3352503118873433,1.0,0.12291051841671417,0.0,seir
early_seir_infected_only,10,gic_vol_050,average,0.0006695429493104209,-2.1387998964005908,1.0,0.1313996454940216,0.1038888367624896,seir
early_seir_infected_only,10,ogic_p,hard,0.00019890690596651835,-2.3352503118873433,1.0,0.12291051841671417,0.0,seir
early_seir_infected_only,10,ogic_p,average,0.0007556401547772969,-2.096566409037894,1.0,0.1346795855280731,0.13274105449318283,seir
early_seir_infected_only,11,aic,hard,8.018397641185243e-05,-2.3217439812362493,1.0,0.13483631434468257,0.0,sir
early_seir_infected_only,11,aic,average,9.468940792080393e-05,-2.224595778667368,1.0,0.14903154488834106,0.06016566949958451,sir
early_seir_infected_only,11,bic,hard,8.018397641185243e-05,-2.3217439812362493,1.0,0.13483631434468257,0.0,sir
early_seir_infected_only,11,bic,average,7.073515268995894e-05,-2.2647175133004125,1.0,0.14358147933902302,0.04256534350585719,sir
early_seir_infected_only,11,gic_eff,hard,7.73384474696926e-05,-2.3215810779733834,1.0,0.13496730037417648,0.0,ude_sir_h2
early_seir_infected_only,11,gic_eff,average,0.0001194081019845771,-2.1818827316910596,1.0,0.1526990979198438,0.20218436100544843,ude_sir_h2
early_seir_infected_only,11,gic_vol_050,hard,3.146474298982809e-05,-2.3190405484053898,1.0,0.1366876501018044,0.0,seir
early_seir_infected_only,11,gic_vol_050,average,6.648675894053673e-05,-2.2241160961519424,1.0,0.1477705208118585,0.18926264075469232,seir
early_seir_infected_only,11,ogic_p,hard,3.146474298982809e-05,-2.3190405484053898,1.0,0.1366876501018044,0.0,seir
early_seir_infected_only,11,ogic_p,average,0.00018508639605761934,-2.133653820237338,1.0,0.15816615480271748,0.23837490570310227,seir
early_seir_infected_only,12,aic,hard,0.0025077928122068495,-1.7920694490396256,1.0,0.12747251765485035,0.0,sir
early_seir_infected_only,12,aic,average,0.002552421298459864,-1.7965355041163018,1.0,0.14248593576242466,0.00268917773015896,sir
early_seir_infected_only,12,bic,hard,0.0025077928122068495,-1.7920694490396256,1.0,0.12747251765485035,0.0,sir
early_seir_infected_only,12,bic,average,0.002542013951252411,-1.799729508126293,1.0,0.13680180667564043,0.001921436442758716,sir
early_seir_infected_only,12,gic_eff,hard,0.0025077928122068495,-1.7920694490396256,1.0,0.12747251765485035,0.0,sir
early_seir_infected_only,12,gic_eff,average,0.0027218264563794482,-1.735056419389651,1.0,0.1432714215135334,0.07056917732770938,sir
early_seir_infected_only,12,gic_vol_050,hard,0.0025077928122068495,-1.7920694490396256,1.0,0.12747251765485035,0.0,sir
early_seir_infected_only,12,gic_vol_050,average,0.002810737157845574,-1.7044550264300675,1.0,0.1377668141561592,0.10324561489731965,sir
early_seir_infected_only,12,ogic_p,hard,0.0025077928122068495,-1.7920694490396256,1.0,0.12747251765485035,0.0,sir
early_seir_infected_only,12,ogic_p,average,0.0027529985208721414,-1.7250913946016837,1.0,0.146928173227744,0.07693833458147223,sir
early_seir_infected_only,13,aic,hard,0.002410383058475902,-1.7938228861972327,1.0,0.1343831908848146,0.0,sir
early_seir_infected_only,13,aic,average,0.001603694466895506,-1.9193418271334777,1.0,0.1497879564983873,0.05730444345667041,sir
early_seir_infected_only,13,bic,hard,0.002410383058475902,-1.7938228861972327,1.0,0.1343831908848146,0.0,sir
early_seir_infected_only,13,bic,average,0.0017473277883934101,-1.9126952927173946,1.0,0.14458662111737994,0.05458108334226766,sir
early_seir_infected_only,13,gic_eff,hard,0.000408064665103689,-2.276160593072938,1.0,0.12715261727706872,0.0,seir
early_seir_infected_only,13,gic_eff,average,0.002655377483727441,-1.6463393136570916,1.0,0.15773087214379686,0.35120195416239036,seir
early_seir_infected_only,13,gic_vol_050,hard,0.000408064665103689,-2.276160593072938,1.0,0.12715261727706872,0.0,seir
early_seir_infected_only,13,gic_vol_050,average,0.00260997846829809,-1.6498039112883862,1.0,0.1558439085514364,0.41715174603203814,seir
early_seir_infected_only,13,ogic_p,hard,0.008690273441085675,4.163323353663241,0.0,0.08004863833847199,0.0,neural_ode_h2
early_seir_infected_only,13,ogic_p,average,0.0029003737398462376,-1.5938426813161186,1.0,0.15955553423012367,0.35111338363453326,neural_ode_h2
early_seir_infected_only,14,aic,hard,0.00010459647364196961,-2.2269954679971193,1.0,0.14693351382772488,0.0,sir
early_seir_infected_only,14,aic,average,0.00015830380189304949,-2.1357979125416464,1.0,0.1606191453685957,0.01028566212943722,sir
early_seir_infected_only,14,bic,hard,0.00010459647364196961,-2.2269954679971193,1.0,0.14693351382772488,0.0,sir
early_seir_infected_only,14,bic,average,0.00013657215401382338,-2.165563665040089,1.0,0.1561369664782933,0.006964559178724663,sir
early_seir_infected_only,14,gic_eff,hard,0.00010459647364196961,-2.2269954679971193,1.0,0.14693351382772488,0.0,sir
early_seir_infected_only,14,gic_eff,average,0.00016139401895992852,-2.1263477374382327,1.0,0.16200065861183385,0.08436500263735415,sir
early_seir_infected_only,14,gic_vol_050,hard,0.00010459647364196961,-2.2269954679971193,1.0,0.14693351382772488,0.0,sir
early_seir_infected_only,14,gic_vol_050,average,0.00013844505180516685,-2.1500639625608997,1.0,0.15863714950655047,0.08734777276547935,sir
early_seir_infected_only,14,ogic_p,hard,0.00016122028457604437,-2.110043648312045,1.0,0.16509589277755118,0.0,seir
early_seir_infected_only,14,ogic_p,average,0.0001846347148034938,-2.1030896143241264,1.0,0.16536865329990583,0.09955383581350463,seir
early_seir_infected_only,15,aic,hard,8.46757973320698e-06,-2.3408186239819315,1.0,0.1341139717915966,0.0,sir
early_seir_infected_only,15,aic,average,3.299102195368453e-06,-2.255777459530109,1.0,0.14576121816992044,0.06557695999297254,sir
early_seir_infected_only,15,bic,hard,8.46757973320698e-06,-2.3408186239819315,1.0,0.1341139717915966,0.0,sir
early_seir_infected_only,15,bic,average,3.0811495563529076e-06,-2.292487978989037,1.0,0.14061872639835946,0.04406969124775325,sir
early_seir_infected_only,15,gic_eff,hard,7.199598851375077e-06,-2.3407887405512775,1.0,0.13415280530245913,0.0,ude_sir_h2
early_seir_infected_only,15,gic_eff,average,9.248318532637454e-05,-2.1128585385905407,1.0,0.1621111789592006,0.3626455296268432,ude_sir_h2
early_seir_infected_only,15,gic_vol_050,hard,8.46757973320698e-06,-2.3408186239819315,1.0,0.1341139717915966,0.0,sir
early_seir_infected_only,15,gic_vol_050,average,4.284447152974383e-05,-2.1573540580327273,1.0,0.15670540273915906,0.3435842068192512,sir
early_seir_infected_only,15,ogic_p,hard,7.199598851375077e-06,-2.3407887405512775,1.0,0.13415280530245913,0.0,ude_sir_h2
early_seir_infected_only,15,ogic_p,average,0.00019684124173237002,-2.048603509742463,1.0,0.16924605891564806,0.4125447177250581,ude_sir_h2
early_seir_infected_only,16,aic,hard,0.001795535988476204,-1.83704964998726,1.0,0.13082207761728745,0.0,sir
early_seir_infected_only,16,aic,average,0.0015187478872839253,-1.8981639144183742,1.0,0.131580552002453,0.026110157600613984,sir
early_seir_infected_only,16,bic,hard,0.001795535988476204,-1.83704964998726,1.0,0.13082207761728745,0.0,sir
early_seir_infected_only,16,bic,average,0.0015666283289646945,-1.8897038545581104,1.0,0.1307760633395464,0.020305074096537017,sir
early_seir_infected_only,16,gic_eff,hard,0.001795535988476204,-1.83704964998726,1.0,0.13082207761728745,0.0,sir
early_seir_infected_only,16,gic_eff,average,0.0022852171898807105,-1.6785243390712543,1.0,0.14494490891413633,0.30377677505543565,sir
early_seir_infected_only,16,gic_vol_050,hard,0.000725846295440649,-2.1622881891875303,1.0,0.11476981808301363,0.0,seir
early_seir_infected_only,16,gic_vol_050,average,0.0021887933792346017,-1.7004416978830375,1.0,0.1438771424666286,0.31191458689860035,seir
early_seir_infected_only,16,ogic_p,hard,0.001795535988476204,-1.83704964998726,1.0,0.13082207761728745,0.0,sir
early_seir_infected_only,16,ogic_p,average,0.0025494507074441957,-1.6149778047843222,1.0,0.1479759314741049,0.3425219602532323,sir
early_seir_infected_only,17,aic,hard,0.001287987461826638,-1.9261893610206233,1.0,0.11368471304838514,0.0,sir
early_seir_infected_only,17,aic,average,0.0009772895959433085,-2.0261752834705367,1.0,0.11967847734571901,0.049373877768923026,sir
early_seir_infected_only,17,bic,hard,0.001287987461826638,-1.9261893610206233,1.0,0.11368471304838514,0.0,sir
early_seir_infected_only,17,bic,average,0.0010158453089954955,-2.020259562387672,1.0,0.11785688811965783,0.03999444239900383,sir
early_seir_infected_only,17,gic_eff,hard,0.0004668680798199786,-2.2517197893495857,1.0,0.11421742407146081,0.0,seir
early_seir_infected_only,17,gic_eff,average,0.0010741118969276953,-1.9883833698920312,1.0,0.1234209405152844,0.14709465555048826,seir
early_seir_infected_only,17,gic_vol_050,hard,0.0004668680798199786,-2.2517197893495857,1.0,0.11421742407146081,0.0,seir
early_seir_infected_only,17,gic_vol_050,average,0.0010001591198427284,-2.0217189917032816,1.0,0.1215484574962775,0.13240357864988916,seir
early_seir_infected_only,17,ogic_p,hard,0.0004668680798199786,-2.2517197893495857,1.0,0.11421742407146081,0.0,seir
early_seir_infected_only,17,ogic_p,average,0.001139424522399703,-1.9578767376411557,1.0,0.12615632000858923,0.17850058417644077,seir
early_seir_infected_only,18,aic,hard,0.0008005394029101069,-2.13079086657841,1.0,0.12220500231041447,0.0,sir
early_seir_infected_only,18,aic,average,0.000761046029546436,-2.1086741045864694,1.0,0.13526311510916278,0.05786704785232738,sir
early_seir_infected_only,18,bic,hard,0.0008005394029101069,-2.13079086657841,1.0,0.12220500231041447,0.0,sir
early_seir_infected_only,18,bic,average,0.0007096451062383785,-2.1358302639608424,1.0,0.13099313704543,0.04428050746939557,sir
early_seir_infected_only,18,gic_eff,hard,0.0002324165051079657,-2.3080293419644495,1.0,0.1265860059832979,0.0,seir
early_seir_infected_only,18,gic_eff,average,0.0007270237670664387,-2.1057069025447803,1.0,0.13508449860606386,0.13245712431150827,seir
early_seir_infected_only,18,gic_vol_050,hard,0.0002324165051079657,-2.3080293419644495,1.0,0.1265860059832979,0.0,seir
early_seir_infected_only,18,gic_vol_050,average,0.0006096616581801611,-2.1523696492032016,1.0,0.1313792378216991,0.11911556277892586,seir
early_seir_infected_only,18,ogic_p,hard,0.0002324165051079657,-2.3080293419644495,1.0,0.1265860059832979,0.0,seir
early_seir_infected_only,18,ogic_p,average,0.0008305110902384104,-2.0637358705799276,1.0,0.1389096106034843,0.15782593027837155,seir
early_seir_infected_only,19,aic,hard,0.00039405666386709676,-2.245156934125563,1.0,0.13329685647906925,0.0,sir
early_seir_infected_only,19,aic,average,0.00030125379910935505,-2.2210389296768613,1.0,0.13866229707639846,0.041875423007346396,sir
early_seir_infected_only,19,bic,hard,0.00039405666386709676,-2.245156934125563,1.0,0.13329685647906925,0.0,sir
early_seir_infected_only,19,bic,average,0.0003071342250890651,-2.2410106815728956,1.0,0.13606128666029835,0.02969460336994827,sir
early_seir_infected_only,19,gic_eff,hard,0.00038778402835482176,-2.2458410092284047,1.0,0.13345577863230978,0.0,ude_sir_h2
early_seir_infected_only,19,gic_eff,average,0.0004386882328317821,-2.1394096360745976,1.0,0.14511258949020397,0.20205037436271725,ude_sir_h2
early_seir_infected_only,19,gic_vol_050,hard,0.00039405666386709676,-2.245156934125563,1.0,0.13329685647906925,0.0,sir
early_seir_infected_only,19,gic_vol_050,average,0.00037720209085601665,-2.1743913742905416,1.0,0.14209214565581438,0.19603318579120885,sir
early_seir_infected_only,19,ogic_p,hard,0.00038778402835482176,-2.2458410092284047,1.0,0.13345577863230978,0.0,ude_sir_h2
early_seir_infected_only,19,ogic_p,average,0.0005160358256414161,-2.095478044005305,1.0,0.14900372834031472,0.23635664363306264,ude_sir_h2
missing_neural_feedback,0,aic,hard,3.400531902218199e-05,-3.197947082215612,1.0,0.049818207197154615,0.0,tv_sir
missing_neural_feedback,0,aic,average,3.0878366687975196e-05,-3.1968647056813335,1.0,0.05033830382925159,0.019105683973346263,tv_sir
missing_neural_feedback,0,bic,hard,3.400531902218199e-05,-3.197947082215612,1.0,0.049818207197154615,0.0,tv_sir
missing_neural_feedback,0,bic,average,3.399506569600396e-05,-3.1979423543779655,1.0,0.04982004730992484,7.099031889232244e-05,tv_sir
missing_neural_feedback,0,gic_eff,hard,5.859111392615573e-06,-3.2315669946571455,1.0,0.05122834061958476,0.0,neural_ode_h2
missing_neural_feedback,0,gic_eff,average,1.1285725127081633e-06,-3.1673276659278966,1.0,0.05526318855924061,0.13886153708641602,neural_ode_h2
missing_neural_feedback,0,gic_vol_050,hard,5.859111392615573e-06,-3.2315669946571455,1.0,0.05122834061958476,0.0,neural_ode_h2
missing_neural_feedback,0,gic_vol_050,average,3.424141999729947e-07,-3.1943595030496152,1.0,0.05381668185908382,0.09305561499437326,neural_ode_h2
missing_neural_feedback,0,ogic_p,hard,5.859111392615573e-06,-3.2315669946571455,1.0,0.05122834061958476,0.0,neural_ode_h2
missing_neural_feedback,0,ogic_p,average,2.7466766813443977e-07,-3.193014020433846,1.0,0.0538977456205623,0.09567760573848719,neural_ode_h2
missing_neural_feedback,1,aic,hard,1.5403573254881937e-05,-3.238748914013311,1.0,0.04977962751351006,0.0,tv_sir
missing_neural_feedback,1,aic,average,1.533076745515656e-05,-3.2386282411622727,1.0,0.04979555045832702,0.0006119365073868333,tv_sir
missing_neural_feedback,1,bic,hard,1.5403573254881937e-05,-3.238748914013311,1.0,0.04977962751351006,0.0,tv_sir
missing_neural_feedback,1,bic,average,1.540331302787005e-05,-3.2387484871580132,1.0,0.049779684200671574,2.1824703579887862e-06,tv_sir
missing_neural_feedback,1,gic_eff,hard,1.5403573254881937e-05,-3.238748914013311,1.0,0.04977962751351006,0.0,tv_sir
missing_neural_feedback,1,gic_eff,average,5.0381986231802114e-06,-3.164176921219725,1.0,0.0550778348663241,0.15924142911888842,tv_sir
missing_neural_feedback,1,gic_vol_050,hard,1.5403573254881937e-05,-3.238748914013311,1.0,0.04977962751351006,0.0,tv_sir
missing_neural_feedback,1,gic_vol_050,average,7.028310701440767e-06,-3.1570221402724354,1.0,0.05529765045424094,0.1633864154620929,tv_sir
missing_neural_feedback,1,ogic_p,hard,1.5403573254881937e-05,-3.238748914013311,1.0,0.04977962751351006,0.0,tv_sir
missing_neural_feedback,1,ogic_p,average,5.1250369855656874e-06,-3.161862479650095,1.0,0.05520517396303504,0.16125168393296846,tv_sir
missing_neural_feedback,2,aic,hard,6.171097260558281e-05,-3.1361012728136726,1.0,0.05006142053980711,0.0,tv_sir
missing_neural_feedback,2,aic,average,6.152833948902696e-05,-3.136271830337257,1.0,0.05008277162929241,0.0008209779775283234,tv_sir
missing_neural_feedback,2,bic,hard,6.171097260558281e-05,-3.1361012728136726,1.0,0.05006142053980711,0.0,tv_sir
missing_neural_feedback,2,bic,average,6.171032089627714e-05,-3.1361018857298575,1.0,0.050061496599555645,2.9292178271973123e-06,tv_sir
missing_neural_feedback,2,gic_eff,hard,6.171097260558281e-05,-3.1361012728136726,1.0,0.05006142053980711,0.0,tv_sir
missing_neural_feedback,2,gic_eff,average,4.235697088421548e-06,-3.142729954581291,1.0,0.056553287298315894,0.18908546328007866,tv_sir
missing_neural_feedback,2,gic_vol_050,hard,6.171097260558281e-05,-3.1361012728136726,1.0,0.05006142053980711,0.0,tv_sir
missing_neural_feedback,2,gic_vol_050,average,3.356751285592891e-06,-3.1410658792122623,1.0,0.05671450074980094,0.19239372967969925,tv_sir
missing_neural_feedback,2,ogic_p,hard,6.171097260558281e-05,-3.1361012728136726,1.0,0.05006142053980711,0.0,tv_sir
missing_neural_feedback,2,ogic_p,average,3.6874730946075753e-06,-3.140689947326069,1.0,0.056712825539998124,0.19244685871339154,tv_sir
missing_neural_feedback,3,aic,hard,2.7237596835507286e-05,-3.21189082360006,1.0,0.04985636214624257,0.0,tv_sir
missing_neural_feedback,3,aic,average,2.694386618829172e-05,-3.211769609137625,1.0,0.04990326890446013,0.0017722782569783398,tv_sir
missing_neural_feedback,3,bic,hard,2.7237596835507286e-05,-3.21189082360006,1.0,0.04985636214624257,0.0,tv_sir
missing_neural_feedback,3,bic,average,2.7236527484876682e-05,-3.2118905208822452,1.0,0.04985652541413416,6.248302049117133e-06,tv_sir
missing_neural_feedback,3,gic_eff,hard,7.715537678708548e-05,-3.09441176323058,1.0,0.05072358496990395,0.0,ude_sir_h2
missing_neural_feedback,3,gic_eff,average,9.638069265136398e-07,-3.1472329431849437,1.0,0.056404521027375955,0.18910541181384843,ude_sir_h2
missing_neural_feedback,3,gic_vol_050,hard,5.4443324850578336e-05,-3.1336551886484076,1.0,0.05106052200997284,0.0,neural_ode_h2
missing_neural_feedback,3,gic_vol_050,average,4.850458349752314e-07,-3.144118898656601,1.0,0.05660066783297245,0.1926289713670113,neural_ode_h2
missing_neural_feedback,3,ogic_p,hard,5.4443324850578336e-05,-3.1336551886484076,1.0,0.05106052200997284,0.0,neural_ode_h2
missing_neural_feedback,3,ogic_p,average,2.8616083472731314e-06,-3.145631641527428,1.0,0.056264401362258784,0.18252675592675383,neural_ode_h2
missing_neural_feedback,4,aic,hard,4.6188187341954e-05,-3.1718022103249,1.0,0.04980077768243586,0.0,tv_sir
missing_neural_feedback,4,aic,average,4.5802692576774853e-05,-3.171866039601449,1.0,0.049859053679387144,0.002228311039312102,tv_sir
missing_neural_feedback,4,bic,hard,4.6188187341954e-05,-3.1718022103249,1.0,0.04980077768243586,0.0,tv_sir
missing_neural_feedback,4,bic,average,4.6186812380114135e-05,-3.171802448755233,1.0,0.04980098570000871,7.984670499557033e-06,tv_sir
missing_neural_feedback,4,gic_eff,hard,0.0001289058429804376,-2.986139008053499,1.0,0.05124762521872072,0.0,ude_sir_h2
missing_neural_feedback,4,gic_eff,average,1.3531595686602253e-05,-3.1002908269792844,1.0,0.05818133371989082,0.22113111532564123,ude_sir_h2
missing_neural_feedback,4,gic_vol_050,hard,0.0001289058429804376,-2.986139008053499,1.0,0.05124762521872072,0.0,ude_sir_h2
missing_neural_feedback,4,gic_vol_050,average,9.66407666913254e-06,-3.105588936862534,1.0,0.05820925737861168,0.22021740283583705,ude_sir_h2
missing_neural_feedback,4,ogic_p,hard,0.0001289058429804376,-2.986139008053499,1.0,0.05124762521872072,0.0,ude_sir_h2
missing_neural_feedback,4,ogic_p,average,1.0146716539908395e-05,-3.1048101382171436,1.0,0.0582131550123361,0.2208842401764867,ude_sir_h2
missing_neural_feedback,5,aic,hard,0.00010084788828942469,-3.052587248307093,1.0,0.05007391054631247,0.0,tv_sir
missing_neural_feedback,5,aic,average,0.00010015334656945728,-3.0537147103709565,1.0,0.05013768261901979,0.002439787467686194,tv_sir
missing_neural_feedback,5,bic,hard,0.00010084788828942469,-3.052587248307093,1.0,0.05007391054631247,0.0,tv_sir
missing_neural_feedback,5,bic,average,0.00010084540133590073,-3.052591327044671,1.0,0.050074138071627035,8.738090373341314e-06,tv_sir
missing_neural_feedback,5,gic_eff,hard,4.3795021184568e-05,-3.1586151916757523,1.0,0.05099464509639225,0.0,ude_sir_h2
missing_neural_feedback,5,gic_eff,average,9.016390354705337e-07,-3.132978606861681,1.0,0.057324483562238245,0.2044760067176879,ude_sir_h2
missing_neural_feedback,5,gic_vol_050,hard,4.3795021184568e-05,-3.1586151916757523,1.0,0.05099464509639225,0.0,ude_sir_h2
missing_neural_feedback,5,gic_vol_050,average,6.640791948665342e-07,-3.125104440130495,1.0,0.05779155346447587,0.21735701667914245,ude_sir_h2
missing_neural_feedback,5,ogic_p,hard,4.3795021184568e-05,-3.1586151916757523,1.0,0.05099464509639225,0.0,ude_sir_h2
missing_neural_feedback,5,ogic_p,average,7.341235051316839e-07,-3.124287732430413,1.0,0.05783446357526555,0.21855077560762728,ude_sir_h2
missing_neural_feedback,6,aic,hard,2.9185009105203895e-05,-3.2091072116497523,1.0,0.049776967946320645,0.0,tv_sir
missing_neural_feedback,6,aic,average,2.8642327306770786e-05,-3.208745101672217,1.0,0.049879609387514574,0.0039547230546178236,tv_sir
missing_neural_feedback,6,bic,hard,2.9185009105203895e-05,-3.2091072116497523,1.0,0.049776967946320645,0.0,tv_sir
missing_neural_feedback,6,bic,average,2.9183060378600623e-05,-3.2091059555954713,1.0,0.04977733591225664,1.4260361571675348e-05,tv_sir
missing_neural_feedback,6,gic_eff,hard,0.0001501660675953069,-2.944441041241249,1.0,0.05080077907849119,0.0,ude_sir_h2
missing_neural_feedback,6,gic_eff,average,5.662821104437749e-05,-3.0597403345685255,1.0,0.05637892159510907,0.18002312491856423,ude_sir_h2
missing_neural_feedback,6,gic_vol_050,hard,0.0001501660675953069,-2.944441041241249,1.0,0.05080077907849119,0.0,ude_sir_h2
missing_neural_feedback,6,gic_vol_050,average,5.541636686408157e-05,-3.0602272436742144,1.0,0.05648401385408638,0.18226447799313344,ude_sir_h2
missing_neural_feedback,6,ogic_p,hard,0.0001501660675953069,-2.944441041241249,1.0,0.05080077907849119,0.0,ude_sir_h2
missing_neural_feedback,6,ogic_p,average,5.4115307016798106e-05,-3.060661294646738,1.0,0.05660237251098118,0.18473202960192595,ude_sir_h2
missing_neural_feedback,7,aic,hard,3.348470570824536e-05,-3.1994535141608504,1.0,0.04979670143570039,0.0,tv_sir
missing_neural_feedback,7,aic,average,3.334851133669166e-05,-3.1993919648651117,1.0,0.049821557327415764,0.0009527873125409081,tv_sir
missing_neural_feedback,7,bic,hard,3.348470570824536e-05,-3.1994535141608504,1.0,0.04979670143570039,0.0,tv_sir
missing_neural_feedback,7,bic,average,3.3484219203901666e-05,-3.1994533004426136,1.0,0.049796789944494546,3.4009356417889095e-06,tv_sir
missing_neural_feedback,7,gic_eff,hard,3.348470570824536e-05,-3.1994535141608504,1.0,0.04979670143570039,0.0,tv_sir
missing_neural_feedback,7,gic_eff,average,4.59368631689035e-06,-3.122420594415504,1.0,0.05762472609819385,0.2149953168357294,tv_sir
missing_neural_feedback,7,gic_vol_050,hard,3.348470570824536e-05,-3.1994535141608504,1.0,0.04979670143570039,0.0,tv_sir
missing_neural_feedback,7,gic_vol_050,average,4.6076006291250816e-06,-3.1206617772119865,1.0,0.05773230612016895,0.2162033108729875,tv_sir
missing_neural_feedback,7,ogic_p,hard,3.348470570824536e-05,-3.1994535141608504,1.0,0.04979670143570039,0.0,tv_sir
missing_neural_feedback,7,ogic_p,average,4.413111266090384e-06,-3.120679417515246,1.0,0.05775265957886099,0.21619597661183623,tv_sir
missing_neural_feedback,8,aic,hard,4.702222598808321e-05,-3.16957321513416,1.0,0.04983275795254617,0.0,tv_sir
missing_neural_feedback,8,aic,average,4.673634819033881e-05,-3.169590093913178,1.0,0.04987975228148046,0.0017897717455820938,tv_sir
missing_neural_feedback,8,bic,hard,4.702222598808321e-05,-3.16957321513416,1.0,0.04983275795254617,0.0,tv_sir
missing_neural_feedback,8,bic,average,4.702120579389879e-05,-3.169573294277456,1.0,0.04983292482965962,6.401665444176515e-06,tv_sir
missing_neural_feedback,8,gic_eff,hard,0.00016548842191797534,-2.912519972695652,1.0,0.05149947608434947,0.0,ude_sir_h2
missing_neural_feedback,8,gic_eff,average,7.51740497461017e-06,-3.0861689832752432,1.0,0.05962888514141751,0.2472864311110469,ude_sir_h2
missing_neural_feedback,8,gic_vol_050,hard,0.00016548842191797534,-2.912519972695652,1.0,0.05149947608434947,0.0,ude_sir_h2
missing_neural_feedback,8,gic_vol_050,average,5.578556131903164e-06,-3.0893821439079447,1.0,0.059616814751901614,0.2425316441499432,ude_sir_h2
missing_neural_feedback,8,ogic_p,hard,0.00016548842191797534,-2.912519972695652,1.0,0.05149947608434947,0.0,ude_sir_h2
missing_neural_feedback,8,ogic_p,average,3.2971098369134876e-06,-3.097301261200527,1.0,0.059355165109971506,0.2361348695494347,ude_sir_h2
missing_neural_feedback,9,aic,hard,9.361033490365179e-06,-3.251620488525221,1.0,0.049786308439075805,0.0,tv_sir
missing_neural_feedback,9,aic,average,9.137900422830237e-06,-3.2509314537338785,1.0,0.04984913912656324,0.0023117184335022674,tv_sir
missing_neural_feedback,9,bic,hard,9.361033490365179e-06,-3.251620488525221,1.0,0.049786308439075805,0.0,tv_sir
missing_neural_feedback,9,bic,average,9.360236685079986e-06,-3.251618134532264,1.0,0.04978652754666846,8.20167601080151e-06,tv_sir
missing_neural_feedback,9,gic_eff,hard,1.6079397986737316e-05,-3.215439456874509,1.0,0.050927657534148914,0.0,neural_ode_h2
missing_neural_feedback,9,gic_eff,average,7.068917996734806e-06,-3.1437365996312825,1.0,0.05605676338499667,0.1717182479597893,neural_ode_h2
missing_neural_feedback,9,gic_vol_050,hard,1.6079397986737316e-05,-3.215439456874509,1.0,0.050927657534148914,0.0,neural_ode_h2
missing_neural_feedback,9,gic_vol_050,average,2.2339708399567783e-06,-3.160081709657571,1.0,0.055539697617769127,0.1563100148538799,neural_ode_h2
missing_neural_feedback,9,ogic_p,hard,1.6079397986737316e-05,-3.215439456874509,1.0,0.050927657534148914,0.0,neural_ode_h2
missing_neural_feedback,9,ogic_p,average,1.4977797353270625e-06,-3.1683189948965405,1.0,0.05513122186649543,0.14493877197715146,neural_ode_h2
missing_neural_feedback,10,aic,hard,1.3106301620809446e-05,-3.2437828378064144,1.0,0.04977637227702209,0.0,tv_sir
missing_neural_feedback,10,aic,average,1.292671077338314e-05,-3.243357362227965,1.0,0.0498220645643539,0.001739914633384723,tv_sir
missing_neural_feedback,10,bic,hard,1.3106301620809446e-05,-3.2437828378064144,1.0,0.04977637227702209,0.0,tv_sir
missing_neural_feedback,10,bic,average,1.3105658279894633e-05,-3.243781335669884,1.0,0.04977653496771165,6.2226027047644405e-06,tv_sir
missing_neural_feedback,10,gic_eff,hard,0.00013496450977468577,-2.9751596615952702,1.0,0.05086538998171602,0.0,ude_sir_h2
missing_neural_feedback,10,gic_eff,average,2.3154952677855206e-05,-3.115597877992815,1.0,0.056209154222637066,0.18098596057564026,ude_sir_h2
missing_neural_feedback,10,gic_vol_050,hard,0.00013496450977468577,-2.9751596615952702,1.0,0.05086538998171602,0.0,ude_sir_h2
missing_neural_feedback,10,gic_vol_050,average,1.588738298019924e-05,-3.121654372159022,1.0,0.05655421002364466,0.18985287644877766,ude_sir_h2
missing_neural_feedback,10,ogic_p,hard,0.00013496450977468577,-2.9751596615952702,1.0,0.05086538998171602,0.0,ude_sir_h2
missing_neural_feedback,10,ogic_p,average,1.5811531459539722e-05,-3.1217498207580023,1.0,0.056555712210536964,0.18989592816923587,ude_sir_h2
missing_neural_feedback,11,aic,hard,9.131034900881893e-05,-3.0735053970611754,1.0,0.04984457012327645,0.0,tv_sir
missing_neural_feedback,11,aic,average,9.104456907141658e-05,-3.073856551931605,1.0,0.049873272042549585,0.0010553728882177792,tv_sir
missing_neural_feedback,11,bic,hard,9.131034900881893e-05,-3.0735053970611754,1.0,0.04984457012327645,0.0,tv_sir
missing_neural_feedback,11,bic,average,9.130940286363314e-05,-3.073506654351972,1.0,0.04984467199655056,3.768355604922165e-06,tv_sir
missing_neural_feedback,11,gic_eff,hard,6.493962960941519e-05,-3.0982468803389107,1.0,0.052417354001880086,0.0,ude_sir_h2
missing_neural_feedback,11,gic_eff,average,1.7441255125759061e-06,-3.112434950830644,1.0,0.058549611460503206,0.21601281749732248,ude_sir_h2
missing_neural_feedback,11,gic_vol_050,hard,6.493962960941519e-05,-3.0982468803389107,1.0,0.052417354001880086,0.0,ude_sir_h2
missing_neural_feedback,11,gic_vol_050,average,2.7725761104141147e-06,-3.110497067442885,1.0,0.05858702291721675,0.21342196546065834,ude_sir_h2
missing_neural_feedback,11,ogic_p,hard,6.493962960941519e-05,-3.0982468803389107,1.0,0.052417354001880086,0.0,ude_sir_h2
missing_neural_feedback,11,ogic_p,average,9.503440362077532e-06,-3.1105128525228385,1.0,0.05801226457946263,0.2054651622297578,ude_sir_h2
missing_neural_feedback,12,aic,hard,4.3471908635691744e-05,-3.177582034055909,1.0,0.049809608591717014,0.0,tv_sir
missing_neural_feedback,12,aic,average,4.26893698706062e-05,-3.177690352179403,1.0,0.0499290225085911,0.004502472643496424,tv_sir
missing_neural_feedback,12,bic,hard,4.3471908635691744e-05,-3.177582034055909,1.0,0.049809608591717014,0.0,tv_sir
missing_neural_feedback,12,bic,average,4.346912295093402e-05,-3.1775825304686625,1.0,0.0498100303780316,1.622644017203267e-05,tv_sir
missing_neural_feedback,12,gic_eff,hard,0.0001206283457620623,-3.003003776343381,1.0,0.05102972170639613,0.0,ude_sir_h2
missing_neural_feedback,12,gic_eff,average,3.1213355177700326e-06,-3.11551824342158,1.0,0.05814174565123277,0.21828778601920634,ude_sir_h2
missing_neural_feedback,12,gic_vol_050,hard,4.004299844312285e-05,-3.161770410496533,1.0,0.05132281067646544,0.0,neural_ode_h2
missing_neural_feedback,12,gic_vol_050,average,2.5071975545403626e-07,-3.125981453795652,1.0,0.05778225818882063,0.2076112107276834,neural_ode_h2
missing_neural_feedback,12,ogic_p,hard,4.004299844312285e-05,-3.161770410496533,1.0,0.05132281067646544,0.0,neural_ode_h2
missing_neural_feedback,12,ogic_p,average,2.093069520104911e-06,-3.135154933022982,1.0,0.057078453641659484,0.18862378441845193,neural_ode_h2
missing_neural_feedback,13,aic,hard,6.0826407596299896e-05,-3.13980796106356,1.0,0.04983536572153969,0.0,tv_sir
missing_neural_feedback,13,aic,average,5.9668399727630606e-05,-3.1404896905594883,1.0,0.05000487986490235,0.00637463114628258,tv_sir
missing_neural_feedback,13,bic,hard,6.0826407596299896e-05,-3.13980796106356,1.0,0.04983536572153969,0.0,tv_sir
missing_neural_feedback,13,bic,average,6.0822283110174655e-05,-3.139810485812387,1.0,0.049835973078616584,2.30849038052724e-05,tv_sir
missing_neural_feedback,13,gic_eff,hard,0.00015064065031964233,-2.939537858683949,1.0,0.05194455065966438,0.0,ude_sir_h2
missing_neural_feedback,13,gic_eff,average,2.677797573727492e-05,-3.0622605383405053,1.0,0.05935855411511226,0.23249643909215598,ude_sir_h2
missing_neural_feedback,13,gic_vol_050,hard,0.00015064065031964233,-2.939537858683949,1.0,0.05194455065966438,0.0,ude_sir_h2
missing_neural_feedback,13,gic_vol_050,average,8.418443536007741e-06,-3.0848794038021756,1.0,0.05958077273200127,0.24030887122852537,ude_sir_h2
missing_neural_feedback,13,ogic_p,hard,0.00015064065031964233,-2.939537858683949,1.0,0.05194455065966438,0.0,ude_sir_h2
missing_neural_feedback,13,ogic_p,average,9.761826886374971e-06,-3.0826032160013477,1.0,0.05960513608989849,0.24070196733874932,ude_sir_h2
missing_neural_feedback,14,aic,hard,3.47520625552829e-05,-3.1958531945298434,1.0,0.04985531052318094,0.0,tv_sir
missing_neural_feedback,14,aic,average,3.4289877885897315e-05,-3.1958200024327135,1.0,0.04992576087575724,0.0026953191482930877,tv_sir
missing_neural_feedback,14,bic,hard,3.47520625552829e-05,-3.1958531945298434,1.0,0.04985531052318094,0.0,tv_sir
missing_neural_feedback,14,bic,average,3.47504077169532e-05,-3.1958531015255907,1.0,0.049855562341268915,9.67586783019713e-06,tv_sir
missing_neural_feedback,14,gic_eff,hard,9.86316626906773e-05,-3.0489344743135254,1.0,0.05086161438798753,0.0,ude_sir_h2
missing_neural_feedback,14,gic_eff,average,2.1712091682547257e-05,-3.119481108343806,1.0,0.05610508548382339,0.17601325160804449,ude_sir_h2
missing_neural_feedback,14,gic_vol_050,hard,9.86316626906773e-05,-3.0489344743135254,1.0,0.05086161438798753,0.0,ude_sir_h2
missing_neural_feedback,14,gic_vol_050,average,1.8925246412909438e-05,-3.119142977242713,1.0,0.05639964894777557,0.18425028398314824,ude_sir_h2
missing_neural_feedback,14,ogic_p,hard,9.86316626906773e-05,-3.0489344743135254,1.0,0.05086161438798753,0.0,ude_sir_h2
missing_neural_feedback,14,ogic_p,average,1.701556263129256e-05,-3.120824973468819,1.0,0.056484590344122815,0.18676686974781254,ude_sir_h2
missing_neural_feedback,15,aic,hard,1.2262003832871348e-05,-3.2453993534935623,1.0,0.049785155108203805,0.0,tv_sir
missing_neural_feedback,15,aic,average,1.2100799764383428e-05,-3.244987915056115,1.0,0.049827137785304135,0.0016166681126101232,tv_sir
missing_neural_feedback,15,bic,hard,1.2262003832871348e-05,-3.2453993534935623,1.0,0.049785155108203805,0.0,tv_sir
missing_neural_feedback,15,bic,average,1.2261424621993918e-05,-3.2453978993848343,1.0,0.049785304751428096,5.783751765658494e-06,tv_sir
missing_neural_feedback,15,gic_eff,hard,0.0001458065148210058,-2.953861683373463,1.0,0.050683562290481224,0.0,ude_sir_h2
missing_neural_feedback,15,gic_eff,average,3.3164064253542675e-05,-3.1004569848035244,1.0,0.056191861398389505,0.18199565686747082,ude_sir_h2
missing_neural_feedback,15,gic_vol_050,hard,0.0001458065148210058,-2.953861683373463,1.0,0.050683562290481224,0.0,ude_sir_h2
missing_neural_feedback,15,gic_vol_050,average,3.6614287913213255e-05,-3.0932171492564056,1.0,0.05631529564958886,0.1826569999436927,ude_sir_h2
missing_neural_feedback,15,ogic_p,hard,0.0001458065148210058,-2.953861683373463,1.0,0.050683562290481224,0.0,ude_sir_h2
missing_neural_feedback,15,ogic_p,average,2.662244441828639e-05,-3.1046019170203483,1.0,0.05659870333987181,0.1898741659117945,ude_sir_h2
missing_neural_feedback,16,aic,hard,6.8077342198462e-05,-3.1233315675172864,1.0,0.0499696759702941,0.0,tv_sir
missing_neural_feedback,16,aic,average,6.644651078755581e-05,-3.125015094298151,1.0,0.0501575515217553,0.007185948424142835,tv_sir
missing_neural_feedback,16,bic,hard,6.8077342198462e-05,-3.1233315675172864,1.0,0.0499696759702941,0.0,tv_sir
missing_neural_feedback,16,bic,average,6.807146856550537e-05,-3.1233378493085806,1.0,0.04997035303243627,2.6161297979231648e-05,tv_sir
missing_neural_feedback,16,gic_eff,hard,7.940685351858136e-05,-3.0879794211724008,1.0,0.05084153655240094,0.0,ude_sir_h2
missing_neural_feedback,16,gic_eff,average,2.8985604231469073e-05,-3.1153335961142483,1.0,0.055566337230258986,0.1582165970115182,ude_sir_h2
missing_neural_feedback,16,gic_vol_050,hard,7.940685351858136e-05,-3.0879794211724008,1.0,0.05084153655240094,0.0,ude_sir_h2
missing_neural_feedback,16,gic_vol_050,average,2.4670087899174968e-05,-3.1150217139250906,1.0,0.05603115159684122,0.17163962249555154,ude_sir_h2
missing_neural_feedback,16,ogic_p,hard,7.940685351858136e-05,-3.0879794211724008,1.0,0.05084153655240094,0.0,ude_sir_h2
missing_neural_feedback,16,ogic_p,average,1.8601518732669012e-05,-3.115252912879406,1.0,0.056627253698731554,0.18822755547155018,ude_sir_h2
missing_neural_feedback,17,aic,hard,3.4285570062928673e-05,-3.1970608890323695,1.0,0.04982530990263317,0.0,tv_sir
missing_neural_feedback,17,aic,average,3.41569425475885e-05,-3.1970245400423662,1.0,0.04984608746343579,0.00077489006033076,tv_sir
missing_neural_feedback,17,bic,hard,3.4285570062928673e-05,-3.1970608890323695,1.0,0.04982530990263317,0.0,tv_sir
missing_neural_feedback,17,bic,average,3.428511131303509e-05,-3.197060763986966,1.0,0.04982538378542904,2.7645809605825267e-06,tv_sir
missing_neural_feedback,17,gic_eff,hard,3.4285570062928673e-05,-3.1970608890323695,1.0,0.04982530990263317,0.0,tv_sir
missing_neural_feedback,17,gic_eff,average,3.964893160257836e-06,-3.1327895419092746,1.0,0.057056256382361795,0.19318579431863547,tv_sir
missing_neural_feedback,17,gic_vol_050,hard,0.00010761206936194483,-3.024307858711587,1.0,0.05170060276332101,0.0,ude_sir_h2
missing_neural_feedback,17,gic_vol_050,average,7.156754670285553e-06,-3.1253558896308524,1.0,0.057204788861720694,0.19200896508322413,ude_sir_h2
missing_neural_feedback,17,ogic_p,hard,3.4285570062928673e-05,-3.1970608890323695,1.0,0.04982530990263317,0.0,tv_sir
missing_neural_feedback,17,ogic_p,average,1.7591719357669025e-06,-3.13870828134899,1.0,0.056922138185827094,0.1891719211455588,tv_sir
missing_neural_feedback,18,aic,hard,5.568234631882638e-05,-3.150403921019362,1.0,0.04987342828347045,0.0,tv_sir
missing_neural_feedback,18,aic,average,5.478309539342598e-05,-3.1510657722276667,1.0,0.0499783876751527,0.0039983493635598185,tv_sir
missing_neural_feedback,18,bic,hard,5.568234631882638e-05,-3.150403921019362,1.0,0.04987342828347045,0.0,tv_sir
missing_neural_feedback,18,bic,average,5.567910685713605e-05,-3.150406418585088,1.0,0.04987380248403897,1.4384101134389298e-05,tv_sir
missing_neural_feedback,18,gic_eff,hard,6.231673671330484e-05,-3.1236895672113536,1.0,0.05081108169131792,0.0,ude_sir_h2
missing_neural_feedback,18,gic_eff,average,7.525182797695793e-06,-3.139290809074085,1.0,0.05627145845535776,0.18063444981559884,ude_sir_h2
missing_neural_feedback,18,gic_vol_050,hard,6.231673671330484e-05,-3.1236895672113536,1.0,0.05081108169131792,0.0,ude_sir_h2
missing_neural_feedback,18,gic_vol_050,average,4.173476505855992e-06,-3.1355940390105634,1.0,0.056794746362436206,0.1940334405718323,ude_sir_h2
missing_neural_feedback,18,ogic_p,hard,6.231673671330484e-05,-3.1236895672113536,1.0,0.05081108169131792,0.0,ude_sir_h2
missing_neural_feedback,18,ogic_p,average,5.49719573820192e-07,-3.132625733004289,1.0,0.05729231278965278,0.20670387033290089,ude_sir_h2
missing_neural_feedback,19,aic,hard,5.20892392061722e-05,-3.157948530417121,1.0,0.04990086507927289,0.0,tv_sir
missing_neural_feedback,19,aic,average,5.1544626057043744e-05,-3.158325132180597,1.0,0.049965298166583315,0.0024473748079643534,tv_sir
missing_neural_feedback,19,bic,hard,5.20892392061722e-05,-3.157948530417121,1.0,0.04990086507927289,0.0,tv_sir
missing_neural_feedback,19,bic,average,5.2087291737765345e-05,-3.1579499218324707,1.0,0.049901094084830525,8.752096326949947e-06,tv_sir
missing_neural_feedback,19,gic_eff,hard,6.160046398862268e-05,-3.1237317848349906,1.0,0.050910260601360675,0.0,ude_sir_h2
missing_neural_feedback,19,gic_eff,average,2.3067444131692337e-06,-3.1460669489336315,1.0,0.05636566362581557,0.18392904065512525,ude_sir_h2
missing_neural_feedback,19,gic_vol_050,hard,6.160046398862268e-05,-3.1237317848349906,1.0,0.050910260601360675,0.0,ude_sir_h2
missing_neural_feedback,19,gic_vol_050,average,4.869461127649041e-07,-3.142644241087711,1.0,0.05671359578232328,0.19303337031032913,ude_sir_h2
missing_neural_feedback,19,ogic_p,hard,6.160046398862268e-05,-3.1237317848349906,1.0,0.050910260601360675,0.0,ude_sir_h2
missing_neural_feedback,19,ogic_p,average,1.1316017054332276e-07,-3.142184623173375,1.0,0.05676987032993318,0.19461515760067047,ude_sir_h2
