seed,scenario,criterion,model,score,weight,selected
0,redundant_parameterization,aic,SIR,17.264131550375627,0.850013197149751,1
0,redundant_parameterization,aic,Redundant-SIR,25.264131550375623,0.01556853476965328,0
0,redundant_parameterization,aic,Duplicate-UDE,32.982300328690584,0.00032829833904897155,0
0,redundant_parameterization,aic,TV-SIR,20.95761331995289,0.13408996974154658,0
0,redundant_parameterization,bic,SIR,19.353176425822472,0.945376576332787,1
0,redundant_parameterization,bic,Redundant-SIR,31.53126617671616,0.002143711057443967,0
0,redundant_parameterization,bic,Duplicate-UDE,43.42752470592481,5.596629158490802e-06,0
0,redundant_parameterization,bic,TV-SIR,25.135703070846585,0.05247411598061065,0
0,redundant_parameterization,gic_eff,SIR,19.321732813585392,0.35731761862412387,0
0,redundant_parameterization,gic_eff,Redundant-SIR,19.259479434639484,0.36861464053052,1
0,redundant_parameterization,gic_eff,Duplicate-UDE,20.039537772671892,0.24956579671691978,0
0,redundant_parameterization,gic_eff,TV-SIR,24.681478028947502,0.024501944128436298,0
0,redundant_parameterization,gic_aic,SIR,17.243475691941164,0.3299239873531147,0
0,redundant_parameterization,gic_aic,Redundant-SIR,17.202580359277786,0.33673960725219076,1
0,redundant_parameterization,gic_aic,Duplicate-UDE,17.618322948552397,0.27353748202519196,0
0,redundant_parameterization,gic_aic,TV-SIR,20.659224951208444,0.05979892336950265,0
0,redundant_parameterization,cv,SIR,0.574924953177296,0.25142110520746913,1
0,redundant_parameterization,cv,Redundant-SIR,0.5749249531772891,0.25142110520747,1
0,redundant_parameterization,cv,Duplicate-UDE,0.5936416086245718,0.2490791993611546,0
0,redundant_parameterization,cv,TV-SIR,0.6016922557977742,0.24807859022390627,0
1,redundant_parameterization,aic,SIR,32.713404208716334,0.7440109480575866,1
1,redundant_parameterization,aic,Redundant-SIR,40.71340420871633,0.013627035853887567,0
1,redundant_parameterization,aic,Duplicate-UDE,46.9950253302101,0.0005893383506804253,0
1,redundant_parameterization,aic,TV-SIR,34.96151983542437,0.24177267773784542,0
1,redundant_parameterization,bic,SIR,34.80244908416318,0.8955601749102055,1
1,redundant_parameterization,bic,Redundant-SIR,46.98053883505686,0.0020307486959415177,0
1,redundant_parameterization,bic,Duplicate-UDE,57.44024970744433,1.0873236289878269e-05,0
1,redundant_parameterization,bic,TV-SIR,39.13960958631806,0.10239820315756323,0
1,redundant_parameterization,gic_eff,SIR,34.771005471926095,0.27736945301299654,0
1,redundant_parameterization,gic_eff,Redundant-SIR,34.708752092980184,0.28613881848374684,0
1,redundant_parameterization,gic_eff,Duplicate-UDE,34.05226277419141,0.39731194657306707,1
1,redundant_parameterization,gic_eff,TV-SIR,38.68538454441898,0.039179781930189526,0
1,redundant_parameterization,gic_aic,SIR,32.69274835028187,0.24423583847227137,0
1,redundant_parameterization,gic_aic,Redundant-SIR,32.651853017618485,0.24928129956200312,0
1,redundant_parameterization,gic_aic,Duplicate-UDE,31.631047950071917,0.4152930890782676,1
1,redundant_parameterization,gic_aic,TV-SIR,34.66313146667992,0.09118977288745782,0
1,redundant_parameterization,cv,SIR,1.267553457016701,0.28032532462218024,1
1,redundant_parameterization,cv,Redundant-SIR,1.2675534570167064,0.28032532462217946,1
1,redundant_parameterization,cv,Duplicate-UDE,1.75522212975155,0.21966781336595956,0
1,redundant_parameterization,cv,TV-SIR,1.755097181131942,0.21968153738968074,0
2,redundant_parameterization,aic,SIR,35.426385628036215,0.29214969462249196,0
2,redundant_parameterization,aic,Redundant-SIR,43.42638562803621,0.005350908308159548,0
2,redundant_parameterization,aic,Duplicate-UDE,45.85967199699842,0.0015850613912711969,0
2,redundant_parameterization,aic,TV-SIR,33.676146922402765,0.7009143356780774,1
2,redundant_parameterization,bic,SIR,37.51543050348307,0.5415594633552682,1
2,redundant_parameterization,bic,Redundant-SIR,49.69352025437675,0.001228025994002881,0
2,redundant_parameterization,bic,Duplicate-UDE,56.304896374232655,4.503658756010734e-05,0
2,redundant_parameterization,bic,TV-SIR,37.854236673296455,0.45716747406316893,0
2,redundant_parameterization,gic_eff,SIR,37.48398689124598,0.07760458577127452,0
2,redundant_parameterization,gic_eff,Redundant-SIR,37.42173351230007,0.08005814714020655,0
2,redundant_parameterization,gic_eff,Duplicate-UDE,32.91690944097974,0.7614048742079351,1
2,redundant_parameterization,gic_eff,TV-SIR,37.400011631397376,0.08093239288058389,0
2,redundant_parameterization,gic_aic,SIR,35.405729769601756,0.06088701860526571,0
2,redundant_parameterization,gic_aic,Redundant-SIR,35.364834436938374,0.06214483189411079,0
2,redundant_parameterization,gic_aic,Duplicate-UDE,30.495694616860238,0.709129079981706,1
2,redundant_parameterization,gic_aic,TV-SIR,33.37775855365832,0.16783906951891728,0
2,redundant_parameterization,cv,SIR,1.549408527528672,0.24574054034322526,0
2,redundant_parameterization,cv,Redundant-SIR,1.5494085275286809,0.24574054034322418,0
2,redundant_parameterization,cv,Duplicate-UDE,1.4858403422790722,0.253676633098397,0
2,redundant_parameterization,cv,TV-SIR,1.4766713213117093,0.2548422862151536,1
3,redundant_parameterization,aic,SIR,21.315572090678575,0.8040408049115867,1
3,redundant_parameterization,aic,Redundant-SIR,29.31557209067857,0.014726521034567815,0
3,redundant_parameterization,aic,Duplicate-UDE,37.10953822988019,0.00029899361828965017,0
3,redundant_parameterization,aic,TV-SIR,24.298611015837594,0.1809336804355559,0
3,redundant_parameterization,bic,SIR,23.40461696612542,0.9246823540226793,1
3,redundant_parameterization,bic,Redundant-SIR,35.58270671701911,0.002096785383271387,0
3,redundant_parameterization,bic,Duplicate-UDE,47.55476260711441,5.270539535511453e-06,0
3,redundant_parameterization,bic,TV-SIR,28.476700766731284,0.073215590054514,0
3,redundant_parameterization,gic_eff,SIR,23.37317335388834,0.35690048670585833,0
3,redundant_parameterization,gic_eff,Redundant-SIR,23.310919974942436,0.36818432049005423,1
3,redundant_parameterization,gic_eff,Duplicate-UDE,24.166775673861498,0.24000405864319832,0
3,redundant_parameterization,gic_eff,TV-SIR,28.022475724832205,0.034911134160889125,0
3,redundant_parameterization,gic_aic,SIR,21.294916232244113,0.3249421995302346,0
3,redundant_parameterization,gic_aic,Redundant-SIR,21.254020899580734,0.33165490489893357,1
3,redundant_parameterization,gic_aic,Duplicate-UDE,21.745560849742002,0.2593879999880302,0
3,redundant_parameterization,gic_aic,TV-SIR,24.000222647093146,0.0840148955828016,0
3,redundant_parameterization,cv,SIR,0.7045216242431513,0.25375083417343486,1
3,redundant_parameterization,cv,Redundant-SIR,0.704521624243156,0.25375083417343425,1
3,redundant_parameterization,cv,Duplicate-UDE,0.7473071303528572,0.2483800579120016,0
3,redundant_parameterization,cv,TV-SIR,0.7819215871151887,0.24411827374112927,0
4,redundant_parameterization,aic,SIR,18.507260923348717,0.8308412790338339,1
4,redundant_parameterization,aic,Redundant-SIR,26.507260923348714,0.015217388840637763,0
4,redundant_parameterization,aic,Duplicate-UDE,34.01868817705339,0.00035583972855146833,0
4,redundant_parameterization,aic,TV-SIR,21.883623745230764,0.15358549239697697,0
4,redundant_parameterization,bic,SIR,20.596305798795562,0.9369284825570028,1
4,redundant_parameterization,bic,Redundant-SIR,32.77439554968925,0.0021245543822154276,0
4,redundant_parameterization,bic,Duplicate-UDE,44.46391255428762,6.150656687552518e-06,0
4,redundant_parameterization,bic,TV-SIR,26.061713496124458,0.06094081240409436,0
4,redundant_parameterization,gic_eff,SIR,20.56486218655848,0.34644335219923905,0
4,redundant_parameterization,gic_eff,Redundant-SIR,20.502608807612575,0.3573965712265856,1
4,redundant_parameterization,gic_eff,Duplicate-UDE,21.0759256210347,0.26832195987955215,0
4,redundant_parameterization,gic_eff,TV-SIR,25.607488454225376,0.02783811669462326,0
4,redundant_parameterization,gic_aic,SIR,18.48660506491425,0.31721518734021953,0
4,redundant_parameterization,gic_aic,Redundant-SIR,18.445709732250876,0.323768266916125,1
4,redundant_parameterization,gic_aic,Duplicate-UDE,18.654710796915204,0.29164213978761744,0
4,redundant_parameterization,gic_aic,TV-SIR,21.585235376486317,0.06737440595603805,0
4,redundant_parameterization,cv,SIR,1.3169617440212746,0.24639419006164637,0
4,redundant_parameterization,cv,Redundant-SIR,1.3169617440212604,0.24639419006164812,0
4,redundant_parameterization,cv,Duplicate-UDE,1.2461005390541682,0.25528058014990235,1
4,redundant_parameterization,cv,TV-SIR,1.272516251825177,0.25193103972680325,0
5,redundant_parameterization,aic,SIR,19.30137117895974,0.7505275323555416,1
5,redundant_parameterization,aic,Redundant-SIR,27.30137117895974,0.013746391258676856,0
5,redundant_parameterization,aic,Duplicate-UDE,34.9760348427081,0.00029624884178614636,0
5,redundant_parameterization,aic,TV-SIR,21.620098056778772,0.2354298275439954,0
5,redundant_parameterization,bic,SIR,21.39041605440659,0.8987576066544255,1
5,redundant_parameterization,bic,Redundant-SIR,33.568505805300276,0.0020379991080599273,0
5,redundant_parameterization,bic,Duplicate-UDE,45.421259219942336,5.437650470714211e-06,0
5,redundant_parameterization,bic,TV-SIR,25.798187807672463,0.09919895658704414,0
5,redundant_parameterization,gic_eff,SIR,21.358972442169506,0.3470086214234643,0
5,redundant_parameterization,gic_eff,Redundant-SIR,21.296719063223605,0.35797971211029805,1
5,redundant_parameterization,gic_eff,Duplicate-UDE,22.033272286689417,0.247695384521015,0
5,redundant_parameterization,gic_eff,TV-SIR,25.343962765773384,0.047316281945222735,0
5,redundant_parameterization,gic_aic,SIR,19.280715320525278,0.3097510798802352,0
5,redundant_parameterization,gic_aic,Redundant-SIR,19.239819987861903,0.31614996478923796,1
5,redundant_parameterization,gic_aic,Duplicate-UDE,19.61205746256992,0.2624598021863013,0
5,redundant_parameterization,gic_aic,TV-SIR,21.321709688034325,0.1116391531442255,0
5,redundant_parameterization,cv,SIR,2.309189469519098,0.2529343753558392,1
5,redundant_parameterization,cv,Redundant-SIR,2.309189469519088,0.25293437535584046,1
5,redundant_parameterization,cv,Duplicate-UDE,2.382688430791659,0.2438078922878408,0
5,redundant_parameterization,cv,TV-SIR,2.3299425875773334,0.25032335700047953,0
6,redundant_parameterization,aic,SIR,30.431342066488803,0.8011786633942922,1
6,redundant_parameterization,aic,Redundant-SIR,38.43134206648877,0.014674099084088829,0
6,redundant_parameterization,aic,Duplicate-UDE,46.13276672850838,0.00031203860701859733,0
6,redundant_parameterization,aic,TV-SIR,33.37543061535146,0.18383519891460037,0
6,redundant_parameterization,bic,SIR,32.52038694193565,0.9233526225698112,1
6,redundant_parameterization,bic,Redundant-SIR,44.69847669282931,0.002093770119205953,0
6,redundant_parameterization,bic,Duplicate-UDE,56.57799110574261,5.512203201046878e-06,0
6,redundant_parameterization,bic,TV-SIR,37.55352036624516,0.07454809510778186,0
6,redundant_parameterization,gic_eff,SIR,32.488943329698564,0.35265011450449013,0
6,redundant_parameterization,gic_eff,Redundant-SIR,32.42668995075263,0.3637995677113939,1
6,redundant_parameterization,gic_eff,Duplicate-UDE,33.190004172489694,0.24837655634345326,0
6,redundant_parameterization,gic_eff,TV-SIR,37.09929532434607,0.03517376144066267,0
6,redundant_parameterization,gic_aic,SIR,30.41068620805434,0.3204759435830652,0
6,redundant_parameterization,gic_aic,Redundant-SIR,30.369790875390933,0.32709638435727206,1
6,redundant_parameterization,gic_aic,Duplicate-UDE,30.768789348370195,0.267938009082895,0
6,redundant_parameterization,gic_aic,TV-SIR,33.07704224660702,0.08448966297676762,0
6,redundant_parameterization,cv,SIR,0.9363662771123066,0.254645315725378,1
6,redundant_parameterization,cv,Redundant-SIR,0.9363662771123145,0.254645315725377,1
6,redundant_parameterization,cv,Duplicate-UDE,1.0186340032083057,0.24438327575811084,0
6,redundant_parameterization,cv,TV-SIR,1.0027971163743887,0.24632609279113404,0
7,redundant_parameterization,aic,SIR,27.723449963760416,0.8581266971829419,1
7,redundant_parameterization,aic,Redundant-SIR,35.72344996376042,0.015717138706384855,0
7,redundant_parameterization,aic,Duplicate-UDE,43.72182955686057,0.00028810276422974084,0
7,redundant_parameterization,aic,TV-SIR,31.56248502005313,0.12586806134644354,0
7,redundant_parameterization,bic,SIR,29.81249483920726,0.9488721923844927,1
7,redundant_parameterization,bic,Redundant-SIR,41.990584590100966,0.0021516376244546183,0
7,redundant_parameterization,bic,Duplicate-UDE,54.167053934094795,4.882951462746164e-06,0
7,redundant_parameterization,bic,TV-SIR,35.74057477094682,0.048971287039590014,0
7,redundant_parameterization,gic_eff,SIR,29.78105122697018,0.37002670871992766,0
7,redundant_parameterization,gic_eff,Redundant-SIR,29.718797848024288,0.38172554364011957,1
7,redundant_parameterization,gic_eff,Duplicate-UDE,30.779067000841877,0.22465531669957203,0
7,redundant_parameterization,gic_eff,TV-SIR,35.28634972904774,0.02359243094038063,0
7,redundant_parameterization,gic_aic,SIR,27.702794105325953,0.3436557354960068,0
7,redundant_parameterization,gic_aic,Redundant-SIR,27.661898772662585,0.35075502793627045,1
7,redundant_parameterization,gic_aic,Duplicate-UDE,28.357852176722382,0.24767350127495574,0
7,redundant_parameterization,gic_aic,TV-SIR,31.264096651308684,0.05791573529276691,0
7,redundant_parameterization,cv,SIR,1.2006637507214228,0.2494349973078414,0
7,redundant_parameterization,cv,Redundant-SIR,1.20066375072142,0.24943499730784177,0
7,redundant_parameterization,cv,Duplicate-UDE,1.1928523174986487,0.25041112471793725,0
7,redundant_parameterization,cv,TV-SIR,1.190395821309432,0.25071888066637954,1
8,redundant_parameterization,aic,SIR,32.93831112748907,0.746176668462734,1
8,redundant_parameterization,aic,Redundant-SIR,40.93831112748907,0.013666702406762161,0
8,redundant_parameterization,aic,Duplicate-UDE,47.85883774954599,0.0004294281161734574,0
8,redundant_parameterization,aic,TV-SIR,35.20923268499049,0.23972720101433043,0
8,redundant_parameterization,bic,SIR,35.02735600293592,0.8966038077791987,1
8,redundant_parameterization,bic,Redundant-SIR,47.20544575382961,0.002033115210383672,0
8,redundant_parameterization,bic,Duplicate-UDE,58.304062126780224,7.909118194123444e-06,0
8,redundant_parameterization,bic,TV-SIR,39.38732243588418,0.10135516789222346,0
8,redundant_parameterization,gic_eff,SIR,34.995912390698834,0.3113329369243095,0
8,redundant_parameterization,gic_eff,Redundant-SIR,34.93365901175294,0.32117609837310385,0
8,redundant_parameterization,gic_eff,Duplicate-UDE,34.916075193527305,0.32401229897890116,1
8,redundant_parameterization,gic_eff,TV-SIR,38.9330973939851,0.04347866572368546,0
8,redundant_parameterization,gic_aic,SIR,32.917655269054606,0.27584716926752917,0
8,redundant_parameterization,gic_aic,Redundant-SIR,32.87675993639124,0.2815456620356554,0
8,redundant_parameterization,gic_aic,Duplicate-UDE,32.4948603694078,0.34078249446690784,1
8,redundant_parameterization,gic_aic,TV-SIR,34.91084431624604,0.10182467422990768,0
8,redundant_parameterization,cv,SIR,2.6599479452062607,0.24539500329896577,0
8,redundant_parameterization,cv,Redundant-SIR,2.6599479452062704,0.24539500329896458,0
8,redundant_parameterization,cv,Duplicate-UDE,2.5576878777354337,0.25826836128516023,1
8,redundant_parameterization,cv,TV-SIR,2.615245544989568,0.25094163211690934,0
9,redundant_parameterization,aic,SIR,13.53206526835391,0.8326918751428205,1
9,redundant_parameterization,aic,Redundant-SIR,21.532065268353904,0.015251283690698883,0
9,redundant_parameterization,aic,Duplicate-UDE,29.379927740891745,0.0003014148993149738,0
9,redundant_parameterization,aic,TV-SIR,16.936852245776418,0.15175542626716573,0
9,redundant_parameterization,bic,SIR,15.621110143800756,0.9377358003279102,1
9,redundant_parameterization,bic,Redundant-SIR,27.799199894694446,0.0021263850347571674,0
9,redundant_parameterization,bic,Duplicate-UDE,39.82515211812597,5.202829115889258e-06,0
9,redundant_parameterization,bic,TV-SIR,21.11494199667011,0.06013261180821681,0
9,redundant_parameterization,gic_eff,SIR,15.589666531563676,0.3616081703870344,0
9,redundant_parameterization,gic_eff,Redundant-SIR,15.527413152617768,0.37304084319540054,1
9,redundant_parameterization,gic_eff,Duplicate-UDE,16.437165184873052,0.23670435062977604,0
9,redundant_parameterization,gic_eff,TV-SIR,20.66071695477103,0.028646635787788945,0
9,redundant_parameterization,gic_aic,SIR,13.511409409919448,0.3325475378213039,0
9,redundant_parameterization,gic_aic,Redundant-SIR,13.47051407725607,0.3394173554248897,1
9,redundant_parameterization,gic_aic,Duplicate-UDE,14.015950360753557,0.25840092337911,0
9,redundant_parameterization,gic_aic,TV-SIR,16.63846387703197,0.06963418337469636,0
9,redundant_parameterization,cv,SIR,0.7186522005275733,0.25645186444634244,1
9,redundant_parameterization,cv,Redundant-SIR,0.7186522005275734,0.2564518644463424,1
9,redundant_parameterization,cv,Duplicate-UDE,0.7964738258158268,0.24666476088998462,0
9,redundant_parameterization,cv,TV-SIR,0.8476636321990914,0.2404315102173305,0
10,redundant_parameterization,aic,SIR,18.579559162078347,0.7645524548427867,1
10,redundant_parameterization,aic,Redundant-SIR,26.579559162078368,0.014003266674395578,0
10,redundant_parameterization,aic,Duplicate-UDE,33.788315478499385,0.0003809498568143123,0
10,redundant_parameterization,aic,TV-SIR,21.061242003968363,0.2210633286260035,0
10,redundant_parameterization,bic,SIR,20.668604037525192,0.9057870520925834,1
10,redundant_parameterization,bic,Redundant-SIR,32.846693788418904,0.002053938893633956,0
10,redundant_parameterization,bic,Duplicate-UDE,44.23353985573361,6.917757154367437e-06,0
10,redundant_parameterization,bic,TV-SIR,25.239331754862057,0.09215209125662847,0
10,redundant_parameterization,gic_eff,SIR,20.63716042528811,0.32697368820970224,0
10,redundant_parameterization,gic_eff,Redundant-SIR,20.574907046342233,0.33731135063100004,1
10,redundant_parameterization,gic_eff,Duplicate-UDE,20.845552922480696,0.2946191351402047,0
10,redundant_parameterization,gic_eff,TV-SIR,24.785106712962975,0.04109582601909298,0
10,redundant_parameterization,gic_aic,SIR,18.55890330364388,0.292186627261234,0
10,redundant_parameterization,gic_aic,Redundant-SIR,18.51800797098053,0.2982226630371741,0
10,redundant_parameterization,gic_aic,Duplicate-UDE,18.4243380983612,0.3125221464190818,1
10,redundant_parameterization,gic_aic,TV-SIR,20.762853635223916,0.09706856328250998,0
10,redundant_parameterization,cv,SIR,1.945182259112529,0.24306423460225268,0
10,redundant_parameterization,cv,Redundant-SIR,1.9451822591125263,0.24306423460225302,0
10,redundant_parameterization,cv,Duplicate-UDE,1.777338562985038,0.26434302487841915,1
10,redundant_parameterization,cv,TV-SIR,1.8926874341083983,0.24952850591707515,0
11,redundant_parameterization,aic,SIR,24.388055856101076,0.6684144692581184,1
11,redundant_parameterization,aic,Redundant-SIR,32.38805585610108,0.012242438046936569,0
11,redundant_parameterization,aic,Duplicate-UDE,38.448345360023325,0.0005914155916935532,0
11,redundant_parameterization,aic,TV-SIR,25.869048028363377,0.3187516771032515,0
11,redundant_parameterization,bic,SIR,26.47710073154792,0.8546460050286979,1
11,redundant_parameterization,bic,Redundant-SIR,38.655190482441625,0.0019379728005185773,0
11,redundant_parameterization,bic,Duplicate-UDE,48.89356973725755,1.1590758854274736e-05,0
11,redundant_parameterization,bic,TV-SIR,30.04713777925707,0.14340443141192916,0
11,redundant_parameterization,gic_eff,SIR,26.44565711931084,0.2604871041145122,0
11,redundant_parameterization,gic_eff,Redundant-SIR,26.383403740364948,0.2687227140260689,0
11,redundant_parameterization,gic_eff,Duplicate-UDE,25.505582804004636,0.4167933407658692,1
11,redundant_parameterization,gic_eff,TV-SIR,29.592912737357988,0.053996841093549845,0
11,redundant_parameterization,gic_aic,SIR,24.367399997666613,0.2238170836688998,0
11,redundant_parameterization,gic_aic,Redundant-SIR,24.326504665003245,0.2284407310170202,0
11,redundant_parameterization,gic_aic,Duplicate-UDE,23.08436797988514,0.42510880009695556,1
11,redundant_parameterization,gic_aic,TV-SIR,25.57065965961893,0.12263338521712451,0
11,redundant_parameterization,cv,SIR,0.7012345049047306,0.253473586510602,1
11,redundant_parameterization,cv,Redundant-SIR,0.7012345049047278,0.25347358651060237,1
11,redundant_parameterization,cv,Duplicate-UDE,0.7462440170841826,0.24783293408809864,0
11,redundant_parameterization,cv,TV-SIR,0.7674430896298374,0.24521989289069698,0
12,redundant_parameterization,aic,SIR,14.48211373304029,0.7611445514786855,1
12,redundant_parameterization,aic,Redundant-SIR,22.482113733040293,0.013940848747011124,0
12,redundant_parameterization,aic,Duplicate-UDE,30.43067241268802,0.00026198813811410164,0
12,redundant_parameterization,aic,TV-SIR,16.922649789839923,0.22465261163618921,0
12,redundant_parameterization,bic,SIR,16.571158608487135,0.9040572479556868,1
12,redundant_parameterization,bic,Redundant-SIR,28.749248359380832,0.002050016435273661,0
12,redundant_parameterization,bic,Duplicate-UDE,40.875896789922244,4.769678365622999e-06,0
12,redundant_parameterization,bic,TV-SIR,21.100739540733613,0.09388796593067383,0
12,redundant_parameterization,gic_eff,SIR,16.539714996250055,0.35940702188931545,0
12,redundant_parameterization,gic_eff,Redundant-SIR,16.477461617304158,0.37077010276741407,1
12,redundant_parameterization,gic_eff,Duplicate-UDE,17.487909856669326,0.22371168041208941,0
12,redundant_parameterization,gic_eff,TV-SIR,20.646514498834534,0.04611119493118102,0
12,redundant_parameterization,gic_aic,SIR,14.461457874605827,0.3227202640866719,0
12,redundant_parameterization,gic_aic,Redundant-SIR,14.420562541942456,0.32938706837510845,1
12,redundant_parameterization,gic_aic,Duplicate-UDE,15.06669503254983,0.2384518286334453,0
12,redundant_parameterization,gic_aic,TV-SIR,16.624261421095476,0.10944083890477437,0
12,redundant_parameterization,cv,SIR,1.7037799388126296,0.2490950061762699,0
12,redundant_parameterization,cv,Redundant-SIR,1.703779938812628,0.24909500617627006,0
12,redundant_parameterization,cv,Duplicate-UDE,1.6982923745292273,0.24977940709995247,0
12,redundant_parameterization,cv,TV-SIR,1.6803478249595214,0.2520305805475075,1
13,redundant_parameterization,aic,SIR,25.175702483524347,0.8198572795605751,1
13,redundant_parameterization,aic,Redundant-SIR,33.17570248352436,0.015016209872731374,0
13,redundant_parameterization,aic,Duplicate-UDE,40.993694291219526,0.0003012346866838559,0
13,redundant_parameterization,aic,TV-SIR,28.384191077565045,0.16482527588000975,0
13,redundant_parameterization,bic,SIR,27.264747358971192,0.931956370556007,1
13,redundant_parameterization,bic,Redundant-SIR,39.4428371098649,0.002113279751827667,0
13,redundant_parameterization,bic,Duplicate-UDE,51.43891866845375,5.2485698245604095e-06,0
13,redundant_parameterization,bic,TV-SIR,32.56228082845874,0.06592510112234086,0
13,redundant_parameterization,gic_eff,SIR,27.233303746734112,0.359267170466506,0
13,redundant_parameterization,gic_eff,Redundant-SIR,27.17105036778822,0.37062582977537595,1
13,redundant_parameterization,gic_eff,Duplicate-UDE,28.050931735200837,0.23871069198308123,0
13,redundant_parameterization,gic_eff,TV-SIR,32.10805578655966,0.03139630777503658,0
13,redundant_parameterization,gic_aic,SIR,25.155046625089884,0.3289067191953892,0
13,redundant_parameterization,gic_aic,Redundant-SIR,25.11415129242652,0.33570132421417453,1
13,redundant_parameterization,gic_aic,Duplicate-UDE,25.629716911081342,0.25941757946026506,0
13,redundant_parameterization,gic_aic,TV-SIR,28.085802708820598,0.07597437713017116,0
13,redundant_parameterization,cv,SIR,0.6147352005927043,0.24723206794104666,0
13,redundant_parameterization,cv,Redundant-SIR,0.6147352005927048,0.2472320679410466,0
13,redundant_parameterization,cv,Duplicate-UDE,0.5665281184131669,0.253263635299346,1
13,redundant_parameterization,cv,TV-SIR,0.5743725292422391,0.2522722288185609,0
14,redundant_parameterization,aic,SIR,22.227673771778246,0.7252248833021847,1
14,redundant_parameterization,aic,Redundant-SIR,30.227673771778242,0.013282957075687225,0
14,redundant_parameterization,aic,Duplicate-UDE,38.071300095634,0.0002630709868346579,0
14,redundant_parameterization,aic,TV-SIR,24.269841839875422,0.2612290886352934,0
14,redundant_parameterization,bic,SIR,24.31671864722509,0.8857281887729248,1
14,redundant_parameterization,bic,Redundant-SIR,36.49480839811878,0.0020084539427957532,0
14,redundant_parameterization,bic,Duplicate-UDE,48.51652447286823,4.924695695586452e-06,0
14,redundant_parameterization,bic,TV-SIR,28.447931590769116,0.11225843258858395,0
14,redundant_parameterization,gic_eff,SIR,24.28527503498801,0.35159670011871547,0
14,redundant_parameterization,gic_eff,Redundant-SIR,24.223021656042107,0.36271284837569745,1
14,redundant_parameterization,gic_eff,Duplicate-UDE,25.12853753961531,0.2306389563091491,0
14,redundant_parameterization,gic_eff,TV-SIR,27.993706548870033,0.05505149519643805,0
14,redundant_parameterization,gic_aic,SIR,22.207017913343783,0.31121581769335765,0
14,redundant_parameterization,gic_aic,Redundant-SIR,22.166122580680405,0.31764496137883286,1
14,redundant_parameterization,gic_aic,Duplicate-UDE,22.707322715495813,0.24233818710889257,0
14,redundant_parameterization,gic_aic,TV-SIR,23.971453471130975,0.12880103381891697,0
14,redundant_parameterization,cv,SIR,1.0562075656239942,0.2538173897374765,1
14,redundant_parameterization,cv,Redundant-SIR,1.0562075656239984,0.2538173897374759,1
14,redundant_parameterization,cv,Duplicate-UDE,1.1112952656307564,0.2469216847132874,0
14,redundant_parameterization,cv,TV-SIR,1.1233038582827541,0.24544353581176023,0
15,redundant_parameterization,aic,SIR,24.853739290643283,0.34661345040701586,0
15,redundant_parameterization,aic,Redundant-SIR,32.853739290643304,0.006348446791633009,0
15,redundant_parameterization,aic,Duplicate-UDE,36.83185067507486,0.0008686234958678748,0
15,redundant_parameterization,aic,TV-SIR,23.608036014647162,0.6461694793054832,1
15,redundant_parameterization,bic,SIR,26.942784166090128,0.6030432232768053,1
15,redundant_parameterization,bic,Redundant-SIR,39.12087391698384,0.0013674449507410417,0
15,redundant_parameterization,bic,Duplicate-UDE,47.277075052309094,2.3163985199600684e-05,0
15,redundant_parameterization,bic,TV-SIR,27.786125765540856,0.3955661677872542,0
15,redundant_parameterization,gic_eff,SIR,26.911340553853048,0.1356151911947731,0
15,redundant_parameterization,gic_eff,Redundant-SIR,26.84908717490716,0.13990282691692468,0
15,redundant_parameterization,gic_eff,Duplicate-UDE,23.889088119056176,0.6145852291229411,1
15,redundant_parameterization,gic_eff,TV-SIR,27.331900723641773,0.10989675276536097,0
15,redundant_parameterization,gic_aic,SIR,24.83308343220882,0.10479804547611275,0
15,redundant_parameterization,gic_aic,Redundant-SIR,24.792188099545463,0.1069629794351778,0
15,redundant_parameterization,gic_aic,Duplicate-UDE,21.46787329493668,0.5637665178323533,1
15,redundant_parameterization,gic_aic,TV-SIR,23.309647645902714,0.22447245725635612,0
15,redundant_parameterization,cv,SIR,0.38908993135866576,0.25774826562828096,1
15,redundant_parameterization,cv,Redundant-SIR,0.38908993135866593,0.25774826562828096,1
15,redundant_parameterization,cv,Duplicate-UDE,0.5436450941566305,0.23858026929265094,0
15,redundant_parameterization,cv,TV-SIR,0.4830181396568324,0.24592319945078714,0
16,redundant_parameterization,aic,SIR,18.49008073933375,0.47703790574969074,0
16,redundant_parameterization,aic,Redundant-SIR,26.49008073933374,0.008737254017949378,0
16,redundant_parameterization,aic,Duplicate-UDE,30.358802385156405,0.0012626783402563434,0
16,redundant_parameterization,aic,TV-SIR,18.344868480845626,0.5129621618921034,1
16,redundant_parameterization,bic,SIR,20.579125614780597,0.7242884279051838,1
16,redundant_parameterization,bic,Redundant-SIR,32.757215365674284,0.0016423773875401035,0
16,redundant_parameterization,bic,Duplicate-UDE,40.804026762390635,2.938529559254955e-05,0
16,redundant_parameterization,bic,TV-SIR,22.522958231739317,0.27403980941168377,0
16,redundant_parameterization,gic_eff,SIR,20.547682002543514,0.13725629354424085,0
16,redundant_parameterization,gic_eff,Redundant-SIR,20.485428623597606,0.14159581467093668,0
16,redundant_parameterization,gic_eff,Duplicate-UDE,17.416039829137716,0.65699146047428,1
16,redundant_parameterization,gic_eff,TV-SIR,22.068733189840238,0.06415643131054244,0
16,redundant_parameterization,gic_aic,SIR,18.469424880899286,0.11188016305499211,0
16,redundant_parameterization,gic_aic,Redundant-SIR,18.428529548235904,0.1141914004759118,0
16,redundant_parameterization,gic_aic,Duplicate-UDE,14.994825005018221,0.6357009597427734,1
16,redundant_parameterization,gic_aic,TV-SIR,18.04648011210118,0.13822747672632255,0
16,redundant_parameterization,cv,SIR,1.8752435221060384,0.24213676092036407,0
16,redundant_parameterization,cv,Redundant-SIR,1.875243522106032,0.24213676092036485,0
16,redundant_parameterization,cv,Duplicate-UDE,1.7498770915631046,0.25780046895631253,0
16,redundant_parameterization,cv,TV-SIR,1.748903395199297,0.2579260092029586,1
17,redundant_parameterization,aic,SIR,18.777891985154195,0.4410196736573441,0
17,redundant_parameterization,aic,Redundant-SIR,26.77789198515419,0.008077557085535324,0
17,redundant_parameterization,aic,Duplicate-UDE,32.840851623044585,0.0003896952198178998,0
17,redundant_parameterization,aic,TV-SIR,18.334369546458994,0.5505130740373027,1
17,redundant_parameterization,bic,SIR,20.86693686060104,0.6937226252620099,1
17,redundant_parameterization,bic,Redundant-SIR,33.04502661149473,0.0015730671774648792,0
17,redundant_parameterization,bic,Duplicate-UDE,43.28607600027881,9.395754274763956e-06,0
17,redundant_parameterization,bic,TV-SIR,22.512459297352688,0.3046949118062506,0
17,redundant_parameterization,gic_eff,SIR,20.83549324836396,0.2396850462803368,0
17,redundant_parameterization,gic_eff,Redundant-SIR,20.773239869418052,0.24726297436821232,0
17,redundant_parameterization,gic_eff,Duplicate-UDE,19.898089067025897,0.38299726379495946,1
17,redundant_parameterization,gic_eff,TV-SIR,22.058234255453605,0.13005471555649153,0
17,redundant_parameterization,gic_aic,SIR,18.757236126719732,0.1868561186997173,0
17,redundant_parameterization,gic_aic,Redundant-SIR,18.716340794056354,0.19071622081321066,0
17,redundant_parameterization,gic_aic,Duplicate-UDE,17.4768742429064,0.3544331823092262,1
17,redundant_parameterization,gic_aic,TV-SIR,18.035981177714547,0.2679944781778459,0
17,redundant_parameterization,cv,SIR,1.26904527942574,0.23266513736148692,0
17,redundant_parameterization,cv,Redundant-SIR,1.26904527942574,0.23266513736148692,0
17,redundant_parameterization,cv,Duplicate-UDE,1.0527205961031856,0.2592421540936113,0
17,redundant_parameterization,cv,TV-SIR,0.9315963726550687,0.2754275711834149,1
18,redundant_parameterization,aic,SIR,22.737101691272212,0.8228126144307215,1
18,redundant_parameterization,aic,Redundant-SIR,30.737101691272215,0.015070338719008338,0
18,redundant_parameterization,aic,Duplicate-UDE,38.33888320905549,0.00033683493689226065,0
18,redundant_parameterization,aic,TV-SIR,25.990081273848613,0.16178021191337774,0
18,redundant_parameterization,bic,SIR,24.826146566719057,0.9333094318247157,1
18,redundant_parameterization,bic,Redundant-SIR,37.00423631761275,0.002116347917969875,0
18,redundant_parameterization,bic,Duplicate-UDE,48.78410758628972,5.856262301653147e-06,0
18,redundant_parameterization,bic,TV-SIR,30.168171024742307,0.06456836399501278,0
18,redundant_parameterization,gic_eff,SIR,24.794702954481977,0.34997134902259114,0
18,redundant_parameterization,gic_eff,Redundant-SIR,24.73244957553608,0.36103610986965573,1
18,redundant_parameterization,gic_eff,Duplicate-UDE,25.3961206530368,0.25908143727753435,0
18,redundant_parameterization,gic_eff,TV-SIR,29.713945982843224,0.029911103830218756,0
18,redundant_parameterization,gic_aic,SIR,22.71644583283775,0.31996530439738313,0
18,redundant_parameterization,gic_aic,Redundant-SIR,22.675550500174378,0.32657519630963844,1
18,redundant_parameterization,gic_aic,Duplicate-UDE,22.974905828917304,0.2811764949629328,0
18,redundant_parameterization,gic_aic,TV-SIR,25.691692905104166,0.07228300433004564,0
18,redundant_parameterization,cv,SIR,1.3516836749998518,0.24898637438698049,0
18,redundant_parameterization,cv,Redundant-SIR,1.3516836749998513,0.24898637438698054,0
18,redundant_parameterization,cv,Duplicate-UDE,1.314750369508845,0.25362703616788984,1
18,redundant_parameterization,cv,TV-SIR,1.356397590594885,0.24840021505814913,0
19,redundant_parameterization,aic,SIR,19.247943241830242,0.6748208120620557,1
19,redundant_parameterization,aic,Redundant-SIR,27.247943241830246,0.012359774308330945,0
19,redundant_parameterization,aic,Duplicate-UDE,35.118299425124754,0.00024153741275976758,0
19,redundant_parameterization,aic,TV-SIR,20.78713034181985,0.3125778762168535,0
19,redundant_parameterization,bic,SIR,21.336988117277087,0.8581812692183199,1
19,redundant_parameterization,bic,Redundant-SIR,33.515077868170785,0.0019459892726038947,0
19,redundant_parameterization,bic,Duplicate-UDE,45.56352380235898,4.708186410839761e-06,0
19,redundant_parameterization,bic,TV-SIR,24.965220092713544,0.1398680333226655,0
19,redundant_parameterization,gic_eff,SIR,21.305544505040004,0.3471944499454134,0
19,redundant_parameterization,gic_eff,Redundant-SIR,21.243291126094107,0.35817141582220047,1
19,redundant_parameterization,gic_eff,Duplicate-UDE,22.17553686910606,0.22472755805601566,0
19,redundant_parameterization,gic_eff,TV-SIR,24.51099505081446,0.06990657617637043,0
19,redundant_parameterization,gic_aic,SIR,19.227287383395776,0.30109535035531526,0
19,redundant_parameterization,gic_aic,Redundant-SIR,19.186392050732408,0.3073154238875984,1
19,redundant_parameterization,gic_aic,Duplicate-UDE,19.754322044986566,0.23134489810067874,0
19,redundant_parameterization,gic_aic,TV-SIR,20.488741973075403,0.16024432765640756,0
19,redundant_parameterization,cv,SIR,1.6810595042363898,0.25075808551636275,1
19,redundant_parameterization,cv,Redundant-SIR,1.6810595042363794,0.250758085516364,1
19,redundant_parameterization,cv,Duplicate-UDE,1.7028518517314177,0.24804061375650305,0
19,redundant_parameterization,cv,TV-SIR,1.6835724294547352,0.25044321521077034,0
20,redundant_parameterization,aic,SIR,17.812727132178658,0.7233847871847703,1
20,redundant_parameterization,aic,Redundant-SIR,25.81272713217865,0.013249254539680124,0
20,redundant_parameterization,aic,Duplicate-UDE,32.7315695764309,0.00041666200207655674,0
20,redundant_parameterization,aic,TV-SIR,19.836687264051818,0.2629492962734731,0
20,redundant_parameterization,bic,SIR,19.901772007625503,0.8848172176643322,1
20,redundant_parameterization,bic,Redundant-SIR,32.07986175851919,0.0020063882486719567,0
20,redundant_parameterization,bic,Duplicate-UDE,43.17679395366513,7.811721764264922e-06,0
20,redundant_parameterization,bic,TV-SIR,24.01477701494551,0.11316858236523161,0
20,redundant_parameterization,gic_eff,SIR,19.870328395388423,0.3094799922940975,0
20,redundant_parameterization,gic_eff,Redundant-SIR,19.808075016442515,0.3192645706924427,0
20,redundant_parameterization,gic_eff,Duplicate-UDE,19.788807020412214,0.32235522872483996,1
20,redundant_parameterization,gic_eff,TV-SIR,23.56055197304643,0.04890020828861985,0
20,redundant_parameterization,gic_aic,SIR,17.792071273744195,0.27212726524082176,0
20,redundant_parameterization,gic_aic,Redundant-SIR,17.751175941080817,0.2777489116659161,0
20,redundant_parameterization,gic_aic,Duplicate-UDE,17.367592196292716,0.33647013137380194,1
20,redundant_parameterization,gic_aic,TV-SIR,19.53829889530737,0.11365369171946008,0
20,redundant_parameterization,cv,SIR,0.2376969470310638,0.2499808148001817,0
20,redundant_parameterization,cv,Redundant-SIR,0.23769694703106806,0.24998081480018117,0
20,redundant_parameterization,cv,Duplicate-UDE,0.25050927767278036,0.2483845149132204,0
20,redundant_parameterization,cv,TV-SIR,0.22435618740114366,0.25165385548641683,1
21,redundant_parameterization,aic,SIR,21.83936291583605,0.7403103847737744,1
21,redundant_parameterization,aic,Redundant-SIR,29.839362915836052,0.013559257673096283,0
21,redundant_parameterization,aic,Duplicate-UDE,37.791948990556115,0.00025430435017840804,0
21,redundant_parameterization,aic,TV-SIR,24.043846869740786,0.24587605320295064,0
21,redundant_parameterization,bic,SIR,23.928407791282893,0.8935476465272085,1
21,redundant_parameterization,bic,Redundant-SIR,36.10649754217659,0.002026185139517474,0
21,redundant_parameterization,bic,Duplicate-UDE,48.23717336779035,4.704747708595636e-06,0
21,redundant_parameterization,bic,TV-SIR,28.22193662063448,0.10442146358556532,0
21,redundant_parameterization,gic_eff,SIR,23.896964179045813,0.3575027929245404,0
21,redundant_parameterization,gic_eff,Redundant-SIR,23.834710800099913,0.36880566933689657,1
21,redundant_parameterization,gic_eff,Duplicate-UDE,24.849186434537426,0.22207874956334492,0
21,redundant_parameterization,gic_eff,TV-SIR,27.767711578735398,0.051612788175218,0
21,redundant_parameterization,gic_aic,SIR,21.818707057401586,0.31850631655547834,0
21,redundant_parameterization,gic_aic,Redundant-SIR,21.777811724738214,0.3250860684750414,1
21,redundant_parameterization,gic_aic,Duplicate-UDE,22.42797161041793,0.23486480025154854,0
21,redundant_parameterization,gic_aic,TV-SIR,23.74545850099634,0.12154281471793174,0
21,redundant_parameterization,cv,SIR,0.8685627037449917,0.2493523949182201,0
21,redundant_parameterization,cv,Redundant-SIR,0.8685627037449871,0.24935239491822064,0
21,redundant_parameterization,cv,Duplicate-UDE,0.8722787068726631,0.24888952791548127,0
21,redundant_parameterization,cv,TV-SIR,0.8442216903620827,0.25240568224807797,1
22,redundant_parameterization,aic,SIR,15.088777889680435,0.7095010570767408,1
22,redundant_parameterization,aic,Redundant-SIR,23.088777889680443,0.012994965152592707,0
22,redundant_parameterization,aic,Duplicate-UDE,30.84906410879654,0.00026831835194011895,0
22,redundant_parameterization,aic,TV-SIR,16.968166061610127,0.27723565941872647,0
22,redundant_parameterization,bic,SIR,17.17782276512728,0.8773764148650085,1
22,redundant_parameterization,bic,Redundant-SIR,29.35591251602098,0.0019895156799660005,0
22,redundant_parameterization,bic,Duplicate-UDE,41.29428848603077,5.085831448639634e-06,0
22,redundant_parameterization,bic,TV-SIR,21.146255812503817,0.12062898362357692,0
22,redundant_parameterization,gic_eff,SIR,17.146379152890198,0.3465776270790801,0
22,redundant_parameterization,gic_eff,Redundant-SIR,17.084125773944304,0.3575350913666077,1
22,redundant_parameterization,gic_eff,Duplicate-UDE,17.906301552777855,0.23702026067679402,0
22,redundant_parameterization,gic_eff,TV-SIR,20.692030770604738,0.058867020877518154,0
22,redundant_parameterization,gic_aic,SIR,15.06812203124597,0.30474512546921834,0
22,redundant_parameterization,gic_aic,Redundant-SIR,15.027226698582606,0.3110405966107898,1
22,redundant_parameterization,gic_aic,Duplicate-UDE,15.485086728658356,0.24739677501109036,0
22,redundant_parameterization,gic_aic,TV-SIR,16.66977769286568,0.13681750290890138,0
22,redundant_parameterization,cv,SIR,0.9456290931224492,0.25826571111195473,1
22,redundant_parameterization,cv,Redundant-SIR,0.9456290931224416,0.2582657111119558,1
22,redundant_parameterization,cv,Duplicate-UDE,1.0643297709912618,0.24338355243412715,0
22,redundant_parameterization,cv,TV-SIR,1.0916207133645406,0.24008502534196233,0
23,redundant_parameterization,aic,SIR,16.99544292822611,0.8304651236139958,1
23,redundant_parameterization,aic,Redundant-SIR,24.995442928226105,0.015210499313801994,0
23,redundant_parameterization,aic,Duplicate-UDE,32.78008159696452,0.00031026348197567836,0
23,redundant_parameterization,aic,TV-SIR,20.365326305872376,0.15401411359022651,0
23,redundant_parameterization,bic,SIR,19.08448780367296,0.9367439757469257,1
23,redundant_parameterization,bic,Redundant-SIR,31.262577554566647,0.002124135999426141,0
23,redundant_parameterization,bic,Duplicate-UDE,43.22530597419875,5.3642480099416705e-06,0
23,redundant_parameterization,bic,TV-SIR,24.54341605676607,0.06112652400563841,0
23,redundant_parameterization,gic_eff,SIR,19.053044191435877,0.3587003570124281,0
23,redundant_parameterization,gic_eff,Redundant-SIR,18.99079081248997,0.37004109583914746,1
23,redundant_parameterization,gic_eff,Duplicate-UDE,19.837319040945832,0.24234200083387009,0
23,redundant_parameterization,gic_eff,TV-SIR,24.089191014866987,0.02891654631455442,0
23,redundant_parameterization,gic_aic,SIR,16.97478706979165,0.3294099295114428,0
23,redundant_parameterization,gic_aic,Redundant-SIR,16.93389173712827,0.33621492992545793,1
23,redundant_parameterization,gic_aic,Duplicate-UDE,17.416104216826337,0.26418361902990206,0
23,redundant_parameterization,gic_aic,TV-SIR,20.06693793712793,0.07019152153319713,0
23,redundant_parameterization,cv,SIR,1.0107227791893996,0.24872674533392536,0
23,redundant_parameterization,cv,Redundant-SIR,1.0107227791894018,0.2487267453339251,0
23,redundant_parameterization,cv,Duplicate-UDE,1.0073277438291983,0.249149321945805,0
23,redundant_parameterization,cv,TV-SIR,0.9735162136889921,0.2533971873863446,1
24,redundant_parameterization,aic,SIR,19.962277550698026,0.8147452937506342,1
24,redundant_parameterization,aic,Redundant-SIR,27.96227755069802,0.014922580586632322,0
24,redundant_parameterization,aic,Duplicate-UDE,35.377145004755505,0.00036620639431174493,0
24,redundant_parameterization,aic,TV-SIR,23.09683274935636,0.16996591926842175,0
24,redundant_parameterization,bic,SIR,22.05132242614487,0.9296473031884457,1
24,redundant_parameterization,bic,Redundant-SIR,34.22941217703856,0.0021080437714023725,0
24,redundant_parameterization,bic,Duplicate-UDE,45.82236938198974,6.404731866972926e-06,0
24,redundant_parameterization,bic,TV-SIR,27.27492250025005,0.06823824830828511,0
24,redundant_parameterization,gic_eff,SIR,22.01987881390779,0.3407025057368127,0
24,redundant_parameterization,gic_eff,Redundant-SIR,21.957625434961884,0.35147422106866055,1
24,redundant_parameterization,gic_eff,Duplicate-UDE,22.43438244873682,0.2769280878679182,0
24,redundant_parameterization,gic_eff,TV-SIR,26.82069745835097,0.030895185326608506,0
24,redundant_parameterization,gic_aic,SIR,19.941621692263563,0.310057629516104,0
24,redundant_parameterization,gic_aic,Redundant-SIR,19.900726359600185,0.3164628471740991,1
24,redundant_parameterization,gic_aic,Duplicate-UDE,20.01316762461732,0.2991619949150613,0
24,redundant_parameterization,gic_aic,TV-SIR,22.79844438061191,0.0743175283947356,0
24,redundant_parameterization,cv,SIR,0.2581877487729743,0.2487210733859641,0
24,redundant_parameterization,cv,Redundant-SIR,0.2581877487729742,0.24872107338596414,0
24,redundant_parameterization,cv,Duplicate-UDE,0.23690779334402334,0.25138158887717355,1
24,redundant_parameterization,cv,TV-SIR,0.23854202937381228,0.2511762643508982,0
25,redundant_parameterization,aic,SIR,17.515331553746478,0.6399473269503345,1
25,redundant_parameterization,aic,Redundant-SIR,25.515331553746474,0.011721044148233056,0
25,redundant_parameterization,aic,Duplicate-UDE,30.904002760468323,0.0007921933944738489,0
25,redundant_parameterization,aic,TV-SIR,18.736347012321083,0.3475394355069586,0
25,redundant_parameterization,bic,SIR,19.604376429193323,0.8379610857804907,1
25,redundant_parameterization,bic,Redundant-SIR,31.782466180087013,0.0019001385165090506,0
25,redundant_parameterization,bic,Duplicate-UDE,41.349227137702556,1.5899721400876967e-05,0
25,redundant_parameterization,bic,TV-SIR,22.914436763214773,0.16012287598159952,0
25,redundant_parameterization,gic_eff,SIR,19.57293281695624,0.22191285304739544,0
25,redundant_parameterization,gic_eff,Redundant-SIR,19.510679438010335,0.2289288920880684,0
25,redundant_parameterization,gic_eff,Duplicate-UDE,17.961240204449634,0.4967719448052469,1
25,redundant_parameterization,gic_eff,TV-SIR,22.460211721315694,0.05238631005928924,0
25,redundant_parameterization,gic_aic,SIR,17.49467569531201,0.18860899372598988,0
25,redundant_parameterization,gic_aic,Redundant-SIR,17.453780362648637,0.19250530699831836,0
25,redundant_parameterization,gic_aic,Duplicate-UDE,15.540025380330139,0.5011979903461954,1
25,redundant_parameterization,gic_aic,TV-SIR,18.437958643576636,0.11768770892949648,0
25,redundant_parameterization,cv,SIR,1.2383113630410876,0.24807341810104983,0
25,redundant_parameterization,cv,Redundant-SIR,1.238311363041099,0.24807341810104844,0
25,redundant_parameterization,cv,Duplicate-UDE,1.2085497237273943,0.2517925571865883,0
25,redundant_parameterization,cv,TV-SIR,1.2064217271659143,0.2520606066113134,1
26,redundant_parameterization,aic,SIR,18.6039812341738,0.8537946997465274,1
26,redundant_parameterization,aic,Redundant-SIR,26.60398123417381,0.015637795405672564,0
26,redundant_parameterization,aic,Duplicate-UDE,34.59879836916099,0.00028715940450119723,0
26,redundant_parameterization,aic,TV-SIR,22.363985503204454,0.1302803454432987,0
26,redundant_parameterization,bic,SIR,20.69302610962065,0.9470029312199374,1
26,redundant_parameterization,bic,Redundant-SIR,32.871115860514344,0.002147398937006659,0
26,redundant_parameterization,bic,Duplicate-UDE,45.04402274639522,4.882020392520672e-06,0
26,redundant_parameterization,bic,TV-SIR,26.542075254098144,0.050844787822663495,0
26,redundant_parameterization,gic_eff,SIR,20.661582497383566,0.369527311846881,0
26,redundant_parameterization,gic_eff,Redundant-SIR,20.59932911843767,0.3812103577403905,1
26,redundant_parameterization,gic_eff,Duplicate-UDE,21.656035813142303,0.22475209515488154,0
26,redundant_parameterization,gic_eff,TV-SIR,26.087850212199065,0.024510235257846937,0
26,redundant_parameterization,gic_aic,SIR,18.58332537573934,0.3427044094039541,0
26,redundant_parameterization,gic_aic,Redundant-SIR,18.54243004307597,0.34978404920514916,1
26,redundant_parameterization,gic_aic,Duplicate-UDE,19.234820989022808,0.24742821234755802,0
26,redundant_parameterization,gic_aic,TV-SIR,22.065597134460006,0.06008332904333886,0
26,redundant_parameterization,cv,SIR,2.6170225769620568,0.24837602465997008,0
26,redundant_parameterization,cv,Redundant-SIR,2.617022576962045,0.2483760246599715,0
26,redundant_parameterization,cv,Duplicate-UDE,2.617597531012559,0.24830463252154852,0
26,redundant_parameterization,cv,TV-SIR,2.5648277521619853,0.2549433181585099,1
27,redundant_parameterization,aic,SIR,18.197155436720706,0.7920899092212823,1
27,redundant_parameterization,aic,Redundant-SIR,26.197155436720703,0.014507632744707271,0
27,redundant_parameterization,aic,Duplicate-UDE,33.768431645130285,0.0003292416836679543,0
27,redundant_parameterization,aic,TV-SIR,21.020366298362376,0.1930732163503426,0
27,redundant_parameterization,bic,SIR,20.28620031216755,0.9190835594494909,1
27,redundant_parameterization,bic,Redundant-SIR,32.46429006306124,0.002084089703967101,0
27,redundant_parameterization,bic,Duplicate-UDE,44.21365602236452,5.855635122639509e-06,0
27,redundant_parameterization,bic,TV-SIR,25.198456049256066,0.07882649521141946,0
27,redundant_parameterization,gic_eff,SIR,20.25475669993047,0.34611143945619494,0
27,redundant_parameterization,gic_eff,Redundant-SIR,20.192503320984564,0.3570541646670221,1
27,redundant_parameterization,gic_eff,Duplicate-UDE,20.825669089111596,0.2601620244700932,0
27,redundant_parameterization,gic_eff,TV-SIR,24.744231007356987,0.03667237140668973,0
27,redundant_parameterization,gic_aic,SIR,18.176499578286244,0.3131851168157515,0
27,redundant_parameterization,gic_aic,Redundant-SIR,18.135604245622865,0.3196549425819493,1
27,redundant_parameterization,gic_aic,Duplicate-UDE,18.4044542649921,0.2794482434313187,0
27,redundant_parameterization,gic_aic,TV-SIR,20.72197792961793,0.08771169717098043,0
27,redundant_parameterization,cv,SIR,0.5326838784865076,0.25376913890971003,1
27,redundant_parameterization,cv,Redundant-SIR,0.5326838784865151,0.2537691389097091,1
27,redundant_parameterization,cv,Duplicate-UDE,0.5649573116143873,0.2497070011709631,0
27,redundant_parameterization,cv,TV-SIR,0.621430672031995,0.24275472100961787,0
28,redundant_parameterization,aic,SIR,23.596087823959667,0.8278754108795386,1
28,redundant_parameterization,aic,Redundant-SIR,31.596087823959678,0.015163067070531984,0
28,redundant_parameterization,aic,Duplicate-UDE,39.32038938163951,0.00031876915004912796,0
28,redundant_parameterization,aic,TV-SIR,26.925877663541076,0.15664275289988036,0
28,redundant_parameterization,bic,SIR,25.685132699406513,0.93558579664778,1
28,redundant_parameterization,bic,Redundant-SIR,37.86322245030021,0.002121509742965478,0
28,redundant_parameterization,bic,Duplicate-UDE,49.76561375887374,5.521710043671902e-06,0
28,redundant_parameterization,bic,TV-SIR,31.10396741443477,0.06228717189921095,0
28,redundant_parameterization,gic_eff,SIR,25.653689087169433,0.35585069007158443,0
28,redundant_parameterization,gic_eff,Redundant-SIR,25.591435708223543,0.36710133328538175,1
28,redundant_parameterization,gic_eff,Duplicate-UDE,26.37762682562082,0.24778027455291193,0
28,redundant_parameterization,gic_eff,TV-SIR,30.649742372535687,0.02926770209012175,0
28,redundant_parameterization,gic_aic,SIR,23.575431965525205,0.326305850292769,0
28,redundant_parameterization,gic_aic,Redundant-SIR,23.53453663286184,0.3330467261662752,1
28,redundant_parameterization,gic_aic,Duplicate-UDE,23.956412001501324,0.26970940851076,0
28,redundant_parameterization,gic_aic,TV-SIR,26.62748929479663,0.07093801503019587,0
28,redundant_parameterization,cv,SIR,0.7649782570828564,0.2492283604353177,0
28,redundant_parameterization,cv,Redundant-SIR,0.7649782570828498,0.2492283604353185,0
28,redundant_parameterization,cv,Duplicate-UDE,0.7610246269125432,0.24972152610594436,0
28,redundant_parameterization,cv,TV-SIR,0.7442744138712727,0.2518217530234193,1
29,redundant_parameterization,aic,SIR,22.435193487780822,0.6143450117264396,1
29,redundant_parameterization,aic,Redundant-SIR,30.435193487780808,0.011252121387876714,0
29,redundant_parameterization,aic,Duplicate-UDE,36.78782294414239,0.00046965445843014005,0
29,redundant_parameterization,aic,TV-SIR,23.428152435010542,0.3739332124272534,0
29,redundant_parameterization,bic,SIR,24.524238363227667,0.822067102634158,1
29,redundant_parameterization,bic,Redundant-SIR,36.70232811412134,0.001864097738399466,0
29,redundant_parameterization,bic,Duplicate-UDE,47.23304732137662,9.632789244127826e-06,0
29,redundant_parameterization,bic,TV-SIR,27.606242185904236,0.17605916683819842,0
29,redundant_parameterization,gic_eff,SIR,24.492794750990587,0.27183811647501416,0
29,redundant_parameterization,gic_eff,Redundant-SIR,24.430541372044672,0.2804326021559526,0
29,redundant_parameterization,gic_eff,Duplicate-UDE,23.8450603881237,0.37580632234466976,1
29,redundant_parameterization,gic_eff,TV-SIR,27.152017144005153,0.07192295902436342,0
29,redundant_parameterization,gic_aic,SIR,22.41453762934636,0.22930164707251566,0
29,redundant_parameterization,gic_aic,Redundant-SIR,22.37364229668297,0.2340385953654147,0
29,redundant_parameterization,gic_aic,Duplicate-UDE,21.423845564004203,0.37629913750484745,1
29,redundant_parameterization,gic_aic,TV-SIR,23.129764066266095,0.16036062005722207,0
29,redundant_parameterization,cv,SIR,0.4546981983605767,0.2522732303843855,1
29,redundant_parameterization,cv,Redundant-SIR,0.4546981983605727,0.252273230384386,1
29,redundant_parameterization,cv,Duplicate-UDE,0.49802933643237257,0.24686637014278962,0
29,redundant_parameterization,cv,TV-SIR,0.4841365636191062,0.24858716908843895,0
30,redundant_parameterization,aic,SIR,25.911776426405964,0.5997854196885049,1
30,redundant_parameterization,aic,Redundant-SIR,33.91177642640595,0.010985453157742608,0
30,redundant_parameterization,aic,Duplicate-UDE,41.28603421047117,0.00027511751793989135,0
30,redundant_parameterization,aic,TV-SIR,26.777998122257255,0.3889540096358128,0
30,redundant_parameterization,bic,SIR,28.00082130185281,0.8127096844229447,1
30,redundant_parameterization,bic,Redundant-SIR,40.178911052746486,0.0018428791029998892,0
30,redundant_parameterization,bic,Duplicate-UDE,51.7312585877054,5.713950210089088e-06,0
30,redundant_parameterization,bic,TV-SIR,30.95608787315095,0.18544172252384533,0
30,redundant_parameterization,gic_eff,SIR,27.96937768961573,0.31816809351567105,0
30,redundant_parameterization,gic_eff,Redundant-SIR,27.907124310669808,0.3282273565774926,1
30,redundant_parameterization,gic_eff,Duplicate-UDE,28.34327165445248,0.26391652412920885,0
30,redundant_parameterization,gic_eff,TV-SIR,30.501862831251866,0.08968802577762759,0
30,redundant_parameterization,gic_aic,SIR,25.8911205679715,0.26663799330807914,0
30,redundant_parameterization,gic_aic,Redundant-SIR,25.85022523530811,0.27214624151888855,1
30,redundant_parameterization,gic_aic,Duplicate-UDE,25.922056830332984,0.26254533632882154,0
30,redundant_parameterization,gic_aic,TV-SIR,26.479609753512808,0.19867042884421077,0
30,redundant_parameterization,cv,SIR,2.325017073959532,0.26422326742027646,1
30,redundant_parameterization,cv,Redundant-SIR,2.3250170739595246,0.26422326742027746,1
30,redundant_parameterization,cv,Duplicate-UDE,2.510327542775737,0.24084154346568426,0
30,redundant_parameterization,cv,TV-SIR,2.596266305239737,0.2307119216937618,0
31,redundant_parameterization,aic,SIR,21.041975932634376,0.5888496271888446,1
31,redundant_parameterization,aic,Redundant-SIR,29.041975932634376,0.010785157131356624,0
31,redundant_parameterization,aic,Duplicate-UDE,34.12049570593033,0.0008512162775823999,0
31,redundant_parameterization,aic,TV-SIR,21.8178200171728,0.3995139994022164,0
31,redundant_parameterization,bic,SIR,23.13102080808122,0.8057924346338654,1
31,redundant_parameterization,bic,Redundant-SIR,35.309110558974915,0.0018271937293284914,0
31,redundant_parameterization,bic,Duplicate-UDE,44.565720083164564,1.7854075928874945e-05,0
31,redundant_parameterization,bic,TV-SIR,25.995909768066493,0.19236251756087713,0
31,redundant_parameterization,gic_eff,SIR,23.09957719584414,0.2024028847018236,0
31,redundant_parameterization,gic_eff,Redundant-SIR,23.037323816898237,0.20880209286625354,0
31,redundant_parameterization,gic_eff,Duplicate-UDE,21.177733149911642,0.5291025200284939,1
31,redundant_parameterization,gic_eff,TV-SIR,25.54168472616741,0.05969250240342894,0
31,redundant_parameterization,gic_aic,SIR,21.021320074199913,0.169396997671788,0
31,redundant_parameterization,gic_aic,Redundant-SIR,20.980424741536538,0.1728964266082472,0
31,redundant_parameterization,gic_aic,Duplicate-UDE,18.756518325792147,0.5256554357410617,1
31,redundant_parameterization,gic_aic,TV-SIR,21.519431648428352,0.1320511399789031,0
31,redundant_parameterization,cv,SIR,1.027925599898034,0.255228738890861,1
31,redundant_parameterization,cv,Redundant-SIR,1.027925599898039,0.2552287388908604,1
31,redundant_parameterization,cv,Duplicate-UDE,1.1100955137241737,0.24495516686844274,0
31,redundant_parameterization,cv,TV-SIR,1.1131008631769734,0.24458735534983583,0
32,redundant_parameterization,aic,SIR,27.732068622543412,0.455364111929916,0
32,redundant_parameterization,aic,Redundant-SIR,35.732068622543416,0.008340284636997458,0
32,redundant_parameterization,aic,Duplicate-UDE,41.10441505416247,0.0005683170264060896,0
32,redundant_parameterization,aic,TV-SIR,27.40701283724509,0.5357272864066804,1
32,redundant_parameterization,bic,SIR,29.821113497990257,0.7060934483989827,1
32,redundant_parameterization,bic,Redundant-SIR,41.99920324888396,0.0016011189306099306,0
32,redundant_parameterization,bic,Duplicate-UDE,51.549639431396706,1.3507429996862999e-05,0
32,redundant_parameterization,bic,TV-SIR,31.58510258813878,0.2922919252404107,0
32,redundant_parameterization,gic_eff,SIR,29.789669885753177,0.20833536791767168,0
32,redundant_parameterization,gic_eff,Redundant-SIR,29.72741650680728,0.21492213860170686,0
32,redundant_parameterization,gic_eff,Duplicate-UDE,28.161652498143788,0.4701998517573209,1
32,redundant_parameterization,gic_eff,TV-SIR,31.130877546239702,0.10654264172330062,0
32,redundant_parameterization,gic_aic,SIR,27.71141276410895,0.16524779589773075,0
32,redundant_parameterization,gic_aic,Redundant-SIR,27.670517431445578,0.16866150999301235,0
32,redundant_parameterization,gic_aic,Duplicate-UDE,25.740437674024292,0.44271830423514763,1
32,redundant_parameterization,gic_aic,TV-SIR,27.108624468500643,0.22337238987410915,0
32,redundant_parameterization,cv,SIR,1.0819964340499335,0.2698858689900199,1
32,redundant_parameterization,cv,Redundant-SIR,1.0819964340499384,0.2698858689900192,1
32,redundant_parameterization,cv,Duplicate-UDE,1.3869743841195894,0.23171546781541194,0
32,redundant_parameterization,cv,TV-SIR,1.4148103566075798,0.228512794204549,0
33,redundant_parameterization,aic,SIR,23.64683161035574,0.8515986588109004,1
33,redundant_parameterization,aic,Redundant-SIR,31.646831610355736,0.015597573512910825,0
33,redundant_parameterization,aic,Duplicate-UDE,39.53264906869843,0.0003024638928671144,0
33,redundant_parameterization,aic,TV-SIR,27.367877356077923,0.1325013037833216,0
33,redundant_parameterization,bic,SIR,25.735876485802585,0.9460564947564961,1
33,redundant_parameterization,bic,Redundant-SIR,37.913966236696275,0.0021452528225770905,0
33,redundant_parameterization,bic,Duplicate-UDE,49.977873445932666,5.1503212213159105e-06,0
33,redundant_parameterization,bic,TV-SIR,31.545967106971617,0.05179310209970557,0
33,redundant_parameterization,gic_eff,SIR,25.704432873565505,0.36475953817804374,0
33,redundant_parameterization,gic_eff,Redundant-SIR,25.642179494619597,0.3762918452308875,1
33,redundant_parameterization,gic_eff,Duplicate-UDE,26.589886512679747,0.23427871994158042,0
33,redundant_parameterization,gic_eff,TV-SIR,31.091742065072534,0.024669896649488484,0
33,redundant_parameterization,gic_aic,SIR,23.626175751921277,0.3376262150361488,0
33,redundant_parameterization,gic_aic,Redundant-SIR,23.5852804192579,0.34460094872590397,1
33,redundant_parameterization,gic_aic,Duplicate-UDE,24.168671688560252,0.2574154824061159,0
33,redundant_parameterization,gic_aic,TV-SIR,27.069488987333475,0.06035735383183141,0
33,redundant_parameterization,cv,SIR,1.1010522049797098,0.25412196585482383,1
33,redundant_parameterization,cv,Redundant-SIR,1.1010522049797091,0.25412196585482394,1
33,redundant_parameterization,cv,Duplicate-UDE,1.1573841891376313,0.24706422923693208,0
33,redundant_parameterization,cv,TV-SIR,1.176681631441447,0.24469183905342023,0
34,redundant_parameterization,aic,SIR,22.630068505233396,0.7619235891625877,1
34,redundant_parameterization,aic,Redundant-SIR,30.630068505233407,0.013955117319910141,0
34,redundant_parameterization,aic,Duplicate-UDE,37.386070610427765,0.00047608694749443574,0
34,redundant_parameterization,aic,TV-SIR,25.081639259332576,0.2236452065700077,0
34,redundant_parameterization,bic,SIR,24.71911338068024,0.9045209934097501,1
34,redundant_parameterization,bic,Redundant-SIR,36.897203131573946,0.002051068012266994,0
34,redundant_parameterization,bic,Duplicate-UDE,47.83129498766199,8.66307716264009e-06,0
34,redundant_parameterization,bic,TV-SIR,29.259729010226266,0.09341927550082026,0
34,redundant_parameterization,gic_eff,SIR,24.68766976844316,0.3040283729654862,0
34,redundant_parameterization,gic_eff,Redundant-SIR,24.625416389497268,0.3136405919284959,0
34,redundant_parameterization,gic_eff,Duplicate-UDE,24.443308054409073,0.3435394273132939,1
34,redundant_parameterization,gic_eff,TV-SIR,28.805503968327187,0.03879160779272396,0
34,redundant_parameterization,gic_aic,SIR,22.609412646798933,0.2703258354935054,0
34,redundant_parameterization,gic_aic,Redundant-SIR,22.56851731413557,0.27591026770895183,0
34,redundant_parameterization,gic_aic,Duplicate-UDE,22.022093230289578,0.3625954455771091,1
34,redundant_parameterization,gic_aic,TV-SIR,24.78325089058813,0.09116845122043361,0
34,redundant_parameterization,cv,SIR,1.3900371141990544,0.23438424765942367,0
34,redundant_parameterization,cv,Redundant-SIR,1.3900371141990564,0.23438424765942345,0
34,redundant_parameterization,cv,Duplicate-UDE,1.13258841991937,0.2665831492855466,1
34,redundant_parameterization,cv,TV-SIR,1.147156851406319,0.26464835539560627,0
35,redundant_parameterization,aic,SIR,24.927024091132456,0.8533352977313476,1
35,redundant_parameterization,aic,Redundant-SIR,32.92702409113246,0.015629381164257803,0
35,redundant_parameterization,aic,Duplicate-UDE,40.80216218726207,0.00030470338089604824,0
35,redundant_parameterization,aic,TV-SIR,28.67905148729982,0.13073061772349845,0
35,redundant_parameterization,bic,SIR,27.0160689665793,0.946810257976268,1
35,redundant_parameterization,bic,Redundant-SIR,39.194158717473,0.0021469620362273554,0
35,redundant_parameterization,bic,Duplicate-UDE,51.247386564496296,5.18202129717928e-06,0
35,redundant_parameterization,bic,TV-SIR,32.85714123819351,0.051037597966207514,0
35,redundant_parameterization,gic_eff,SIR,26.98462535434222,0.36444061357710716,0
35,redundant_parameterization,gic_eff,Redundant-SIR,26.922371975396324,0.37596283744900433,1
35,redundant_parameterization,gic_eff,Duplicate-UDE,27.85939963124338,0.2353271030092921,0
35,redundant_parameterization,gic_eff,TV-SIR,32.40291619629443,0.02426944596459636,0
35,redundant_parameterization,gic_aic,SIR,24.906368232697993,0.33747421251810517,0
35,redundant_parameterization,gic_aic,Redundant-SIR,24.86547290003462,0.3444458061167278,1
35,redundant_parameterization,gic_aic,Duplicate-UDE,25.438184807123886,0.25867716391225554,0
35,redundant_parameterization,gic_aic,TV-SIR,28.380663118555372,0.059402817452911566,0
35,redundant_parameterization,cv,SIR,1.5699638866784247,0.2514551390781328,1
35,redundant_parameterization,cv,Redundant-SIR,1.5699638866784318,0.25145513907813194,1
35,redundant_parameterization,cv,Duplicate-UDE,1.5970989428511528,0.24806655375959408,0
35,redundant_parameterization,cv,TV-SIR,1.5894012137416502,0.24902316808414104,0
36,redundant_parameterization,aic,SIR,20.123308020678127,0.4636915365959162,0
36,redundant_parameterization,aic,Redundant-SIR,28.123308020678124,0.008492806740053087,0
36,redundant_parameterization,aic,Duplicate-UDE,35.897864645103,0.00017411160577627022,0
36,redundant_parameterization,aic,TV-SIR,19.864912776908906,0.5276415450582544,1
36,redundant_parameterization,bic,SIR,22.212352896124973,0.7129312049884454,1
36,redundant_parameterization,bic,Redundant-SIR,34.39044264701866,0.001616624047592851,0
36,redundant_parameterization,bic,Duplicate-UDE,46.34308902233723,4.1032204661972395e-06,0
36,redundant_parameterization,bic,TV-SIR,24.0430025278026,0.2854480677434956,0
36,redundant_parameterization,gic_eff,SIR,22.180909283887893,0.31198548257691505,0
36,redundant_parameterization,gic_eff,Redundant-SIR,22.11865590494199,0.321849275033386,1
36,redundant_parameterization,gic_eff,Duplicate-UDE,22.955102089084313,0.2118461394616839,0
36,redundant_parameterization,gic_eff,TV-SIR,23.588777485903517,0.154319102928015,0
36,redundant_parameterization,gic_aic,SIR,20.102652162243665,0.24188872615297075,0
36,redundant_parameterization,gic_aic,Redundant-SIR,20.061756829580286,0.24688570023950737,0
36,redundant_parameterization,gic_aic,Duplicate-UDE,20.533887264964815,0.19497283862628803,0
36,redundant_parameterization,gic_aic,TV-SIR,19.566524408164458,0.3162527349812339,1
36,redundant_parameterization,cv,SIR,1.1811765381661896,0.2529288526674345,0
36,redundant_parameterization,cv,Redundant-SIR,1.18117653816618,0.25292885266743564,0
36,redundant_parameterization,cv,Duplicate-UDE,1.1561905317758212,0.2561085140363867,1
36,redundant_parameterization,cv,TV-SIR,1.3025678089892476,0.23803378062874328,0
37,redundant_parameterization,aic,SIR,32.32559019001806,0.6116808554626616,1
37,redundant_parameterization,aic,Redundant-SIR,40.32559019001803,0.011203325663806274,0
37,redundant_parameterization,aic,Duplicate-UDE,47.1110673816857,0.0003766164711187762,0
37,redundant_parameterization,aic,TV-SIR,33.29490517250787,0.3767392024024132,0
37,redundant_parameterization,bic,SIR,34.41463506546491,0.8203510551008714,1
37,redundant_parameterization,bic,Redundant-SIR,46.592724816358576,0.001860206474151657,0
37,redundant_parameterization,bic,Duplicate-UDE,57.556291758919926,7.741994152613956e-06,0
37,redundant_parameterization,bic,TV-SIR,37.47299492340156,0.17778099643082435,0
37,redundant_parameterization,gic_eff,SIR,34.38319145322782,0.2930170691139874,0
37,redundant_parameterization,gic_eff,Redundant-SIR,34.3209380742819,0.30228115259656496,0
37,redundant_parameterization,gic_eff,Duplicate-UDE,34.16830482566701,0.32625333390884315,1
37,redundant_parameterization,gic_eff,TV-SIR,37.01876988150248,0.07844844438060457,0
37,redundant_parameterization,gic_aic,SIR,32.304934331583596,0.24691218883995425,0
37,redundant_parameterization,gic_aic,Redundant-SIR,32.2640389989202,0.25201293838255,0
37,redundant_parameterization,gic_aic,Duplicate-UDE,31.747090001547516,0.32634494245827406,1
37,redundant_parameterization,gic_aic,TV-SIR,32.99651680376342,0.17472993031922174,0
37,redundant_parameterization,cv,SIR,1.1710249256237932,0.2565416417312884,1
37,redundant_parameterization,cv,Redundant-SIR,1.1710249256237963,0.256541641731288,1
37,redundant_parameterization,cv,Duplicate-UDE,1.3275856664787182,0.2372253722247764,0
37,redundant_parameterization,cv,TV-SIR,1.225155855677434,0.24969134431264722,0
38,redundant_parameterization,aic,SIR,23.529791329992648,0.5978866360016611,1
38,redundant_parameterization,aic,Redundant-SIR,31.529791329992655,0.010950675721406443,0
38,redundant_parameterization,aic,Duplicate-UDE,37.43193878315539,0.0005725400655521088,0
38,redundant_parameterization,aic,TV-SIR,24.381276066281895,0.3905901482113803,0
38,redundant_parameterization,bic,SIR,25.618836205439493,0.8115915667546167,1
38,redundant_parameterization,bic,Redundant-SIR,37.7969259563332,0.0018403436887859676,0
38,redundant_parameterization,bic,Duplicate-UDE,47.877163160389614,1.1912508928846054e-05,0
38,redundant_parameterization,bic,TV-SIR,28.55936581717559,0.1865561770476685,0
38,redundant_parameterization,gic_eff,SIR,25.587392593202413,0.24707843781579075,0
38,redundant_parameterization,gic_eff,Redundant-SIR,25.52513921425652,0.2548901167790347,0
38,redundant_parameterization,gic_eff,Duplicate-UDE,24.4891762271367,0.42786769812109865,1
38,redundant_parameterization,gic_eff,TV-SIR,28.105140775276507,0.070163747284076,0
38,redundant_parameterization,gic_aic,SIR,23.509135471558185,0.2071721999349193,0
38,redundant_parameterization,gic_aic,Redundant-SIR,23.468240138894817,0.21145199474383747,0
38,redundant_parameterization,gic_aic,Duplicate-UDE,22.067961403017204,0.4258713755955015,1
38,redundant_parameterization,gic_aic,TV-SIR,24.082887697537448,0.15550442972574174,0
38,redundant_parameterization,cv,SIR,0.5033062839549214,0.25037286416875526,0
38,redundant_parameterization,cv,Redundant-SIR,0.5033062839549264,0.25037286416875465,0
38,redundant_parameterization,cv,Duplicate-UDE,0.4875900667364499,0.25234807186243224,1
38,redundant_parameterization,cv,TV-SIR,0.5311917975813766,0.24690619980005787,0
39,redundant_parameterization,aic,SIR,14.343097565937375,0.8396399253382276,1
39,redundant_parameterization,aic,Redundant-SIR,22.343097565937367,0.015378541669058774,0
39,redundant_parameterization,aic,Duplicate-UDE,30.114251899509945,0.0003158133112501981,0
39,redundant_parameterization,aic,TV-SIR,17.86019244632623,0.14466571968146344,0
39,redundant_parameterization,bic,SIR,16.432142441384222,0.9408249267512601,1
39,redundant_parameterization,bic,Redundant-SIR,28.610232192277905,0.0021333898565788303,0
39,redundant_parameterization,bic,Duplicate-UDE,40.55947627674417,5.424064452303726e-06,0
39,redundant_parameterization,bic,TV-SIR,22.03828219721992,0.05703625932770897,0
39,redundant_parameterization,gic_eff,SIR,16.40069882914714,0.3588483992760871,0
39,redundant_parameterization,gic_eff,Redundant-SIR,16.338445450201228,0.37019381863522,1
39,redundant_parameterization,gic_eff,Duplicate-UDE,17.171489343491253,0.24408212730825,0
39,redundant_parameterization,gic_eff,TV-SIR,21.584057155320842,0.026875654780443032,0
39,redundant_parameterization,gic_aic,SIR,14.322441707502911,0.330465353232811,0
39,redundant_parameterization,gic_aic,Redundant-SIR,14.281546374839529,0.33729215675055074,1
39,redundant_parameterization,gic_aic,Duplicate-UDE,14.750274519371757,0.2668229731233234,0
39,redundant_parameterization,gic_aic,TV-SIR,17.561804077581783,0.06541951689331495,0
39,redundant_parameterization,cv,SIR,1.7562887322369773,0.2568698881720946,1
39,redundant_parameterization,cv,Redundant-SIR,1.7562887322369718,0.25686988817209533,1
39,redundant_parameterization,cv,Duplicate-UDE,1.842513660795112,0.24603092039921873,0
39,redundant_parameterization,cv,TV-SIR,1.8902403073323475,0.24022930325659128,0
40,redundant_parameterization,aic,SIR,21.22846181511986,0.8600377032252462,1
40,redundant_parameterization,aic,Redundant-SIR,29.228461815119847,0.015752140002970056,0
40,redundant_parameterization,aic,Duplicate-UDE,37.20887812919125,0.00029134943408333383,0
40,redundant_parameterization,aic,TV-SIR,25.103161130394927,0.12391880733770051,0
40,redundant_parameterization,bic,SIR,23.317506690566706,0.9496941320369662,1
40,redundant_parameterization,bic,Redundant-SIR,35.495596441460386,0.0021535014331904127,0
40,redundant_parameterization,bic,Duplicate-UDE,47.65410250642548,4.931273827444038e-06,0
40,redundant_parameterization,bic,TV-SIR,29.28125088128862,0.0481474352560161,0
40,redundant_parameterization,gic_eff,SIR,23.286063078329626,0.3694319649092515,0
40,redundant_parameterization,gic_eff,Redundant-SIR,23.223809699383708,0.38111199629581954,1
40,redundant_parameterization,gic_eff,Duplicate-UDE,24.266115573172563,0.2263178322213314,0
40,redundant_parameterization,gic_eff,TV-SIR,28.827025839389538,0.023138206573597535,0
40,redundant_parameterization,gic_aic,SIR,21.207805956685398,0.3432400968794767,0
40,redundant_parameterization,gic_aic,Redundant-SIR,21.16691062402201,0.35033080299400166,1
40,redundant_parameterization,gic_aic,Duplicate-UDE,21.844900749053068,0.24960578093017402,0
40,redundant_parameterization,gic_aic,TV-SIR,24.80477276165048,0.05682331919634761,0
40,redundant_parameterization,cv,SIR,0.47494490401047584,0.25078750459272264,1
40,redundant_parameterization,cv,Redundant-SIR,0.4749449040104677,0.2507875045927237,1
40,redundant_parameterization,cv,Duplicate-UDE,0.48094231217409583,0.25003659352177704,0
40,redundant_parameterization,cv,TV-SIR,0.4941695962556067,0.24838839729277665,0
41,redundant_parameterization,aic,SIR,23.789676128091102,0.6999186152982365,1
41,redundant_parameterization,aic,Redundant-SIR,31.789676128091102,0.012819456609305358,0
41,redundant_parameterization,aic,Duplicate-UDE,37.620187900000566,0.0006946884401166904,0
41,redundant_parameterization,aic,TV-SIR,25.57565785295021,0.2865672396523413,0
41,redundant_parameterization,bic,SIR,25.878721003537947,0.8723380919623552,1
41,redundant_parameterization,bic,Redundant-SIR,38.05681075443164,0.001978090911479265,0
41,redundant_parameterization,bic,Duplicate-UDE,48.0654122772348,1.3271073091346728e-05,0
41,redundant_parameterization,bic,TV-SIR,29.753747603843905,0.12567054605307423,0
41,redundant_parameterization,gic_eff,SIR,25.847277391300867,0.24972233724485546,0
41,redundant_parameterization,gic_eff,Redundant-SIR,25.785024012354967,0.257617606236164,0
41,redundant_parameterization,gic_eff,Duplicate-UDE,24.677425343981877,0.4482161856478118,1
41,redundant_parameterization,gic_eff,TV-SIR,29.299522561944823,0.044443870871168814,0
41,redundant_parameterization,gic_aic,SIR,23.76902026965664,0.21637139343962666,0
41,redundant_parameterization,gic_aic,Redundant-SIR,23.728124936993265,0.22084122658679778,0
41,redundant_parameterization,gic_aic,Duplicate-UDE,22.256210519862382,0.4610014646716343,1
41,redundant_parameterization,gic_aic,TV-SIR,25.277269484205764,0.10178591530194123,0
41,redundant_parameterization,cv,SIR,0.6203095232138647,0.26284491992998493,1
41,redundant_parameterization,cv,Redundant-SIR,0.6203095232138676,0.26284491992998454,1
41,redundant_parameterization,cv,Duplicate-UDE,0.8202215601652246,0.23784237913366357,0
41,redundant_parameterization,cv,TV-SIR,0.8318139913736851,0.2364677810063669,0
42,redundant_parameterization,aic,SIR,17.44615739356835,0.8516350400549029,1
42,redundant_parameterization,aic,Redundant-SIR,25.446157393568352,0.015598239858638242,0
42,redundant_parameterization,aic,Duplicate-UDE,33.21136419677998,0.00032127901644400474,0
42,redundant_parameterization,aic,TV-SIR,21.168131959962402,0.132445441070015,0
42,redundant_parameterization,bic,SIR,19.535202269015198,0.9460789428629782,1
42,redundant_parameterization,bic,Redundant-SIR,31.71329201990889,0.002145303725312874,0
42,redundant_parameterization,bic,Duplicate-UDE,43.656588574014215,5.47059913310505e-06,0
42,redundant_parameterization,bic,TV-SIR,25.346221710856092,0.051770282812575806,0
42,redundant_parameterization,gic_eff,SIR,19.503758656778114,0.35952786864918823,0
42,redundant_parameterization,gic_eff,Redundant-SIR,19.441505277832213,0.3708947702414712,1
42,redundant_parameterization,gic_eff,Duplicate-UDE,20.268601640761297,0.2452725896201929,0
42,redundant_parameterization,gic_eff,TV-SIR,24.891996668957013,0.024304771489147742,0
42,redundant_parameterization,gic_aic,SIR,17.425501535133886,0.33231805576906653,0
42,redundant_parameterization,gic_aic,Redundant-SIR,17.384606202470515,0.3391831326975209,1
42,redundant_parameterization,gic_aic,Duplicate-UDE,17.847386816641798,0.26911797947989385,0
42,redundant_parameterization,gic_aic,TV-SIR,20.869743591217954,0.059380832053518656,0
42,redundant_parameterization,cv,SIR,1.12939287359142,0.2525037987460938,1
42,redundant_parameterization,cv,Redundant-SIR,1.1293928735914096,0.2525037987460951,1
42,redundant_parameterization,cv,Duplicate-UDE,1.164041050834503,0.24816707392431808,0
42,redundant_parameterization,cv,TV-SIR,1.1748836303991697,0.24682532858349313,0
43,redundant_parameterization,aic,SIR,23.76146968982002,0.763072667352996,1
43,redundant_parameterization,aic,Redundant-SIR,31.761469689820025,0.013976163421100628,0
43,redundant_parameterization,aic,Duplicate-UDE,39.01540254262296,0.00037172045931082123,0
43,redundant_parameterization,aic,TV-SIR,26.22560799935026,0.22257944876659247,0
43,redundant_parameterization,bic,SIR,25.850514565266867,0.9050523448720273,1
43,redundant_parameterization,bic,Redundant-SIR,38.02860431616057,0.0020522728908662657,0
43,redundant_parameterization,bic,Duplicate-UDE,49.46062691985719,6.757762764977909e-06,0
43,redundant_parameterization,bic,TV-SIR,30.40369775024395,0.09288862447434147,0
43,redundant_parameterization,gic_eff,SIR,25.819070953029787,0.3290196136546608,0
43,redundant_parameterization,gic_eff,Redundant-SIR,25.75681757408389,0.33942196044461875,1
43,redundant_parameterization,gic_eff,Duplicate-UDE,26.07263998660427,0.28984110185376927,0
43,redundant_parameterization,gic_eff,TV-SIR,29.94947270834487,0.041717324046951165,0
43,redundant_parameterization,gic_aic,SIR,23.74081383138556,0.2939872831633624,0
43,redundant_parameterization,gic_aic,Redundant-SIR,23.699918498722187,0.3000605171627401,0
43,redundant_parameterization,gic_aic,Duplicate-UDE,23.651425162484774,0.30742490508213766,1
43,redundant_parameterization,gic_aic,TV-SIR,25.927219630605812,0.09852729459175985,0
43,redundant_parameterization,cv,SIR,0.6024159785157072,0.25634664966228055,1
43,redundant_parameterization,cv,Redundant-SIR,0.6024159785157089,0.2563466496622803,1
43,redundant_parameterization,cv,Duplicate-UDE,0.7113596947309497,0.24275647264529332,0
43,redundant_parameterization,cv,TV-SIR,0.6966357971617315,0.2445502280301458,0
44,redundant_parameterization,aic,SIR,18.3244543108451,0.8307356314599537,1
44,redundant_parameterization,aic,Redundant-SIR,26.32445431084509,0.015215453837825127,0
44,redundant_parameterization,aic,Duplicate-UDE,33.707559438984426,0.00037937088923564093,0
44,redundant_parameterization,aic,TV-SIR,21.699468578388526,0.1536695438129855,0
44,redundant_parameterization,bic,SIR,20.413499186291943,0.9368895900002127,1
44,redundant_parameterization,bic,Redundant-SIR,32.591588937185634,0.0021244661904766746,0
44,redundant_parameterization,bic,Duplicate-UDE,44.15278381621865,6.5579523063370845e-06,0
44,redundant_parameterization,bic,TV-SIR,25.877558329282216,0.060979385857004374,0
44,redundant_parameterization,gic_eff,SIR,20.38205557405486,0.3403848773072081,0
44,redundant_parameterization,gic_eff,Redundant-SIR,20.319802195108956,0.3511465504381106,1
44,redundant_parameterization,gic_eff,Duplicate-UDE,20.764796882965733,0.281098829811914,0
44,redundant_parameterization,gic_eff,TV-SIR,25.423333287383137,0.027369742442767152,0
44,redundant_parameterization,gic_aic,SIR,18.303798452410632,0.3111872249741031,0
44,redundant_parameterization,gic_aic,Redundant-SIR,18.262903119747254,0.31761577798683616,1
44,redundant_parameterization,gic_aic,Duplicate-UDE,18.343582058846238,0.3050583096115843,0
44,redundant_parameterization,gic_aic,TV-SIR,21.40108020964408,0.06613868742747653,0
44,redundant_parameterization,cv,SIR,2.531015544842483,0.25144035535466036,1
44,redundant_parameterization,cv,Redundant-SIR,2.531015544842469,0.25144035535466214,1
44,redundant_parameterization,cv,Duplicate-UDE,2.5581874993843576,0.24804739294581027,0
44,redundant_parameterization,cv,TV-SIR,2.5499439661192884,0.2490718963448672,0
45,redundant_parameterization,aic,SIR,14.173080822608918,0.8148763224417002,1
45,redundant_parameterization,aic,Redundant-SIR,22.173080822608917,0.014924980460821911,0
45,redundant_parameterization,aic,Duplicate-UDE,29.770336348521383,0.0003343418144251631,0
45,redundant_parameterization,aic,TV-SIR,17.309153105947466,0.16986435528305255,0
45,redundant_parameterization,bic,SIR,16.262125698055765,0.9296959264774908,1
45,redundant_parameterization,bic,Redundant-SIR,28.440215448949456,0.0021081540282936314,0
45,redundant_parameterization,bic,Duplicate-UDE,40.21556072575561,5.846804876270045e-06,0
45,redundant_parameterization,bic,TV-SIR,21.487242856841156,0.06819007268933934,0
45,redundant_parameterization,gic_eff,SIR,16.23068208581868,0.3491377866488656,0
45,redundant_parameterization,gic_eff,Redundant-SIR,16.16842870687278,0.3601761934291131,1
45,redundant_parameterization,gic_eff,Duplicate-UDE,16.82757379250269,0.259049922760744,0
45,redundant_parameterization,gic_eff,TV-SIR,21.033017814942077,0.03163609716127725,0
45,redundant_parameterization,gic_aic,SIR,14.152424964174454,0.3183771886006033,0
45,redundant_parameterization,gic_aic,Redundant-SIR,14.111529631511079,0.32495427297524,1
45,redundant_parameterization,gic_aic,Duplicate-UDE,14.406358968383195,0.28041476353180234,0
45,redundant_parameterization,gic_aic,TV-SIR,17.01076473720302,0.07625377489235444,0
45,redundant_parameterization,cv,SIR,0.667957288255115,0.24113116651186678,0
45,redundant_parameterization,cv,Redundant-SIR,0.6679572882551177,0.24113116651186647,0
45,redundant_parameterization,cv,Duplicate-UDE,0.5264088745028558,0.25881544799233847,0
45,redundant_parameterization,cv,TV-SIR,0.5255839703097579,0.2589222189839282,1
46,redundant_parameterization,aic,SIR,19.373950907705158,0.2652298333783537,0
46,redundant_parameterization,aic,Redundant-SIR,27.373950907705154,0.004857853850677071,0
46,redundant_parameterization,aic,Duplicate-UDE,29.356509184601844,0.0018027578070184303,0
46,redundant_parameterization,aic,TV-SIR,17.35424135052022,0.7281095549639508,1
46,redundant_parameterization,bic,SIR,21.462995783152003,0.5080531154700143,1
46,redundant_parameterization,bic,Redundant-SIR,33.64108553404569,0.001152047880884387,0
46,redundant_parameterization,bic,Duplicate-UDE,39.80173356183607,5.293011135926461e-05,0
46,redundant_parameterization,bic,TV-SIR,21.53233110141391,0.49074190653774213,0
46,redundant_parameterization,gic_eff,SIR,21.43155217091492,0.06444813458356674,0
46,redundant_parameterization,gic_eff,Redundant-SIR,21.369298791969015,0.06648573908518737,0
46,redundant_parameterization,gic_eff,Duplicate-UDE,16.413746628583155,0.7921601306249474,1
46,redundant_parameterization,gic_eff,TV-SIR,21.07810605951483,0.07690599570629858,0
46,redundant_parameterization,gic_aic,SIR,19.35329504927069,0.05059326989281024,0
46,redundant_parameterization,gic_aic,Redundant-SIR,19.312399716607317,0.05163843335548284,0
46,redundant_parameterization,gic_aic,Duplicate-UDE,13.99253180446366,0.7381892173271806,1
46,redundant_parameterization,gic_aic,TV-SIR,17.05585298177577,0.15957907942452637,0
46,redundant_parameterization,cv,SIR,0.6816786164396273,0.26296207599390614,1
46,redundant_parameterization,cv,Redundant-SIR,0.6816786164396335,0.2629620759939053,1
46,redundant_parameterization,cv,Duplicate-UDE,0.8919388616134556,0.23672040085242405,0
46,redundant_parameterization,cv,TV-SIR,0.8865806752401789,0.2373554471597645,0
47,redundant_parameterization,aic,SIR,21.302648204596956,0.7767033118398423,1
47,redundant_parameterization,aic,Redundant-SIR,29.30264820459696,0.014225817383342422,0
47,redundant_parameterization,aic,Duplicate-UDE,36.186254834994955,0.0004553245235042341,0
47,redundant_parameterization,aic,TV-SIR,23.931778950583876,0.20861554625331089,0
47,redundant_parameterization,bic,SIR,23.3916930800438,0.9117574258645373,1
47,redundant_parameterization,bic,Redundant-SIR,35.5697828309375,0.002067477156155408,0
47,redundant_parameterization,bic,Duplicate-UDE,46.63147921222919,8.192639974827846e-06,0
47,redundant_parameterization,bic,TV-SIR,28.109868701477566,0.08616690433933234,0
47,redundant_parameterization,gic_eff,SIR,23.36024946780672,0.3116735602417546,0
47,redundant_parameterization,gic_eff,Redundant-SIR,23.29799608886082,0.32152749090224925,0
47,redundant_parameterization,gic_eff,Duplicate-UDE,23.24349227897627,0.3304102133396286,1
47,redundant_parameterization,gic_eff,TV-SIR,27.655643659578487,0.036388735516367655,0
47,redundant_parameterization,gic_aic,SIR,21.281992346162493,0.27873151105416794,0
47,redundant_parameterization,gic_aic,Redundant-SIR,21.24109701349912,0.28448958899351684,0
47,redundant_parameterization,gic_aic,Duplicate-UDE,20.822277454856774,0.3507614764429463,1
47,redundant_parameterization,gic_aic,TV-SIR,23.63339058183943,0.08601742350936878,0
47,redundant_parameterization,cv,SIR,1.1335375260878953,0.23554178167979153,0
47,redundant_parameterization,cv,Redundant-SIR,1.1335375260878875,0.23554178167979245,0
47,redundant_parameterization,cv,Duplicate-UDE,0.9178794682363526,0.26235993103068617,0
47,redundant_parameterization,cv,TV-SIR,0.8861416559557502,0.26655650560972977,1
48,redundant_parameterization,aic,SIR,20.845490744695958,0.8550053481561328,1
48,redundant_parameterization,aic,Redundant-SIR,28.84549074469597,0.01565996920476409,0
48,redundant_parameterization,aic,Duplicate-UDE,36.83308047726047,0.0002886076452395569,0
48,redundant_parameterization,aic,TV-SIR,24.627367170664012,0.12904607499386359,0
48,redundant_parameterization,bic,SIR,22.934535620142803,0.9475269093425454,1
48,redundant_parameterization,bic,Redundant-SIR,35.11262537103651,0.0021485870960148284,0
48,redundant_parameterization,bic,Duplicate-UDE,47.27830485449469,4.902405478910283e-06,0
48,redundant_parameterization,bic,TV-SIR,28.805456921557706,0.0503196011559609,0
48,redundant_parameterization,gic_eff,SIR,22.903092007905723,0.36932526481977007,0
48,redundant_parameterization,gic_eff,Redundant-SIR,22.84083862895983,0.38100192275597594,1
48,redundant_parameterization,gic_eff,Duplicate-UDE,23.890317921241774,0.22544241840394222,0
48,redundant_parameterization,gic_eff,TV-SIR,28.351231879658624,0.02423039402031175,0
48,redundant_parameterization,gic_aic,SIR,20.824834886261495,0.34262140834152893,0
48,redundant_parameterization,gic_aic,Redundant-SIR,20.78393955359813,0.34969933349415466,1
48,redundant_parameterization,gic_aic,Duplicate-UDE,21.46910309712228,0.24826381883459206,0
48,redundant_parameterization,gic_aic,TV-SIR,24.328978801919565,0.059415439329724394,0
48,redundant_parameterization,cv,SIR,0.7244366810540358,0.2514540378876297,1
48,redundant_parameterization,cv,Redundant-SIR,0.7244366810540377,0.25145403788762943,1
48,redundant_parameterization,cv,Duplicate-UDE,0.7271008391836193,0.2511193042233524,0
48,redundant_parameterization,cv,TV-SIR,0.7685166649943663,0.24597262000138845,0
49,redundant_parameterization,aic,SIR,34.95744906801981,0.2894574524396192,0
49,redundant_parameterization,aic,Redundant-SIR,42.95744906801982,0.0053015981725369945,0
49,redundant_parameterization,aic,Duplicate-UDE,50.89372442526348,0.00010024587492420465,0
49,redundant_parameterization,aic,TV-SIR,33.17667097750312,0.7051407035129197,1
49,redundant_parameterization,bic,SIR,37.04649394346666,0.5377990569205792,1
49,redundant_parameterization,bic,Redundant-SIR,49.22458369436036,0.0012194989952847525,0
49,redundant_parameterization,bic,Duplicate-UDE,61.33894880249771,2.8548315502747233e-06,0
49,redundant_parameterization,bic,TV-SIR,37.35476072839682,0.4609785892525858,0
49,redundant_parameterization,gic_eff,SIR,37.015050331229574,0.2690467854040218,0
49,redundant_parameterization,gic_eff,Redundant-SIR,36.952796952283684,0.27755301983001335,0
49,redundant_parameterization,gic_eff,Duplicate-UDE,37.95096186924479,0.16849895009896498,0
49,redundant_parameterization,gic_eff,TV-SIR,36.90053568649773,0.2849012446669999,1
49,redundant_parameterization,gic_aic,SIR,34.936793209585346,0.17975680923930062,0
49,redundant_parameterization,gic_aic,Redundant-SIR,34.895897876921985,0.18347025273843606,0
49,redundant_parameterization,gic_aic,Duplicate-UDE,35.52974704512529,0.13363710570244278,0
49,redundant_parameterization,gic_aic,TV-SIR,32.87828260875868,0.5031358323198205,1
49,redundant_parameterization,cv,SIR,1.799408374409585,0.2512509294409217,0
49,redundant_parameterization,cv,Redundant-SIR,1.7994083744095792,0.2512509294409224,0
49,redundant_parameterization,cv,Duplicate-UDE,1.7886541825916216,0.25260556853400257,1
49,redundant_parameterization,cv,TV-SIR,1.8506734214046985,0.24489257258415323,0
