train_fit,test_fit,d,d_eff,logdet,cond,aic,bic,gic_eff,gic_aic,cv,model,seed,scenario,true_model
13.264131550375627,5.174324578595664,2,1.9896720707827682,11.900029675408963,13.635487917951675,17.264131550375627,19.353176425822472,19.321732813585392,17.243475691941164,0.574924953177296,SIR,0,redundant_parameterization,SIR
13.264131550375621,5.174324578595602,6,1.9692244044510816,10.311441796344887,891.846976414521,25.264131550375623,31.53126617671616,19.259479434639484,17.202580359277786,0.5749249531772891,Redundant-SIR,0,redundant_parameterization,SIR
12.982300328690583,5.3427744776211465,10,2.3180113099309074,12.31339384709786,1430.4662723543538,32.982300328690584,43.42752470592481,20.039537772671892,17.618322948552397,0.5936416086245718,Duplicate-UDE,0,redundant_parameterization,SIR
12.957613319952893,5.4152303021799675,4,3.8508058156277762,18.125730672422755,166.50018214882752,20.95761331995289,25.135703070846585,24.681478028947502,20.659224951208444,0.6016922557977742,TV-SIR,0,redundant_parameterization,SIR
28.713404208716334,11.40798111315031,2,1.9896720707827682,11.900029675408963,13.635487917951675,32.713404208716334,34.80244908416318,34.771005471926095,32.69274835028187,1.267553457016701,SIR,1,redundant_parameterization,SIR
28.713404208716323,11.407981113150358,6,1.9692244044510816,10.311441796344887,891.846976414521,40.71340420871633,46.98053883505686,34.708752092980184,32.651853017618485,1.2675534570167064,Redundant-SIR,1,redundant_parameterization,SIR
26.9950253302101,15.79699916776395,10,2.3180113099309074,12.31339384709786,1430.4662723543538,46.9950253302101,57.44024970744433,34.05226277419141,31.631047950071917,1.75522212975155,Duplicate-UDE,1,redundant_parameterization,SIR
26.96151983542437,15.795874630187479,4,3.8508058156277762,18.125730672422755,166.50018214882752,34.96151983542437,39.13960958631806,38.68538454441898,34.66313146667992,1.755097181131942,TV-SIR,1,redundant_parameterization,SIR
31.42638562803622,13.944676747758047,2,1.9896720707827682,11.900029675408963,13.635487917951675,35.426385628036215,37.51543050348307,37.48398689124598,35.405729769601756,1.549408527528672,SIR,2,redundant_parameterization,SIR
31.426385628036208,13.944676747758129,6,1.9692244044510816,10.311441796344887,891.846976414521,43.42638562803621,49.69352025437675,37.42173351230007,35.364834436938374,1.5494085275286809,Redundant-SIR,2,redundant_parameterization,SIR
25.859671996998422,13.37256308051165,10,2.3180113099309074,12.31339384709786,1430.4662723543538,45.85967199699842,56.304896374232655,32.91690944097974,30.495694616860238,1.4858403422790722,Duplicate-UDE,2,redundant_parameterization,SIR
25.676146922402765,13.290041891805384,4,3.8508058156277762,18.125730672422755,166.50018214882752,33.676146922402765,37.854236673296455,37.400011631397376,33.37775855365832,1.4766713213117093,TV-SIR,2,redundant_parameterization,SIR
17.315572090678575,6.340694618188362,2,1.9896720707827682,11.900029675408963,13.635487917951675,21.315572090678575,23.40461696612542,23.37317335388834,21.294916232244113,0.7045216242431513,SIR,3,redundant_parameterization,SIR
17.31557209067857,6.340694618188404,6,1.9692244044510816,10.311441796344887,891.846976414521,29.31557209067857,35.58270671701911,23.310919974942436,21.254020899580734,0.704521624243156,Redundant-SIR,3,redundant_parameterization,SIR
17.109538229880187,6.725764173175715,10,2.3180113099309074,12.31339384709786,1430.4662723543538,37.10953822988019,47.55476260711441,24.166775673861498,21.745560849742002,0.7473071303528572,Duplicate-UDE,3,redundant_parameterization,SIR
16.298611015837594,7.037294284036698,4,3.8508058156277762,18.125730672422755,166.50018214882752,24.298611015837594,28.476700766731284,28.022475724832205,24.000222647093146,0.7819215871151887,TV-SIR,3,redundant_parameterization,SIR
14.507260923348715,11.852655696191471,2,1.9896720707827682,11.900029675408963,13.635487917951675,18.507260923348717,20.596305798795562,20.56486218655848,18.48660506491425,1.3169617440212746,SIR,4,redundant_parameterization,SIR
14.507260923348714,11.852655696191343,6,1.9692244044510816,10.311441796344887,891.846976414521,26.507260923348714,32.77439554968925,20.502608807612575,18.445709732250876,1.3169617440212604,Redundant-SIR,4,redundant_parameterization,SIR
14.01868817705339,11.214904851487514,10,2.3180113099309074,12.31339384709786,1430.4662723543538,34.01868817705339,44.46391255428762,21.0759256210347,18.654710796915204,1.2461005390541682,Duplicate-UDE,4,redundant_parameterization,SIR
13.883623745230766,11.452646266426592,4,3.8508058156277762,18.125730672422755,166.50018214882752,21.883623745230764,26.061713496124458,25.607488454225376,21.585235376486317,1.272516251825177,TV-SIR,4,redundant_parameterization,SIR
15.301371178959743,20.782705225671883,2,1.9896720707827682,11.900029675408963,13.635487917951675,19.30137117895974,21.39041605440659,21.358972442169506,19.280715320525278,2.309189469519098,SIR,5,redundant_parameterization,SIR
15.30137117895974,20.78270522567179,6,1.9692244044510816,10.311441796344887,891.846976414521,27.30137117895974,33.568505805300276,21.296719063223605,19.239819987861903,2.309189469519088,Redundant-SIR,5,redundant_parameterization,SIR
14.976034842708104,21.444195877124933,10,2.3180113099309074,12.31339384709786,1430.4662723543538,34.9760348427081,45.421259219942336,22.033272286689417,19.61205746256992,2.382688430791659,Duplicate-UDE,5,redundant_parameterization,SIR
13.62009805677877,20.969483288196,4,3.8508058156277762,18.125730672422755,166.50018214882752,21.620098056778772,25.798187807672463,25.343962765773384,21.321709688034325,2.3299425875773334,TV-SIR,5,redundant_parameterization,SIR
26.431342066488803,8.42729649401076,2,1.9896720707827682,11.900029675408963,13.635487917951675,30.431342066488803,32.52038694193565,32.488943329698564,30.41068620805434,0.9363662771123066,SIR,6,redundant_parameterization,SIR
26.43134206648877,8.42729649401083,6,1.9692244044510816,10.311441796344887,891.846976414521,38.43134206648877,44.69847669282931,32.42668995075263,30.369790875390933,0.9363662771123145,Redundant-SIR,6,redundant_parameterization,SIR
26.13276672850838,9.16770602887475,10,2.3180113099309074,12.31339384709786,1430.4662723543538,46.13276672850838,56.57799110574261,33.190004172489694,30.768789348370195,1.0186340032083057,Duplicate-UDE,6,redundant_parameterization,SIR
25.375430615351465,9.025174047369498,4,3.8508058156277762,18.125730672422755,166.50018214882752,33.37543061535146,37.55352036624516,37.09929532434607,33.07704224660702,1.0027971163743887,TV-SIR,6,redundant_parameterization,SIR
23.723449963760416,10.805973756492806,2,1.9896720707827682,11.900029675408963,13.635487917951675,27.723449963760416,29.81249483920726,29.78105122697018,27.702794105325953,1.2006637507214228,SIR,7,redundant_parameterization,SIR
23.723449963760423,10.80597375649278,6,1.9692244044510816,10.311441796344887,891.846976414521,35.72344996376042,41.990584590100966,29.718797848024288,27.661898772662585,1.20066375072142,Redundant-SIR,7,redundant_parameterization,SIR
23.721829556860566,10.735670857487838,10,2.3180113099309074,12.31339384709786,1430.4662723543538,43.72182955686057,54.167053934094795,30.779067000841877,28.357852176722382,1.1928523174986487,Duplicate-UDE,7,redundant_parameterization,SIR
23.56248502005313,10.713562391784887,4,3.8508058156277762,18.125730672422755,166.50018214882752,31.56248502005313,35.74057477094682,35.28634972904774,31.264096651308684,1.190395821309432,TV-SIR,7,redundant_parameterization,SIR
28.938311127489072,23.939531506856348,2,1.9896720707827682,11.900029675408963,13.635487917951675,32.93831112748907,35.02735600293592,34.995912390698834,32.917655269054606,2.6599479452062607,SIR,8,redundant_parameterization,SIR
28.938311127489072,23.939531506856433,6,1.9692244044510816,10.311441796344887,891.846976414521,40.93831112748907,47.20544575382961,34.93365901175294,32.87675993639124,2.6599479452062704,Redundant-SIR,8,redundant_parameterization,SIR
27.85883774954599,23.019190899618902,10,2.3180113099309074,12.31339384709786,1430.4662723543538,47.85883774954599,58.304062126780224,34.916075193527305,32.4948603694078,2.5576878777354337,Duplicate-UDE,8,redundant_parameterization,SIR
27.20923268499049,23.53720990490611,4,3.8508058156277762,18.125730672422755,166.50018214882752,35.20923268499049,39.38732243588418,38.9330973939851,34.91084431624604,2.615245544989568,TV-SIR,8,redundant_parameterization,SIR
9.53206526835391,6.467869804748159,2,1.9896720707827682,11.900029675408963,13.635487917951675,13.53206526835391,15.621110143800756,15.589666531563676,13.511409409919448,0.7186522005275733,SIR,9,redundant_parameterization,SIR
9.532065268353906,6.467869804748161,6,1.9692244044510816,10.311441796344887,891.846976414521,21.532065268353904,27.799199894694446,15.527413152617768,13.47051407725607,0.7186522005275734,Redundant-SIR,9,redundant_parameterization,SIR
9.379927740891743,7.168264432342442,10,2.3180113099309074,12.31339384709786,1430.4662723543538,29.379927740891745,39.82515211812597,16.437165184873052,14.015950360753557,0.7964738258158268,Duplicate-UDE,9,redundant_parameterization,SIR
8.936852245776418,7.628972689791822,4,3.8508058156277762,18.125730672422755,166.50018214882752,16.936852245776418,21.11494199667011,20.66071695477103,16.63846387703197,0.8476636321990914,TV-SIR,9,redundant_parameterization,SIR
14.579559162078345,17.50664033201276,2,1.9896720707827682,11.900029675408963,13.635487917951675,18.579559162078347,20.668604037525192,20.63716042528811,18.55890330364388,1.945182259112529,SIR,10,redundant_parameterization,SIR
14.579559162078368,17.506640332012736,6,1.9692244044510816,10.311441796344887,891.846976414521,26.579559162078368,32.846693788418904,20.574907046342233,18.51800797098053,1.9451822591125263,Redundant-SIR,10,redundant_parameterization,SIR
13.788315478499385,15.996047066865343,10,2.3180113099309074,12.31339384709786,1430.4662723543538,33.788315478499385,44.23353985573361,20.845552922480696,18.4243380983612,1.777338562985038,Duplicate-UDE,10,redundant_parameterization,SIR
13.061242003968363,17.034186906975584,4,3.8508058156277762,18.125730672422755,166.50018214882752,21.061242003968363,25.239331754862057,24.785106712962975,20.762853635223916,1.8926874341083983,TV-SIR,10,redundant_parameterization,SIR
20.388055856101076,6.311110544142576,2,1.9896720707827682,11.900029675408963,13.635487917951675,24.388055856101076,26.47710073154792,26.44565711931084,24.367399997666613,0.7012345049047306,SIR,11,redundant_parameterization,SIR
20.388055856101083,6.311110544142551,6,1.9692244044510816,10.311441796344887,891.846976414521,32.38805585610108,38.655190482441625,26.383403740364948,24.326504665003245,0.7012345049047278,Redundant-SIR,11,redundant_parameterization,SIR
18.448345360023325,6.716196153757644,10,2.3180113099309074,12.31339384709786,1430.4662723543538,38.448345360023325,48.89356973725755,25.505582804004636,23.08436797988514,0.7462440170841826,Duplicate-UDE,11,redundant_parameterization,SIR
17.869048028363377,6.906987806668537,4,3.8508058156277762,18.125730672422755,166.50018214882752,25.869048028363377,30.04713777925707,29.592912737357988,25.57065965961893,0.7674430896298374,TV-SIR,11,redundant_parameterization,SIR
10.48211373304029,15.334019449313667,2,1.9896720707827682,11.900029675408963,13.635487917951675,14.48211373304029,16.571158608487135,16.539714996250055,14.461457874605827,1.7037799388126296,SIR,12,redundant_parameterization,SIR
10.482113733040293,15.334019449313653,6,1.9692244044510816,10.311441796344887,891.846976414521,22.482113733040293,28.749248359380832,16.477461617304158,14.420562541942456,1.703779938812628,Redundant-SIR,12,redundant_parameterization,SIR
10.430672412688017,15.284631370763046,10,2.3180113099309074,12.31339384709786,1430.4662723543538,30.43067241268802,40.875896789922244,17.487909856669326,15.06669503254983,1.6982923745292273,Duplicate-UDE,12,redundant_parameterization,SIR
8.922649789839921,15.123130424635692,4,3.8508058156277762,18.125730672422755,166.50018214882752,16.922649789839923,21.100739540733613,20.646514498834534,16.624261421095476,1.6803478249595214,TV-SIR,12,redundant_parameterization,SIR
21.175702483524347,5.532616805334338,2,1.9896720707827682,11.900029675408963,13.635487917951675,25.175702483524347,27.264747358971192,27.233303746734112,25.155046625089884,0.6147352005927043,SIR,13,redundant_parameterization,SIR
21.175702483524358,5.532616805334343,6,1.9692244044510816,10.311441796344887,891.846976414521,33.17570248352436,39.4428371098649,27.17105036778822,25.11415129242652,0.6147352005927048,Redundant-SIR,13,redundant_parameterization,SIR
20.993694291219526,5.098753065718502,10,2.3180113099309074,12.31339384709786,1430.4662723543538,40.993694291219526,51.43891866845375,28.050931735200837,25.629716911081342,0.5665281184131669,Duplicate-UDE,13,redundant_parameterization,SIR
20.384191077565045,5.169352763180152,4,3.8508058156277762,18.125730672422755,166.50018214882752,28.384191077565045,32.56228082845874,32.10805578655966,28.085802708820598,0.5743725292422391,TV-SIR,13,redundant_parameterization,SIR
18.227673771778246,9.505868090615948,2,1.9896720707827682,11.900029675408963,13.635487917951675,22.227673771778246,24.31671864722509,24.28527503498801,22.207017913343783,1.0562075656239942,SIR,14,redundant_parameterization,SIR
18.227673771778242,9.505868090615985,6,1.9692244044510816,10.311441796344887,891.846976414521,30.227673771778242,36.49480839811878,24.223021656042107,22.166122580680405,1.0562075656239984,Redundant-SIR,14,redundant_parameterization,SIR
18.071300095633998,10.001657390676808,10,2.3180113099309074,12.31339384709786,1430.4662723543538,38.071300095634,48.51652447286823,25.12853753961531,22.707322715495813,1.1112952656307564,Duplicate-UDE,14,redundant_parameterization,SIR
16.269841839875422,10.109734724544786,4,3.8508058156277762,18.125730672422755,166.50018214882752,24.269841839875422,28.447931590769116,27.993706548870033,23.971453471130975,1.1233038582827541,TV-SIR,14,redundant_parameterization,SIR
20.853739290643283,3.501809382227992,2,1.9896720707827682,11.900029675408963,13.635487917951675,24.853739290643283,26.942784166090128,26.911340553853048,24.83308343220882,0.38908993135866576,SIR,15,redundant_parameterization,SIR
20.8537392906433,3.5018093822279934,6,1.9692244044510816,10.311441796344887,891.846976414521,32.853739290643304,39.12087391698384,26.84908717490716,24.792188099545463,0.38908993135866593,Redundant-SIR,15,redundant_parameterization,SIR
16.831850675074865,4.892805847409675,10,2.3180113099309074,12.31339384709786,1430.4662723543538,36.83185067507486,47.277075052309094,23.889088119056176,21.46787329493668,0.5436450941566305,Duplicate-UDE,15,redundant_parameterization,SIR
15.608036014647164,4.347163256911491,4,3.8508058156277762,18.125730672422755,166.50018214882752,23.608036014647162,27.786125765540856,27.331900723641773,23.309647645902714,0.4830181396568324,TV-SIR,15,redundant_parameterization,SIR
14.49008073933375,16.877191698954345,2,1.9896720707827682,11.900029675408963,13.635487917951675,18.49008073933375,20.579125614780597,20.547682002543514,18.469424880899286,1.8752435221060384,SIR,16,redundant_parameterization,SIR
14.490080739333742,16.877191698954288,6,1.9692244044510816,10.311441796344887,891.846976414521,26.49008073933374,32.757215365674284,20.485428623597606,18.428529548235904,1.875243522106032,Redundant-SIR,16,redundant_parameterization,SIR
10.358802385156405,15.748893824067942,10,2.3180113099309074,12.31339384709786,1430.4662723543538,30.358802385156405,40.804026762390635,17.416039829137716,14.994825005018221,1.7498770915631046,Duplicate-UDE,16,redundant_parameterization,SIR
10.344868480845625,15.740130556793673,4,3.8508058156277762,18.125730672422755,166.50018214882752,18.344868480845626,22.522958231739317,22.068733189840238,18.04648011210118,1.748903395199297,TV-SIR,16,redundant_parameterization,SIR
14.777891985154195,11.42140751483166,2,1.9896720707827682,11.900029675408963,13.635487917951675,18.777891985154195,20.86693686060104,20.83549324836396,18.757236126719732,1.26904527942574,SIR,17,redundant_parameterization,SIR
14.77789198515419,11.42140751483166,6,1.9692244044510816,10.311441796344887,891.846976414521,26.77789198515419,33.04502661149473,20.773239869418052,18.716340794056354,1.26904527942574,Redundant-SIR,17,redundant_parameterization,SIR
12.840851623044585,9.47448536492867,10,2.3180113099309074,12.31339384709786,1430.4662723543538,32.840851623044585,43.28607600027881,19.898089067025897,17.4768742429064,1.0527205961031856,Duplicate-UDE,17,redundant_parameterization,SIR
10.334369546458996,8.384367353895618,4,3.8508058156277762,18.125730672422755,166.50018214882752,18.334369546458994,22.512459297352688,22.058234255453605,18.035981177714547,0.9315963726550687,TV-SIR,17,redundant_parameterization,SIR
18.737101691272212,12.165153074998665,2,1.9896720707827682,11.900029675408963,13.635487917951675,22.737101691272212,24.826146566719057,24.794702954481977,22.71644583283775,1.3516836749998518,SIR,18,redundant_parameterization,SIR
18.737101691272215,12.165153074998662,6,1.9692244044510816,10.311441796344887,891.846976414521,30.737101691272215,37.00423631761275,24.73244957553608,22.675550500174378,1.3516836749998513,Redundant-SIR,18,redundant_parameterization,SIR
18.33888320905549,11.832753325579604,10,2.3180113099309074,12.31339384709786,1430.4662723543538,38.33888320905549,48.78410758628972,25.3961206530368,22.974905828917304,1.314750369508845,Duplicate-UDE,18,redundant_parameterization,SIR
17.990081273848613,12.207578315353965,4,3.8508058156277762,18.125730672422755,166.50018214882752,25.990081273848613,30.168171024742307,29.713945982843224,25.691692905104166,1.356397590594885,TV-SIR,18,redundant_parameterization,SIR
15.24794324183024,15.12953553812751,2,1.9896720707827682,11.900029675408963,13.635487917951675,19.247943241830242,21.336988117277087,21.305544505040004,19.227287383395776,1.6810595042363898,SIR,19,redundant_parameterization,SIR
15.247943241830246,15.129535538127415,6,1.9692244044510816,10.311441796344887,891.846976414521,27.247943241830246,33.515077868170785,21.243291126094107,19.186392050732408,1.6810595042363794,Redundant-SIR,19,redundant_parameterization,SIR
15.118299425124752,15.325666665582759,10,2.3180113099309074,12.31339384709786,1430.4662723543538,35.118299425124754,45.56352380235898,22.17553686910606,19.754322044986566,1.7028518517314177,Duplicate-UDE,19,redundant_parameterization,SIR
12.78713034181985,15.152151865092616,4,3.8508058156277762,18.125730672422755,166.50018214882752,20.78713034181985,24.965220092713544,24.51099505081446,20.488741973075403,1.6835724294547352,TV-SIR,19,redundant_parameterization,SIR
13.812727132178658,2.1392725232795744,2,1.9896720707827682,11.900029675408963,13.635487917951675,17.812727132178658,19.901772007625503,19.870328395388423,17.792071273744195,0.2376969470310638,SIR,20,redundant_parameterization,SIR
13.812727132178653,2.1392725232796126,6,1.9692244044510816,10.311441796344887,891.846976414521,25.81272713217865,32.07986175851919,19.808075016442515,17.751175941080817,0.23769694703106806,Redundant-SIR,20,redundant_parameterization,SIR
12.731569576430902,2.2545834990550233,10,2.3180113099309074,12.31339384709786,1430.4662723543538,32.7315695764309,43.17679395366513,19.788807020412214,17.367592196292716,0.25050927767278036,Duplicate-UDE,20,redundant_parameterization,SIR
11.836687264051816,2.019205686610293,4,3.8508058156277762,18.125730672422755,166.50018214882752,19.836687264051818,24.01477701494551,23.56055197304643,19.53829889530737,0.22435618740114366,TV-SIR,20,redundant_parameterization,SIR
17.83936291583605,7.817064333704925,2,1.9896720707827682,11.900029675408963,13.635487917951675,21.83936291583605,23.928407791282893,23.896964179045813,21.818707057401586,0.8685627037449917,SIR,21,redundant_parameterization,SIR
17.839362915836052,7.817064333704884,6,1.9692244044510816,10.311441796344887,891.846976414521,29.839362915836052,36.10649754217659,23.834710800099913,21.777811724738214,0.8685627037449871,Redundant-SIR,21,redundant_parameterization,SIR
17.791948990556115,7.850508361853968,10,2.3180113099309074,12.31339384709786,1430.4662723543538,37.791948990556115,48.23717336779035,24.849186434537426,22.42797161041793,0.8722787068726631,Duplicate-UDE,21,redundant_parameterization,SIR
16.043846869740786,7.597995213258745,4,3.8508058156277762,18.125730672422755,166.50018214882752,24.043846869740786,28.22193662063448,27.767711578735398,23.74545850099634,0.8442216903620827,TV-SIR,21,redundant_parameterization,SIR
11.088777889680435,8.510661838102044,2,1.9896720707827682,11.900029675408963,13.635487917951675,15.088777889680435,17.17782276512728,17.146379152890198,15.06812203124597,0.9456290931224492,SIR,22,redundant_parameterization,SIR
11.088777889680442,8.510661838101974,6,1.9692244044510816,10.311441796344887,891.846976414521,23.088777889680443,29.35591251602098,17.084125773944304,15.027226698582606,0.9456290931224416,Redundant-SIR,22,redundant_parameterization,SIR
10.849064108796542,9.578967938921355,10,2.3180113099309074,12.31339384709786,1430.4662723543538,30.84906410879654,41.29428848603077,17.906301552777855,15.485086728658356,1.0643297709912618,Duplicate-UDE,22,redundant_parameterization,SIR
8.968166061610125,9.824586420280866,4,3.8508058156277762,18.125730672422755,166.50018214882752,16.968166061610127,21.146255812503817,20.692030770604738,16.66977769286568,1.0916207133645406,TV-SIR,22,redundant_parameterization,SIR
12.995442928226113,9.096505012704595,2,1.9896720707827682,11.900029675408963,13.635487917951675,16.99544292822611,19.08448780367296,19.053044191435877,16.97478706979165,1.0107227791893996,SIR,23,redundant_parameterization,SIR
12.995442928226106,9.096505012704617,6,1.9692244044510816,10.311441796344887,891.846976414521,24.995442928226105,31.262577554566647,18.99079081248997,16.93389173712827,1.0107227791894018,Redundant-SIR,23,redundant_parameterization,SIR
12.780081596964521,9.065949694462786,10,2.3180113099309074,12.31339384709786,1430.4662723543538,32.78008159696452,43.22530597419875,19.837319040945832,17.416104216826337,1.0073277438291983,Duplicate-UDE,23,redundant_parameterization,SIR
12.365326305872376,8.761645923200929,4,3.8508058156277762,18.125730672422755,166.50018214882752,20.365326305872376,24.54341605676607,24.089191014866987,20.06693793712793,0.9735162136889921,TV-SIR,23,redundant_parameterization,SIR
15.962277550698026,2.3236897389567686,2,1.9896720707827682,11.900029675408963,13.635487917951675,19.962277550698026,22.05132242614487,22.01987881390779,19.941621692263563,0.2581877487729743,SIR,24,redundant_parameterization,SIR
15.96227755069802,2.3236897389567677,6,1.9692244044510816,10.311441796344887,891.846976414521,27.96227755069802,34.22941217703856,21.957625434961884,19.900726359600185,0.2581877487729742,Redundant-SIR,24,redundant_parameterization,SIR
15.377145004755507,2.13217014009621,10,2.3180113099309074,12.31339384709786,1430.4662723543538,35.377145004755505,45.82236938198974,22.43438244873682,20.01316762461732,0.23690779334402334,Duplicate-UDE,24,redundant_parameterization,SIR
15.09683274935636,2.1468782643643105,4,3.8508058156277762,18.125730672422755,166.50018214882752,23.09683274935636,27.27492250025005,26.82069745835097,22.79844438061191,0.23854202937381228,TV-SIR,24,redundant_parameterization,SIR
13.515331553746476,11.144802267369789,2,1.9896720707827682,11.900029675408963,13.635487917951675,17.515331553746478,19.604376429193323,19.57293281695624,17.49467569531201,1.2383113630410876,SIR,25,redundant_parameterization,SIR
13.515331553746474,11.14480226736989,6,1.9692244044510816,10.311441796344887,891.846976414521,25.515331553746474,31.782466180087013,19.510679438010335,17.453780362648637,1.238311363041099,Redundant-SIR,25,redundant_parameterization,SIR
10.904002760468323,10.876947513546549,10,2.3180113099309074,12.31339384709786,1430.4662723543538,30.904002760468323,41.349227137702556,17.961240204449634,15.540025380330139,1.2085497237273943,Duplicate-UDE,25,redundant_parameterization,SIR
10.736347012321081,10.857795544493229,4,3.8508058156277762,18.125730672422755,166.50018214882752,18.736347012321083,22.914436763214773,22.460211721315694,18.437958643576636,1.2064217271659143,TV-SIR,25,redundant_parameterization,SIR
14.603981234173803,23.55320319265851,2,1.9896720707827682,11.900029675408963,13.635487917951675,18.6039812341738,20.69302610962065,20.661582497383566,18.58332537573934,2.6170225769620568,SIR,26,redundant_parameterization,SIR
14.603981234173807,23.55320319265841,6,1.9692244044510816,10.311441796344887,891.846976414521,26.60398123417381,32.871115860514344,20.59932911843767,18.54243004307597,2.617022576962045,Redundant-SIR,26,redundant_parameterization,SIR
14.598798369160992,23.558377779113034,10,2.3180113099309074,12.31339384709786,1430.4662723543538,34.59879836916099,45.04402274639522,21.656035813142303,19.234820989022808,2.617597531012559,Duplicate-UDE,26,redundant_parameterization,SIR
14.363985503204452,23.083449769457868,4,3.8508058156277762,18.125730672422755,166.50018214882752,22.363985503204454,26.542075254098144,26.087850212199065,22.065597134460006,2.5648277521619853,TV-SIR,26,redundant_parameterization,SIR
14.197155436720706,4.7941549063785684,2,1.9896720707827682,11.900029675408963,13.635487917951675,18.197155436720706,20.28620031216755,20.25475669993047,18.176499578286244,0.5326838784865076,SIR,27,redundant_parameterization,SIR
14.197155436720703,4.794154906378636,6,1.9692244044510816,10.311441796344887,891.846976414521,26.197155436720703,32.46429006306124,20.192503320984564,18.135604245622865,0.5326838784865151,Redundant-SIR,27,redundant_parameterization,SIR
13.768431645130285,5.084615804529486,10,2.3180113099309074,12.31339384709786,1430.4662723543538,33.768431645130285,44.21365602236452,20.825669089111596,18.4044542649921,0.5649573116143873,Duplicate-UDE,27,redundant_parameterization,SIR
13.020366298362374,5.5928760482879545,4,3.8508058156277762,18.125730672422755,166.50018214882752,21.020366298362376,25.198456049256066,24.744231007356987,20.72197792961793,0.621430672031995,TV-SIR,27,redundant_parameterization,SIR
19.596087823959667,6.884804313745708,2,1.9896720707827682,11.900029675408963,13.635487917951675,23.596087823959667,25.685132699406513,25.653689087169433,23.575431965525205,0.7649782570828564,SIR,28,redundant_parameterization,SIR
19.596087823959678,6.884804313745648,6,1.9692244044510816,10.311441796344887,891.846976414521,31.596087823959678,37.86322245030021,25.591435708223543,23.53453663286184,0.7649782570828498,Redundant-SIR,28,redundant_parameterization,SIR
19.320389381639508,6.849221642212889,10,2.3180113099309074,12.31339384709786,1430.4662723543538,39.32038938163951,49.76561375887374,26.37762682562082,23.956412001501324,0.7610246269125432,Duplicate-UDE,28,redundant_parameterization,SIR
18.925877663541076,6.698469724841454,4,3.8508058156277762,18.125730672422755,166.50018214882752,26.925877663541076,31.10396741443477,30.649742372535687,26.62748929479663,0.7442744138712727,TV-SIR,28,redundant_parameterization,SIR
18.435193487780822,4.09228378524519,2,1.9896720707827682,11.900029675408963,13.635487917951675,22.435193487780822,24.524238363227667,24.492794750990587,22.41453762934636,0.4546981983605767,SIR,29,redundant_parameterization,SIR
18.435193487780808,4.092283785245154,6,1.9692244044510816,10.311441796344887,891.846976414521,30.435193487780808,36.70232811412134,24.430541372044672,22.37364229668297,0.4546981983605727,Redundant-SIR,29,redundant_parameterization,SIR
16.787822944142388,4.482264027891353,10,2.3180113099309074,12.31339384709786,1430.4662723543538,36.78782294414239,47.23304732137662,23.8450603881237,21.423845564004203,0.49802933643237257,Duplicate-UDE,29,redundant_parameterization,SIR
15.428152435010542,4.357229072571956,4,3.8508058156277762,18.125730672422755,166.50018214882752,23.428152435010542,27.606242185904236,27.152017144005153,23.129764066266095,0.4841365636191062,TV-SIR,29,redundant_parameterization,SIR
21.911776426405964,20.92515366563579,2,1.9896720707827682,11.900029675408963,13.635487917951675,25.911776426405964,28.00082130185281,27.96937768961573,25.8911205679715,2.325017073959532,SIR,30,redundant_parameterization,SIR
21.911776426405947,20.925153665635722,6,1.9692244044510816,10.311441796344887,891.846976414521,33.91177642640595,40.178911052746486,27.907124310669808,25.85022523530811,2.3250170739595246,Redundant-SIR,30,redundant_parameterization,SIR
21.28603421047117,22.592947884981633,10,2.3180113099309074,12.31339384709786,1430.4662723543538,41.28603421047117,51.7312585877054,28.34327165445248,25.922056830332984,2.510327542775737,Duplicate-UDE,30,redundant_parameterization,SIR
18.777998122257255,23.366396747157633,4,3.8508058156277762,18.125730672422755,166.50018214882752,26.777998122257255,30.95608787315095,30.501862831251866,26.479609753512808,2.596266305239737,TV-SIR,30,redundant_parameterization,SIR
17.041975932634376,9.251330399082304,2,1.9896720707827682,11.900029675408963,13.635487917951675,21.041975932634376,23.13102080808122,23.09957719584414,21.021320074199913,1.027925599898034,SIR,31,redundant_parameterization,SIR
17.041975932634376,9.25133039908235,6,1.9692244044510816,10.311441796344887,891.846976414521,29.041975932634376,35.309110558974915,23.037323816898237,20.980424741536538,1.027925599898039,Redundant-SIR,31,redundant_parameterization,SIR
14.120495705930331,9.990859623517563,10,2.3180113099309074,12.31339384709786,1430.4662723543538,34.12049570593033,44.565720083164564,21.177733149911642,18.756518325792147,1.1100955137241737,Duplicate-UDE,31,redundant_parameterization,SIR
13.817820017172801,10.01790776859276,4,3.8508058156277762,18.125730672422755,166.50018214882752,21.8178200171728,25.995909768066493,25.54168472616741,21.519431648428352,1.1131008631769734,TV-SIR,31,redundant_parameterization,SIR
23.732068622543412,9.737967906449402,2,1.9896720707827682,11.900029675408963,13.635487917951675,27.732068622543412,29.821113497990257,29.789669885753177,27.71141276410895,1.0819964340499335,SIR,32,redundant_parameterization,SIR
23.732068622543416,9.737967906449446,6,1.9692244044510816,10.311441796344887,891.846976414521,35.732068622543416,41.99920324888396,29.72741650680728,27.670517431445578,1.0819964340499384,Redundant-SIR,32,redundant_parameterization,SIR
21.104415054162477,12.482769457076305,10,2.3180113099309074,12.31339384709786,1430.4662723543538,41.10441505416247,51.549639431396706,28.161652498143788,25.740437674024292,1.3869743841195894,Duplicate-UDE,32,redundant_parameterization,SIR
19.40701283724509,12.733293209468219,4,3.8508058156277762,18.125730672422755,166.50018214882752,27.40701283724509,31.58510258813878,31.130877546239702,27.108624468500643,1.4148103566075798,TV-SIR,32,redundant_parameterization,SIR
19.64683161035574,9.909469844817387,2,1.9896720707827682,11.900029675408963,13.635487917951675,23.64683161035574,25.735876485802585,25.704432873565505,23.626175751921277,1.1010522049797098,SIR,33,redundant_parameterization,SIR
19.646831610355736,9.909469844817382,6,1.9692244044510816,10.311441796344887,891.846976414521,31.646831610355736,37.913966236696275,25.642179494619597,23.5852804192579,1.1010522049797091,Redundant-SIR,33,redundant_parameterization,SIR
19.532649068698436,10.41645770223868,10,2.3180113099309074,12.31339384709786,1430.4662723543538,39.53264906869843,49.977873445932666,26.589886512679747,24.168671688560252,1.1573841891376313,Duplicate-UDE,33,redundant_parameterization,SIR
19.367877356077923,10.590134682973023,4,3.8508058156277762,18.125730672422755,166.50018214882752,27.367877356077923,31.545967106971617,31.091742065072534,27.069488987333475,1.176681631441447,TV-SIR,33,redundant_parameterization,SIR
18.630068505233396,12.51033402779149,2,1.9896720707827682,11.900029675408963,13.635487917951675,22.630068505233396,24.71911338068024,24.68766976844316,22.609412646798933,1.3900371141990544,SIR,34,redundant_parameterization,SIR
18.630068505233407,12.510334027791508,6,1.9692244044510816,10.311441796344887,891.846976414521,30.630068505233407,36.897203131573946,24.625416389497268,22.56851731413557,1.3900371141990564,Redundant-SIR,34,redundant_parameterization,SIR
17.386070610427762,10.193295779274331,10,2.3180113099309074,12.31339384709786,1430.4662723543538,37.386070610427765,47.83129498766199,24.443308054409073,22.022093230289578,1.13258841991937,Duplicate-UDE,34,redundant_parameterization,SIR
17.081639259332576,10.324411662656871,4,3.8508058156277762,18.125730672422755,166.50018214882752,25.081639259332576,29.259729010226266,28.805503968327187,24.78325089058813,1.147156851406319,TV-SIR,34,redundant_parameterization,SIR
20.927024091132456,14.129674980105822,2,1.9896720707827682,11.900029675408963,13.635487917951675,24.927024091132456,27.0160689665793,26.98462535434222,24.906368232697993,1.5699638866784247,SIR,35,redundant_parameterization,SIR
20.92702409113246,14.129674980105886,6,1.9692244044510816,10.311441796344887,891.846976414521,32.92702409113246,39.194158717473,26.922371975396324,24.86547290003462,1.5699638866784318,Redundant-SIR,35,redundant_parameterization,SIR
20.80216218726207,14.373890485660375,10,2.3180113099309074,12.31339384709786,1430.4662723543538,40.80216218726207,51.247386564496296,27.85939963124338,25.438184807123886,1.5970989428511528,Duplicate-UDE,35,redundant_parameterization,SIR
20.67905148729982,14.304610923674852,4,3.8508058156277762,18.125730672422755,166.50018214882752,28.67905148729982,32.85714123819351,32.40291619629443,28.380663118555372,1.5894012137416502,TV-SIR,35,redundant_parameterization,SIR
16.123308020678127,10.630588843495707,2,1.9896720707827682,11.900029675408963,13.635487917951675,20.123308020678127,22.212352896124973,22.180909283887893,20.102652162243665,1.1811765381661896,SIR,36,redundant_parameterization,SIR
16.123308020678124,10.630588843495621,6,1.9692244044510816,10.311441796344887,891.846976414521,28.123308020678124,34.39044264701866,22.11865590494199,20.061756829580286,1.18117653816618,Redundant-SIR,36,redundant_parameterization,SIR
15.897864645103,10.40571478598239,10,2.3180113099309074,12.31339384709786,1430.4662723543538,35.897864645103,46.34308902233723,22.955102089084313,20.533887264964815,1.1561905317758212,Duplicate-UDE,36,redundant_parameterization,SIR
11.864912776908906,11.723110280903228,4,3.8508058156277762,18.125730672422755,166.50018214882752,19.864912776908906,24.0430025278026,23.588777485903517,19.566524408164458,1.3025678089892476,TV-SIR,36,redundant_parameterization,SIR
28.325590190018058,10.53922433061414,2,1.9896720707827682,11.900029675408963,13.635487917951675,32.32559019001806,34.41463506546491,34.38319145322782,32.304934331583596,1.1710249256237932,SIR,37,redundant_parameterization,SIR
28.325590190018037,10.539224330614166,6,1.9692244044510816,10.311441796344887,891.846976414521,40.32559019001803,46.592724816358576,34.3209380742819,32.2640389989202,1.1710249256237963,Redundant-SIR,37,redundant_parameterization,SIR
27.1110673816857,11.948270998308464,10,2.3180113099309074,12.31339384709786,1430.4662723543538,47.1110673816857,57.556291758919926,34.16830482566701,31.747090001547516,1.3275856664787182,Duplicate-UDE,37,redundant_parameterization,SIR
25.294905172507868,11.026402701096906,4,3.8508058156277762,18.125730672422755,166.50018214882752,33.29490517250787,37.47299492340156,37.01876988150248,32.99651680376342,1.225155855677434,TV-SIR,37,redundant_parameterization,SIR
19.529791329992648,4.529756555594292,2,1.9896720707827682,11.900029675408963,13.635487917951675,23.529791329992648,25.618836205439493,25.587392593202413,23.509135471558185,0.5033062839549214,SIR,38,redundant_parameterization,SIR
19.529791329992655,4.5297565555943375,6,1.9692244044510816,10.311441796344887,891.846976414521,31.529791329992655,37.7969259563332,25.52513921425652,23.468240138894817,0.5033062839549264,Redundant-SIR,38,redundant_parameterization,SIR
17.43193878315539,4.388310600628049,10,2.3180113099309074,12.31339384709786,1430.4662723543538,37.43193878315539,47.877163160389614,24.4891762271367,22.067961403017204,0.4875900667364499,Duplicate-UDE,38,redundant_parameterization,SIR
16.381276066281895,4.780726178232389,4,3.8508058156277762,18.125730672422755,166.50018214882752,24.381276066281895,28.55936581717559,28.105140775276507,24.082887697537448,0.5311917975813766,TV-SIR,38,redundant_parameterization,SIR
10.343097565937375,15.806598590132797,2,1.9896720707827682,11.900029675408963,13.635487917951675,14.343097565937375,16.432142441384222,16.40069882914714,14.322441707502911,1.7562887322369773,SIR,39,redundant_parameterization,SIR
10.343097565937367,15.806598590132745,6,1.9692244044510816,10.311441796344887,891.846976414521,22.343097565937367,28.610232192277905,16.338445450201228,14.281546374839529,1.7562887322369718,Redundant-SIR,39,redundant_parameterization,SIR
10.114251899509943,16.582622947156008,10,2.3180113099309074,12.31339384709786,1430.4662723543538,30.114251899509945,40.55947627674417,17.171489343491253,14.750274519371757,1.842513660795112,Duplicate-UDE,39,redundant_parameterization,SIR
9.860192446326229,17.01216276599113,4,3.8508058156277762,18.125730672422755,166.50018214882752,17.86019244632623,22.03828219721992,21.584057155320842,17.561804077581783,1.8902403073323475,TV-SIR,39,redundant_parameterization,SIR
17.22846181511986,4.274504136094283,2,1.9896720707827682,11.900029675408963,13.635487917951675,21.22846181511986,23.317506690566706,23.286063078329626,21.207805956685398,0.47494490401047584,SIR,40,redundant_parameterization,SIR
17.228461815119847,4.274504136094209,6,1.9692244044510816,10.311441796344887,891.846976414521,29.228461815119847,35.495596441460386,23.223809699383708,21.16691062402201,0.4749449040104677,Redundant-SIR,40,redundant_parameterization,SIR
17.208878129191252,4.328480809566862,10,2.3180113099309074,12.31339384709786,1430.4662723543538,37.20887812919125,47.65410250642548,24.266115573172563,21.844900749053068,0.48094231217409583,Duplicate-UDE,40,redundant_parameterization,SIR
17.103161130394927,4.44752636630046,4,3.8508058156277762,18.125730672422755,166.50018214882752,25.103161130394927,29.28125088128862,28.827025839389538,24.80477276165048,0.4941695962556067,TV-SIR,40,redundant_parameterization,SIR
19.789676128091102,5.582785708924782,2,1.9896720707827682,11.900029675408963,13.635487917951675,23.789676128091102,25.878721003537947,25.847277391300867,23.76902026965664,0.6203095232138647,SIR,41,redundant_parameterization,SIR
19.789676128091102,5.582785708924808,6,1.9692244044510816,10.311441796344887,891.846976414521,31.789676128091102,38.05681075443164,25.785024012354967,23.728124936993265,0.6203095232138676,Redundant-SIR,41,redundant_parameterization,SIR
17.620187900000566,7.3819940414870215,10,2.3180113099309074,12.31339384709786,1430.4662723543538,37.620187900000566,48.0654122772348,24.677425343981877,22.256210519862382,0.8202215601652246,Duplicate-UDE,41,redundant_parameterization,SIR
17.57565785295021,7.486325922363165,4,3.8508058156277762,18.125730672422755,166.50018214882752,25.57565785295021,29.753747603843905,29.299522561944823,25.277269484205764,0.8318139913736851,TV-SIR,41,redundant_parameterization,SIR
13.44615739356835,10.164535862322781,2,1.9896720707827682,11.900029675408963,13.635487917951675,17.44615739356835,19.535202269015198,19.503758656778114,17.425501535133886,1.12939287359142,SIR,42,redundant_parameterization,SIR
13.446157393568352,10.164535862322687,6,1.9692244044510816,10.311441796344887,891.846976414521,25.446157393568352,31.71329201990889,19.441505277832213,17.384606202470515,1.1293928735914096,Redundant-SIR,42,redundant_parameterization,SIR
13.211364196779984,10.476369457510527,10,2.3180113099309074,12.31339384709786,1430.4662723543538,33.21136419677998,43.656588574014215,20.268601640761297,17.847386816641798,1.164041050834503,Duplicate-UDE,42,redundant_parameterization,SIR
13.168131959962402,10.573952673592526,4,3.8508058156277762,18.125730672422755,166.50018214882752,21.168131959962402,25.346221710856092,24.891996668957013,20.869743591217954,1.1748836303991697,TV-SIR,42,redundant_parameterization,SIR
19.76146968982002,5.421743806641365,2,1.9896720707827682,11.900029675408963,13.635487917951675,23.76146968982002,25.850514565266867,25.819070953029787,23.74081383138556,0.6024159785157072,SIR,43,redundant_parameterization,SIR
19.761469689820025,5.421743806641381,6,1.9692244044510816,10.311441796344887,891.846976414521,31.761469689820025,38.02860431616057,25.75681757408389,23.699918498722187,0.6024159785157089,Redundant-SIR,43,redundant_parameterization,SIR
19.015402542622958,6.402237252578548,10,2.3180113099309074,12.31339384709786,1430.4662723543538,39.01540254262296,49.46062691985719,26.07263998660427,23.651425162484774,0.7113596947309497,Duplicate-UDE,43,redundant_parameterization,SIR
18.22560799935026,6.269722174455584,4,3.8508058156277762,18.125730672422755,166.50018214882752,26.22560799935026,30.40369775024395,29.94947270834487,25.927219630605812,0.6966357971617315,TV-SIR,43,redundant_parameterization,SIR
14.324454310845097,22.779139903582347,2,1.9896720707827682,11.900029675408963,13.635487917951675,18.3244543108451,20.413499186291943,20.38205557405486,18.303798452410632,2.531015544842483,SIR,44,redundant_parameterization,SIR
14.324454310845091,22.77913990358222,6,1.9692244044510816,10.311441796344887,891.846976414521,26.32445431084509,32.591588937185634,20.319802195108956,18.262903119747254,2.531015544842469,Redundant-SIR,44,redundant_parameterization,SIR
13.707559438984424,23.023687494459217,10,2.3180113099309074,12.31339384709786,1430.4662723543538,33.707559438984426,44.15278381621865,20.764796882965733,18.343582058846238,2.5581874993843576,Duplicate-UDE,44,redundant_parameterization,SIR
13.699468578388526,22.949495695073594,4,3.8508058156277762,18.125730672422755,166.50018214882752,21.699468578388526,25.877558329282216,25.423333287383137,21.40108020964408,2.5499439661192884,TV-SIR,44,redundant_parameterization,SIR
10.173080822608918,6.011615594296035,2,1.9896720707827682,11.900029675408963,13.635487917951675,14.173080822608918,16.262125698055765,16.23068208581868,14.152424964174454,0.667957288255115,SIR,45,redundant_parameterization,SIR
10.173080822608917,6.011615594296059,6,1.9692244044510816,10.311441796344887,891.846976414521,22.173080822608917,28.440215448949456,16.16842870687278,14.111529631511079,0.6679572882551177,Redundant-SIR,45,redundant_parameterization,SIR
9.770336348521381,4.737679870525702,10,2.3180113099309074,12.31339384709786,1430.4662723543538,29.770336348521383,40.21556072575561,16.82757379250269,14.406358968383195,0.5264088745028558,Duplicate-UDE,45,redundant_parameterization,SIR
9.309153105947466,4.730255732787821,4,3.8508058156277762,18.125730672422755,166.50018214882752,17.309153105947466,21.487242856841156,21.033017814942077,17.01076473720302,0.5255839703097579,TV-SIR,45,redundant_parameterization,SIR
15.373950907705156,6.135107547956646,2,1.9896720707827682,11.900029675408963,13.635487917951675,19.373950907705158,21.462995783152003,21.43155217091492,19.35329504927069,0.6816786164396273,SIR,46,redundant_parameterization,SIR
15.373950907705154,6.135107547956701,6,1.9692244044510816,10.311441796344887,891.846976414521,27.373950907705154,33.64108553404569,21.369298791969015,19.312399716607317,0.6816786164396335,Redundant-SIR,46,redundant_parameterization,SIR
9.356509184601844,8.0274497545211,10,2.3180113099309074,12.31339384709786,1430.4662723543538,29.356509184601844,39.80173356183607,16.413746628583155,13.99253180446366,0.8919388616134556,Duplicate-UDE,46,redundant_parameterization,SIR
9.354241350520217,7.97922607716161,4,3.8508058156277762,18.125730672422755,166.50018214882752,17.35424135052022,21.53233110141391,21.07810605951483,17.05585298177577,0.8865806752401789,TV-SIR,46,redundant_parameterization,SIR
17.302648204596956,10.201837734791058,2,1.9896720707827682,11.900029675408963,13.635487917951675,21.302648204596956,23.3916930800438,23.36024946780672,21.281992346162493,1.1335375260878953,SIR,47,redundant_parameterization,SIR
17.30264820459696,10.201837734790987,6,1.9692244044510816,10.311441796344887,891.846976414521,29.30264820459696,35.5697828309375,23.29799608886082,21.24109701349912,1.1335375260878875,Redundant-SIR,47,redundant_parameterization,SIR
16.18625483499496,8.260915214127174,10,2.3180113099309074,12.31339384709786,1430.4662723543538,36.186254834994955,46.63147921222919,23.24349227897627,20.822277454856774,0.9178794682363526,Duplicate-UDE,47,redundant_parameterization,SIR
15.931778950583876,7.975274903601752,4,3.8508058156277762,18.125730672422755,166.50018214882752,23.931778950583876,28.109868701477566,27.655643659578487,23.63339058183943,0.8861416559557502,TV-SIR,47,redundant_parameterization,SIR
16.845490744695958,6.519930129486323,2,1.9896720707827682,11.900029675408963,13.635487917951675,20.845490744695958,22.934535620142803,22.903092007905723,20.824834886261495,0.7244366810540358,SIR,48,redundant_parameterization,SIR
16.84549074469597,6.519930129486339,6,1.9692244044510816,10.311441796344887,891.846976414521,28.84549074469597,35.11262537103651,22.84083862895983,20.78393955359813,0.7244366810540377,Redundant-SIR,48,redundant_parameterization,SIR
16.833080477260463,6.543907552652574,10,2.3180113099309074,12.31339384709786,1430.4662723543538,36.83308047726047,47.27830485449469,23.890317921241774,21.46910309712228,0.7271008391836193,Duplicate-UDE,48,redundant_parameterization,SIR
16.627367170664012,6.916649984949297,4,3.8508058156277762,18.125730672422755,166.50018214882752,24.627367170664012,28.805456921557706,28.351231879658624,24.328978801919565,0.7685166649943663,TV-SIR,48,redundant_parameterization,SIR
30.957449068019812,16.194675369686266,2,1.9896720707827682,11.900029675408963,13.635487917951675,34.95744906801981,37.04649394346666,37.015050331229574,34.936793209585346,1.799408374409585,SIR,49,redundant_parameterization,SIR
30.95744906801982,16.194675369686212,6,1.9692244044510816,10.311441796344887,891.846976414521,42.95744906801982,49.22458369436036,36.952796952283684,34.895897876921985,1.7994083744095792,Redundant-SIR,49,redundant_parameterization,SIR
30.89372442526348,16.097887643324594,10,2.3180113099309074,12.31339384709786,1430.4662723543538,50.89372442526348,61.33894880249771,37.95096186924479,35.52974704512529,1.7886541825916216,Duplicate-UDE,49,redundant_parameterization,SIR
25.176670977503125,16.656060792642286,4,3.8508058156277762,18.125730672422755,166.50018214882752,33.17667097750312,37.35476072839682,36.90053568649773,32.87828260875868,1.8506734214046985,TV-SIR,49,redundant_parameterization,SIR
