study,seed,criterion,truth,selected,correct,selection_gap,support_entropy
biochemical_haldane,0,aic,haldane,haldane,1,15.350024997059194,0.0041101347734743
biochemical_haldane,0,aicc,haldane,haldane,1,34.51486016189436,1.1094231835764435e-06
biochemical_haldane,0,bic,haldane,haldane,1,25.101031596004816,5.080129510649594e-05
biochemical_haldane,0,gic_pred,haldane,haldane,1,1.2488978145472913,0.6503740057984988
biochemical_haldane,0,gic_evid,haldane,haldane,1,9.701601969252607,0.04544067811748078
biochemical_haldane,0,gic_eff_logn,haldane,haldane,1,2.406142900415091,0.5425341842891783
biochemical_haldane,1,aic,haldane,haldane,1,16.20613956481759,0.002758700865921594
biochemical_haldane,1,aicc,haldane,haldane,1,35.37097472965276,4.1809676600146355e-07
biochemical_haldane,1,bic,haldane,haldane,1,25.957146163763213,3.243334466795501e-05
biochemical_haldane,1,gic_pred,haldane,haldane,1,1.1033230663010727,0.6567723244088621
biochemical_haldane,1,gic_evid,haldane,haldane,1,7.930546738794732,0.09257885418838013
biochemical_haldane,1,gic_eff_logn,haldane,haldane,1,1.6501007065155022,0.6149414294018495
biochemical_haldane,2,aic,haldane,haldane,1,16.8116166003731,0.0021342965650310497
biochemical_haldane,2,aicc,haldane,haldane,1,35.97645176520827,4.872336466333083e-07
biochemical_haldane,2,bic,haldane,haldane,1,26.562623199318722,2.5405367000055923e-05
biochemical_haldane,2,gic_pred,haldane,haldane,1,1.9265127287956432,0.5911370813090555
biochemical_haldane,2,gic_evid,haldane,haldane,1,8.812179954071183,0.06524737860867486
biochemical_haldane,2,gic_eff_logn,haldane,haldane,1,2.6059726978823505,0.5197737817409912
biochemical_haldane,3,aic,haldane,haldane,1,16.694494980756673,0.002247624307519547
biochemical_haldane,3,aicc,haldane,haldane,1,35.85933014559183,5.066817406017828e-07
biochemical_haldane,3,bic,haldane,haldane,1,26.445501579702295,2.6783530754548737e-05
biochemical_haldane,3,gic_pred,haldane,haldane,1,1.9382473863605583,0.589908718818063
biochemical_haldane,3,gic_evid,haldane,haldane,1,9.024014694250667,0.0599045081616053
biochemical_haldane,3,gic_eff_logn,haldane,haldane,1,2.696237256016701,0.5097652600848834
biochemical_haldane,4,aic,haldane,haldane,1,14.735264833636734,0.005284574406642439
biochemical_haldane,4,aicc,haldane,haldane,1,33.9000999984719,8.088793135529755e-07
biochemical_haldane,4,bic,haldane,haldane,1,24.486271432582356,6.39556216526023e-05
biochemical_haldane,4,gic_pred,haldane,haldane,1,0.4713745689630855,0.686400869881234
biochemical_haldane,4,gic_evid,haldane,haldane,1,9.349783202805753,0.05248097305932371
biochemical_haldane,4,gic_eff_logn,haldane,haldane,1,1.5294256618169015,0.625137765111689
biochemical_haldane,5,aic,haldane,haldane,1,15.995515475037848,0.0030242268418973197
biochemical_haldane,5,aicc,haldane,haldane,1,35.160350639873016,4.3060261760869817e-07
biochemical_haldane,5,bic,haldane,haldane,1,25.74652207398347,3.5595184747567126e-05
biochemical_haldane,5,gic_pred,haldane,haldane,1,1.3837775757062616,0.636707866566302
biochemical_haldane,5,gic_evid,haldane,haldane,1,8.957466353073329,0.061537289324227466
biochemical_haldane,5,gic_eff_logn,haldane,haldane,1,2.2298371322490027,0.558965136914515
biochemical_haldane,6,aic,haldane,haldane,1,17.867176416080042,0.0015632911186065673
biochemical_haldane,6,aicc,haldane,haldane,1,32.344557236490175,1.8040745727968754e-06
biochemical_haldane,6,bic,haldane,haldane,1,27.618183015025664,2.348554801342534e-05
biochemical_haldane,6,gic_pred,haldane,haldane,1,3.6877769488283434,0.4117089147904004
biochemical_haldane,6,gic_evid,haldane,haldane,1,11.851923446726346,0.01844138456410124
biochemical_haldane,6,gic_eff_logn,haldane,haldane,1,4.797319936882843,0.29342100045567077
biochemical_haldane,7,aic,haldane,haldane,1,16.719164561323055,0.002222137724766838
biochemical_haldane,7,aicc,haldane,haldane,1,35.88399972615821,4.954733107421448e-07
biochemical_haldane,7,bic,haldane,haldane,1,26.470171160268677,2.6449674961874637e-05
biochemical_haldane,7,gic_pred,haldane,haldane,1,1.9657491425875264,0.5871685282639271
biochemical_haldane,7,gic_evid,haldane,haldane,1,9.487037401416586,0.04961999860235675
biochemical_haldane,7,gic_eff_logn,haldane,haldane,1,2.7254650474659172,0.5064912259529905
biochemical_haldane,8,aic,haldane,haldane,1,13.38078444518689,0.00957657495681975
biochemical_haldane,8,aicc,haldane,haldane,1,32.54561961002206,1.6630936712669223e-06
biochemical_haldane,8,bic,haldane,haldane,1,23.131791044132513,0.00012015559993722818
biochemical_haldane,8,gic_pred,haldane,ude_mm,0,1.6490546489503117,0.6156166900588806
biochemical_haldane,8,gic_evid,haldane,haldane,1,5.896178288756289,0.1980052501344969
biochemical_haldane,8,gic_eff_logn,haldane,ude_mm,0,1.0578018117561214,0.6598033827515448
biochemical_haldane,9,aic,haldane,haldane,1,16.17011118824763,0.002804120384346217
biochemical_haldane,9,aicc,haldane,haldane,1,35.3349463530828,4.303348943500204e-07
biochemical_haldane,9,bic,haldane,haldane,1,25.921117787193253,3.300749022087638e-05
biochemical_haldane,9,gic_pred,haldane,haldane,1,1.241245881573036,0.6475517097730964
biochemical_haldane,9,gic_evid,haldane,haldane,1,8.496920254700484,0.0740246677721157
biochemical_haldane,9,gic_eff_logn,haldane,haldane,1,1.8940359730090108,0.5926590015212457
biochemical_haldane,10,aic,haldane,haldane,1,15.128533322444923,0.004480101851362402
biochemical_haldane,10,aicc,haldane,haldane,1,34.29336848728009,8.960528433410345e-07
biochemical_haldane,10,bic,haldane,haldane,1,24.879539921390545,5.4514626577835576e-05
biochemical_haldane,10,gic_pred,haldane,haldane,1,0.38094411013375407,0.6902640407057781
biochemical_haldane,10,gic_evid,haldane,haldane,1,7.9808051325192935,0.09077516200586745
biochemical_haldane,10,gic_eff_logn,haldane,haldane,1,1.1442107260927514,0.6547938750761441
biochemical_haldane,11,aic,haldane,haldane,1,14.829507881707343,0.005069134715729954
biochemical_haldane,11,aicc,haldane,haldane,1,33.99434304654251,7.694055363336937e-07
biochemical_haldane,11,bic,haldane,haldane,1,24.580514480652965,6.12058910627634e-05
biochemical_haldane,11,gic_pred,haldane,ude_mm,0,0.36653704344428206,0.6891228932049644
biochemical_haldane,11,gic_evid,haldane,haldane,1,6.5037526419286,0.15913475791534668
biochemical_haldane,11,gic_eff_logn,haldane,haldane,1,0.12342365906212649,0.6927640742630317
biochemical_haldane,12,aic,haldane,haldane,1,14.59835767476548,0.005617217234475108
biochemical_haldane,12,aicc,haldane,haldane,1,33.76319283960065,8.914589181681836e-07
biochemical_haldane,12,bic,haldane,haldane,1,24.349364273711103,6.82862622474698e-05
biochemical_haldane,12,gic_pred,haldane,ude_mm,0,0.535873440635811,0.6846142787992358
biochemical_haldane,12,gic_evid,haldane,haldane,1,6.776116879578382,0.14390680785503993
biochemical_haldane,12,gic_eff_logn,haldane,ude_mm,0,0.008241058955604785,0.6933572103391711
biochemical_haldane,13,aic,haldane,haldane,1,16.144864414392572,0.0029802573176372824
biochemical_haldane,13,aicc,haldane,haldane,1,33.483441982773655,1.3521770648058398e-06
biochemical_haldane,13,bic,haldane,haldane,1,25.895871013338194,3.824683501158211e-05
biochemical_haldane,13,gic_pred,haldane,haldane,1,1.9440832294204995,0.5953160632684711
biochemical_haldane,13,gic_evid,haldane,haldane,1,10.095062165440993,0.03862885841535791
biochemical_haldane,13,gic_eff_logn,haldane,haldane,1,3.040595388063281,0.4750466586896928
biochemical_haldane,14,aic,haldane,haldane,1,14.503962698008195,0.005846227644738522
biochemical_haldane,14,aicc,haldane,haldane,1,33.66879786284338,8.792299689423769e-07
biochemical_haldane,14,bic,haldane,haldane,1,24.254969296953817,7.10464458458443e-05
biochemical_haldane,14,gic_pred,haldane,ude_mm,0,0.6319975047979938,0.6808721358378822
biochemical_haldane,14,gic_evid,haldane,haldane,1,6.725836837673484,0.14662036470218295
biochemical_haldane,14,gic_eff_logn,haldane,ude_mm,0,0.10541889453625686,0.6928310558038402
biochemical_haldane,15,aic,haldane,haldane,1,14.136443524165912,0.006929090234275102
biochemical_haldane,15,aicc,haldane,haldane,1,33.30127868900108,1.4233890063367965e-06
biochemical_haldane,15,bic,haldane,haldane,1,23.887450123111535,8.619345927818034e-05
biochemical_haldane,15,gic_pred,haldane,ude_mm,0,0.12414970395602154,0.6950841737911506
biochemical_haldane,15,gic_evid,haldane,haldane,1,8.14928477816811,0.08495974368761187
biochemical_haldane,15,gic_eff_logn,haldane,haldane,1,0.9359107279711054,0.6680978649861882
biochemical_haldane,16,aic,haldane,haldane,1,15.640414405293939,0.0035403115780629642
biochemical_haldane,16,aicc,haldane,haldane,1,34.80524957012911,5.093494539057105e-07
biochemical_haldane,16,bic,haldane,haldane,1,25.39142100423956,4.1966840109522535e-05
biochemical_haldane,16,gic_pred,haldane,haldane,1,0.8605396128419329,0.6705303935231413
biochemical_haldane,16,gic_evid,haldane,haldane,1,8.365261309692528,0.07800382646265062
biochemical_haldane,16,gic_eff_logn,haldane,haldane,1,1.6041301722381718,0.6187673703230591
biochemical_haldane,17,aic,haldane,haldane,1,13.505331580301771,0.00905947246780318
biochemical_haldane,17,aicc,haldane,haldane,1,32.67016674513694,1.4921307264503589e-06
biochemical_haldane,17,bic,haldane,haldane,1,23.256338179247393,0.00011305396694056111
biochemical_haldane,17,gic_pred,haldane,ude_mm,0,1.4385677363417244,0.6328969785969418
biochemical_haldane,17,gic_evid,haldane,haldane,1,5.224520434452131,0.24935906593677348
biochemical_haldane,17,gic_eff_logn,haldane,ude_mm,0,0.7949399405567306,0.6740761634460495
biochemical_haldane,18,aic,haldane,haldane,1,14.863151282776585,0.004991209279971952
biochemical_haldane,18,aicc,haldane,haldane,1,34.02798644761174,7.374369441232404e-07
biochemical_haldane,18,bic,haldane,haldane,1,24.614157881722207,6.015397788231066e-05
biochemical_haldane,18,gic_pred,haldane,ude_mm,0,0.4956976333097032,0.6855432552713976
biochemical_haldane,18,gic_evid,haldane,haldane,1,5.556886408539441,0.22282078686820192
biochemical_haldane,18,gic_eff_logn,haldane,ude_mm,0,0.10495585517440986,0.6928127293241558
biochemical_haldane,19,aic,haldane,haldane,1,13.2614120003484,0.010070011308902416
biochemical_haldane,19,aicc,haldane,haldane,1,32.42624716518357,1.6599617154509524e-06
biochemical_haldane,19,bic,haldane,haldane,1,23.012418599294023,0.0001264117144982869
biochemical_haldane,19,gic_pred,haldane,ude_mm,0,1.2142891724073763,0.6496174746145389
biochemical_haldane,19,gic_evid,haldane,haldane,1,6.79066396991503,0.14312980906079414
biochemical_haldane,19,gic_eff_logn,haldane,ude_mm,0,0.28532367720592333,0.6909600123304541
biochemical_haldane,20,aic,haldane,haldane,1,16.0510808462231,0.003155020334474484
biochemical_haldane,20,aicc,haldane,haldane,1,32.811407168409204,1.724954612012333e-06
biochemical_haldane,20,bic,haldane,haldane,1,25.802087445168723,4.1586833472551634e-05
biochemical_haldane,20,gic_pred,haldane,haldane,1,1.5280470207383132,0.6339462160006801
biochemical_haldane,20,gic_evid,haldane,haldane,1,9.01924488742371,0.060020175447074886
biochemical_haldane,20,gic_eff_logn,haldane,haldane,1,2.4281662028706137,0.5429277416218924
biochemical_haldane,21,aic,haldane,haldane,1,17.151821795907665,0.0018388207552313416
biochemical_haldane,21,aicc,haldane,haldane,1,36.31665696074283,4.5142763437544927e-07
biochemical_haldane,21,bic,haldane,haldane,1,26.902828394853287,2.1880183715850845e-05
biochemical_haldane,21,gic_pred,haldane,haldane,1,2.3187615970338413,0.5515790529663392
biochemical_haldane,21,gic_evid,haldane,haldane,1,9.18398810839659,0.05614390163403553
biochemical_haldane,21,gic_eff_logn,haldane,haldane,1,3.029938953368429,0.47275920078680844
biochemical_haldane,22,aic,haldane,haldane,1,16.25210969958451,0.0026985269502060993
biochemical_haldane,22,aicc,haldane,haldane,1,35.416944864419676,3.8368980142783865e-07
biochemical_haldane,22,bic,haldane,haldane,1,26.00311629853013,3.161143187285419e-05
biochemical_haldane,22,gic_pred,haldane,haldane,1,1.1002980870756573,0.65672221358443
biochemical_haldane,22,gic_evid,haldane,haldane,1,7.963181567478898,0.09140397254107255
biochemical_haldane,22,gic_eff_logn,haldane,haldane,1,1.6172162472990976,0.6176554467892968
biochemical_haldane,23,aic,haldane,haldane,1,15.338617720483711,0.004054247982580572
biochemical_haldane,23,aicc,haldane,haldane,1,34.50345288531888,6.347853958897834e-07
biochemical_haldane,23,bic,haldane,haldane,1,25.089624319429333,4.851942339942606e-05
biochemical_haldane,23,gic_pred,haldane,haldane,1,0.27226623738897615,0.6912105035329912
biochemical_haldane,23,gic_evid,haldane,haldane,1,6.852212513666672,0.13988217951669302
biochemical_haldane,23,gic_eff_logn,haldane,haldane,1,0.8412670404789537,0.6717332949798491
biochemical_haldane,24,aic,haldane,haldane,1,16.493671643110417,0.002422870502357762
biochemical_haldane,24,aicc,haldane,haldane,1,35.658506807945585,3.4016272570374243e-07
biochemical_haldane,24,bic,haldane,haldane,1,26.24467824205604,2.8245308871979613e-05
biochemical_haldane,24,gic_pred,haldane,haldane,1,1.5562573532475312,0.6228278932310636
biochemical_haldane,24,gic_evid,haldane,haldane,1,8.635912143593316,0.07002805095693299
biochemical_haldane,24,gic_eff_logn,haldane,haldane,1,2.20383737021578,0.5616536000324782
biochemical_haldane,25,aic,haldane,haldane,1,16.28387200686774,0.0026709570852470415
biochemical_haldane,25,aicc,haldane,haldane,1,35.44870717170291,4.3959214282848724e-07
biochemical_haldane,25,bic,haldane,haldane,1,26.03487860581336,3.14798022578928e-05
biochemical_haldane,25,gic_pred,haldane,haldane,1,1.7867451709825843,0.6031886547729776
biochemical_haldane,25,gic_evid,haldane,haldane,1,9.92019832030445,0.04152693274976124
biochemical_haldane,25,gic_eff_logn,haldane,haldane,1,2.702653054773947,0.5085443976453236
biochemical_haldane,26,aic,haldane,haldane,1,16.04869355681845,0.003944749232322598
biochemical_haldane,26,aicc,haldane,haldane,1,29.342181151510687,7.08068807495828e-06
biochemical_haldane,26,bic,haldane,haldane,1,25.798293243577035,6.947780662303573e-05
biochemical_haldane,26,gic_pred,haldane,haldane,1,1.567664946724335,0.657424099285061
biochemical_haldane,26,gic_evid,haldane,haldane,1,9.199328946037213,0.055795149582145244
biochemical_haldane,26,gic_eff_logn,haldane,haldane,1,2.4933836996357,0.5508541744057857
biochemical_haldane,27,aic,haldane,haldane,1,12.768105399944005,0.012537768471712202
biochemical_haldane,27,aicc,haldane,haldane,1,31.932940564779173,2.5446371225875113e-06
biochemical_haldane,27,bic,haldane,haldane,1,22.519111998889628,0.00016097415289989452
biochemical_haldane,27,gic_pred,haldane,ude_mm,0,1.5153387653157893,0.6278657724347434
biochemical_haldane,27,gic_evid,haldane,haldane,1,7.426923860033185,0.11252544072532043
biochemical_haldane,27,gic_eff_logn,haldane,ude_mm,0,0.4692045608151716,0.6872181497734104
biochemical_haldane,28,aic,haldane,haldane,1,5.471459752745176,0.2456855982746376
biochemical_haldane,28,aicc,haldane,haldane,1,16.328602609888037,0.0026106908522846614
biochemical_haldane,28,bic,haldane,haldane,1,12.784714701954385,0.012587640002958225
biochemical_haldane,28,gic_pred,haldane,neural_rate,0,0.8706965190049232,0.9576330614773593
biochemical_haldane,28,gic_evid,haldane,haldane,1,6.811367208899782,0.1420302195626501
biochemical_haldane,28,gic_eff_logn,haldane,ude_mm,0,0.10554002340822422,1.0801609871692108
biochemical_haldane,29,aic,haldane,haldane,1,15.842967807228007,0.0032361721662957604
biochemical_haldane,29,aicc,haldane,haldane,1,35.007802972063175,4.628235719442726e-07
biochemical_haldane,29,bic,haldane,haldane,1,25.59397440617363,3.820517340298002e-05
biochemical_haldane,29,gic_pred,haldane,haldane,1,1.2406479991233255,0.6472655472428794
biochemical_haldane,29,gic_evid,haldane,haldane,1,8.65261226013078,0.06956154345204066
biochemical_haldane,29,gic_eff_logn,haldane,haldane,1,2.092447297522483,0.5730055778735356
biochemical_ude,0,aic,ude_mm,mm,0,4.89941364410555,0.5398762125826178
biochemical_ude,0,aicc,ude_mm,mm,0,5.732689745213634,0.21001548867228323
biochemical_ude,0,bic,ude_mm,mm,0,6.354162972679205,0.172170420776756
biochemical_ude,0,gic_pred,ude_mm,ude_mm,1,10.08130867053822,0.08207449035336807
biochemical_ude,0,gic_evid,ude_mm,ude_mm,1,4.985042107503887,0.27387148773408493
biochemical_ude,0,gic_eff_logn,ude_mm,ude_mm,1,8.606881613125154,0.11404051982938168
biochemical_ude,1,aic,ude_mm,mm,0,2.886451495208121,0.48915279585486166
biochemical_ude,1,aicc,ude_mm,mm,0,3.483854092610727,0.4210919968768349
biochemical_ude,1,bic,ude_mm,mm,0,4.105327320076299,0.3543696733813349
biochemical_ude,1,gic_pred,ude_mm,mm,0,0.19358400139665832,1.0834556171478147
biochemical_ude,1,gic_evid,ude_mm,mm,0,0.31560662662408845,0.7643942445026657
biochemical_ude,1,gic_eff_logn,ude_mm,mm,0,0.32800243117600303,1.0619056759610825
biochemical_ude,2,aic,ude_mm,mm,0,4.071069419810158,0.36179109277617416
biochemical_ude,2,aicc,ude_mm,mm,0,4.668472017212764,0.2986580588990483
biochemical_ude,2,bic,ude_mm,mm,0,5.289945244678336,0.24400908986835657
biochemical_ude,2,gic_pred,ude_mm,ude_mm,1,0.6535498858447113,1.0001412473032472
biochemical_ude,2,gic_evid,ude_mm,mm,0,0.4864523789465238,0.7268678132410464
biochemical_ude,2,gic_eff_logn,ude_mm,mm,0,0.0657094259963742,1.0014100891961044
biochemical_ude,3,aic,ude_mm,mm,0,3.341483838438336,0.4384465727973436
biochemical_ude,3,aicc,ude_mm,mm,0,3.938886435840942,0.3717778200420384
biochemical_ude,3,bic,ude_mm,mm,0,4.560359663306514,0.3089346254883312
biochemical_ude,3,gic_pred,ude_mm,mm,0,0.27722242464611213,1.0601158522816845
biochemical_ude,3,gic_evid,ude_mm,mm,0,0.6566068990802023,0.7433122440806066
biochemical_ude,3,gic_eff_logn,ude_mm,mm,0,0.6435997535520812,1.0382314191483124
biochemical_ude,4,aic,ude_mm,mm,0,4.154699041246829,0.4112718730240985
biochemical_ude,4,aicc,ude_mm,mm,0,4.752101638649435,0.29087778274816145
biochemical_ude,4,bic,ude_mm,mm,0,5.373574866115007,0.23778663244352044
biochemical_ude,4,gic_pred,ude_mm,ude_mm,1,6.485943782153612,0.23300337184227757
biochemical_ude,4,gic_evid,ude_mm,mm,0,0.10293262878866472,0.7277100865815537
biochemical_ude,4,gic_eff_logn,ude_mm,ude_mm,1,4.729541315751504,0.4067466354907071
biochemical_ude,5,aic,ude_mm,mm,0,3.1111377650290706,0.6495052726458639
biochemical_ude,5,aicc,ude_mm,mm,0,6.065446509062724,0.18666628463370552
biochemical_ude,5,bic,ude_mm,mm,0,6.686919736528296,0.1557143563229796
biochemical_ude,5,gic_pred,ude_mm,ude_mm,1,11.9181522616839,0.026936096420602424
biochemical_ude,5,gic_evid,ude_mm,ude_mm,1,4.598690631880899,0.30952841537285136
biochemical_ude,5,gic_eff_logn,ude_mm,ude_mm,1,10.107688977116709,0.04978220833417818
biochemical_ude,6,aic,ude_mm,mm,0,4.50809968261882,0.32646909227220816
biochemical_ude,6,aicc,ude_mm,mm,0,5.105502280021426,0.2594118526242443
biochemical_ude,6,bic,ude_mm,mm,0,5.726975507486998,0.21021889294735427
biochemical_ude,6,gic_pred,ude_mm,ude_mm,1,3.041569465887875,0.6597251134184416
biochemical_ude,6,gic_evid,ude_mm,ude_mm,1,0.06555648378301271,0.7227710647068957
biochemical_ude,6,gic_eff_logn,ude_mm,ude_mm,1,1.7597480890657096,0.818250945289124
biochemical_ude,7,aic,ude_mm,mm,0,4.506997597112161,0.33572684942082565
biochemical_ude,7,aicc,ude_mm,mm,0,5.104400194514767,0.25951594597647354
biochemical_ude,7,bic,ude_mm,mm,0,5.725873421980339,0.21039871274677435
biochemical_ude,7,gic_pred,ude_mm,ude_mm,1,3.961443673263176,0.53496038136226
biochemical_ude,7,gic_evid,ude_mm,mm,0,0.434845077510829,0.7208704308258906
biochemical_ude,7,gic_eff_logn,ude_mm,ude_mm,1,2.4591681547827875,0.7299154107305339
biochemical_ude,8,aic,ude_mm,mm,0,0.8262425650577256,0.673817989320144
biochemical_ude,8,aicc,ude_mm,mm,0,1.423645162460332,0.63361280091539
biochemical_ude,8,bic,ude_mm,mm,0,2.0451183899259036,0.577767215613614
biochemical_ude,8,gic_pred,ude_mm,haldane,0,0.7290053667362884,1.1131835953070395
biochemical_ude,8,gic_evid,ude_mm,mm,0,0.028572460949447986,0.8467189607674777
biochemical_ude,8,gic_eff_logn,ude_mm,haldane,0,0.45860554035817813,1.1041594663487677
biochemical_ude,9,aic,ude_mm,mm,0,4.285506603184899,0.3481840708954718
biochemical_ude,9,aicc,ude_mm,mm,0,4.882909200587505,0.2789685829527511
biochemical_ude,9,bic,ude_mm,mm,0,5.504382428053077,0.2270581748269503
biochemical_ude,9,gic_pred,ude_mm,ude_mm,1,1.8112741254928437,0.9572412774774111
biochemical_ude,9,gic_evid,ude_mm,mm,0,0.7485989720020996,0.7156328824110179
biochemical_ude,9,gic_eff_logn,ude_mm,ude_mm,1,0.6220275163604185,1.0105003219273925
biochemical_ude,10,aic,ude_mm,mm,0,2.805461748367918,0.7837041708557186
biochemical_ude,10,aicc,ude_mm,mm,0,6.047739435263395,0.1890131921262186
biochemical_ude,10,bic,ude_mm,mm,0,6.669212662728967,0.16189937146990396
biochemical_ude,10,gic_pred,ude_mm,ude_mm,1,8.917098064378223,0.08013195491681728
biochemical_ude,10,gic_evid,ude_mm,ude_mm,1,6.500673517048227,0.16111340484859513
biochemical_ude,10,gic_eff_logn,ude_mm,ude_mm,1,9.697765197410604,0.08220818772412025
biochemical_ude,11,aic,ude_mm,neural_rate,0,2.5329950211401524,0.6463609917447493
biochemical_ude,11,aicc,ude_mm,mm,0,5.7944217039167825,0.26279805043983845
biochemical_ude,11,bic,ude_mm,mm,0,5.999135752937235,0.34392391524798493
biochemical_ude,11,gic_pred,ude_mm,neural_rate,0,3.5287417847501956,0.4298920371979297
biochemical_ude,11,gic_evid,ude_mm,ude_mm,1,4.321489846818793,0.33742919938476884
biochemical_ude,11,gic_eff_logn,ude_mm,neural_rate,0,2.7006533593691984,0.5435583927086662
biochemical_ude,12,aic,ude_mm,mm,0,4.099185619125279,0.3687448322477087
biochemical_ude,12,aicc,ude_mm,mm,0,4.696588216527886,0.29608470838795903
biochemical_ude,12,bic,ude_mm,mm,0,5.318061443993457,0.24195606410883616
biochemical_ude,12,gic_pred,ude_mm,ude_mm,1,0.43511282426146636,1.1938857030430507
biochemical_ude,12,gic_evid,ude_mm,mm,0,0.7968956529243769,0.7192979683042842
biochemical_ude,12,gic_eff_logn,ude_mm,mm,0,0.3644373927810136,1.107045168580836
biochemical_ude,13,aic,ude_mm,mm,0,2.5551757237615504,0.5255857778804325
biochemical_ude,13,aicc,ude_mm,mm,0,3.1525783211641567,0.4579774415854528
biochemical_ude,13,bic,ude_mm,mm,0,3.7740515486297284,0.3894003561845754
biochemical_ude,13,gic_pred,ude_mm,mm,0,0.37778280755128435,1.097934233270826
biochemical_ude,13,gic_evid,ude_mm,mm,0,0.5920893138922452,0.7634141176838101
biochemical_ude,13,gic_eff_logn,ude_mm,mm,0,0.6413277198920753,1.0806318345339645
biochemical_ude,14,aic,ude_mm,mm,0,5.302761881534053,0.3075340286915168
biochemical_ude,14,aicc,ude_mm,mm,0,5.900164478936659,0.19785621942042775
biochemical_ude,14,bic,ude_mm,mm,0,6.521637706402231,0.15895620819999026
biochemical_ude,14,gic_pred,ude_mm,ude_mm,1,6.184787347787676,0.3130503167238443
biochemical_ude,14,gic_evid,ude_mm,ude_mm,1,2.143814140612335,0.5792319493005172
biochemical_ude,14,gic_eff_logn,ude_mm,ude_mm,1,4.756353668115736,0.41311439686687884
biochemical_ude,15,aic,ude_mm,mm,0,4.397542489188737,0.567293681946623
biochemical_ude,15,aicc,ude_mm,mm,0,5.613571687261754,0.2186938006538965
biochemical_ude,15,bic,ude_mm,mm,0,6.2350449147273395,0.17965705227805118
biochemical_ude,15,gic_pred,ude_mm,ude_mm,1,10.719522475604464,0.05054297331270911
biochemical_ude,15,gic_evid,ude_mm,ude_mm,1,4.777759878711919,0.2932471449610455
biochemical_ude,15,gic_eff_logn,ude_mm,ude_mm,1,8.962552566064915,0.08563404487588835
biochemical_ude,16,aic,ude_mm,mm,0,4.918726483109651,0.3513050031222389
biochemical_ude,16,aicc,ude_mm,mm,0,5.516129080512258,0.2261605084131068
biochemical_ude,16,bic,ude_mm,mm,0,6.137602307977829,0.18288180313799263
biochemical_ude,16,gic_pred,ude_mm,ude_mm,1,6.078768596794248,0.3795901698886594
biochemical_ude,16,gic_evid,ude_mm,ude_mm,1,1.6436398624165065,0.6312626683767191
biochemical_ude,16,gic_eff_logn,ude_mm,ude_mm,1,4.543173103276814,0.48600373686936965
biochemical_ude,17,aic,ude_mm,mm,0,4.115447819160551,0.3645431373174159
biochemical_ude,17,aicc,ude_mm,mm,0,4.712850416563157,0.29452528859020416
biochemical_ude,17,bic,ude_mm,mm,0,5.3343236440287285,0.24050306855125012
biochemical_ude,17,gic_pred,ude_mm,ude_mm,1,2.073648912485595,0.8850052121238461
biochemical_ude,17,gic_evid,ude_mm,mm,0,0.4389121449745659,0.7256800748511227
biochemical_ude,17,gic_eff_logn,ude_mm,ude_mm,1,0.8458101097337476,0.9744387510112409
biochemical_ude,18,aic,ude_mm,mm,0,3.9692899742096586,0.37540615402001576
biochemical_ude,18,aicc,ude_mm,mm,0,4.566692571612265,0.30833510982683
biochemical_ude,18,bic,ude_mm,mm,0,5.1881657990778365,0.2525107992561144
biochemical_ude,18,gic_pred,ude_mm,ude_mm,1,0.5843160112463011,1.0820258597877275
biochemical_ude,18,gic_evid,ude_mm,mm,0,0.7576544361780861,0.7211046936429142
biochemical_ude,18,gic_eff_logn,ude_mm,mm,0,0.2978590407185493,1.0502258090337635
biochemical_ude,19,aic,ude_mm,mm,0,4.063890392393432,0.37379543991664393
biochemical_ude,19,aicc,ude_mm,mm,0,4.6612929897960385,0.2993874161431464
biochemical_ude,19,bic,ude_mm,mm,0,5.28276621726161,0.24482768623701764
biochemical_ude,19,gic_pred,ude_mm,ude_mm,1,1.6093562045698775,1.0525958053342206
biochemical_ude,19,gic_evid,ude_mm,mm,0,0.4056206966812965,0.7263376995809097
biochemical_ude,19,gic_eff_logn,ude_mm,ude_mm,1,0.4836792915945409,1.0691989915437976
biochemical_ude,20,aic,ude_mm,mm,0,4.350870502687457,0.3357077080287208
biochemical_ude,20,aicc,ude_mm,mm,0,4.948273100090063,0.2731044336268925
biochemical_ude,20,bic,ude_mm,mm,0,5.5697463275556345,0.22191005752230739
biochemical_ude,20,gic_pred,ude_mm,ude_mm,1,1.7736171784468695,0.8623305952324413
biochemical_ude,20,gic_evid,ude_mm,mm,0,0.12798849579652938,0.7261166562710395
biochemical_ude,20,gic_eff_logn,ude_mm,ude_mm,1,0.8946740922620506,0.9263219754785235
biochemical_ude,21,aic,ude_mm,mm,0,2.729432702594977,0.5069543935128467
biochemical_ude,21,aicc,ude_mm,mm,0,3.326835299997583,0.43851779330934404
biochemical_ude,21,bic,ude_mm,mm,0,3.948308527463155,0.370803440726242
biochemical_ude,21,gic_pred,ude_mm,mm,0,0.3276414419756293,1.1065645794132202
biochemical_ude,21,gic_evid,ude_mm,mm,0,0.5881602061807882,0.7583898944108113
biochemical_ude,21,gic_eff_logn,ude_mm,mm,0,0.5978748445829467,1.0797667423427262
biochemical_ude,22,aic,ude_mm,mm,0,3.400677886100965,0.43229900990429165
biochemical_ude,22,aicc,ude_mm,mm,0,3.9980804835035713,0.36553980600991653
biochemical_ude,22,bic,ude_mm,mm,0,4.619553710969143,0.30329512759211347
biochemical_ude,22,gic_pred,ude_mm,mm,0,0.26744744544760124,1.073149049250131
biochemical_ude,22,gic_evid,ude_mm,mm,0,0.6472939922677483,0.7400668968519173
biochemical_ude,22,gic_eff_logn,ude_mm,mm,0,0.6568707014760093,1.0439544486406693
biochemical_ude,23,aic,ude_mm,mm,0,3.019976539792964,0.4749842393961215
biochemical_ude,23,aicc,ude_mm,mm,0,3.61737913719557,0.4064124482617115
biochemical_ude,23,bic,ude_mm,mm,0,4.238852364661142,0.3407001115951429
biochemical_ude,23,gic_pred,ude_mm,mm,0,0.35730154439397666,1.103669061762858
biochemical_ude,23,gic_evid,ude_mm,mm,0,0.7364435040776982,0.7421017227805234
biochemical_ude,23,gic_eff_logn,ude_mm,mm,0,0.8073530202666461,1.0701961174789014
biochemical_ude,24,aic,ude_mm,mm,0,3.0139128066308274,0.4757349385197257
biochemical_ude,24,aicc,ude_mm,mm,0,3.6113154040334337,0.40707693142858203
biochemical_ude,24,bic,ude_mm,mm,0,4.232788631499005,0.3413186513453596
biochemical_ude,24,gic_pred,ude_mm,mm,0,0.37313920212835683,1.1093007648257152
biochemical_ude,24,gic_evid,ude_mm,mm,0,0.7061952797563436,0.7511987176465255
biochemical_ude,24,gic_eff_logn,ude_mm,mm,0,0.7190725439959067,1.0697069484267216
biochemical_ude,25,aic,ude_mm,mm,0,2.510412494024763,0.5304695367947527
biochemical_ude,25,aicc,ude_mm,mm,0,3.1078150914273692,0.4629873723493315
biochemical_ude,25,bic,ude_mm,mm,0,3.729288318892941,0.39423829174099057
biochemical_ude,25,gic_pred,ude_mm,mm,0,0.4539403148287988,1.1017557354916572
biochemical_ude,25,gic_evid,ude_mm,mm,0,0.6733011036428138,0.7628074071321845
biochemical_ude,25,gic_eff_logn,ude_mm,mm,0,0.7428146381680563,1.0819662780212103
biochemical_ude,26,aic,ude_mm,mm,0,3.673626259026946,0.407697407811502
biochemical_ude,26,aicc,ude_mm,mm,0,4.271028856429552,0.3374306550152754
biochemical_ude,26,bic,ude_mm,mm,0,4.892502083895124,0.2781670657110407
biochemical_ude,26,gic_pred,ude_mm,ude_mm,1,1.1981548402895044,1.0135268049627153
biochemical_ude,26,gic_evid,ude_mm,mm,0,1.9617625175261821,0.6497208066752913
biochemical_ude,26,gic_eff_logn,ude_mm,mm,0,0.10209392028625075,1.0512151921769068
biochemical_ude,27,aic,ude_mm,mm,0,4.462507879727411,0.3557137946601915
biochemical_ude,27,aicc,ude_mm,mm,0,5.059910477130018,0.2633698297061939
biochemical_ude,27,bic,ude_mm,mm,0,5.681383704595589,0.2138763843255578
biochemical_ude,27,gic_pred,ude_mm,ude_mm,1,5.203242455684887,0.39143188403506746
biochemical_ude,27,gic_evid,ude_mm,ude_mm,1,1.741971150628757,0.624247455347642
biochemical_ude,27,gic_eff_logn,ude_mm,ude_mm,1,3.7403428870580626,0.5547954141680025
biochemical_ude,28,aic,ude_mm,mm,0,4.5252387502070235,0.7673146360529609
biochemical_ude,28,aicc,ude_mm,mm,0,5.7694959925249805,0.20990418872316047
biochemical_ude,28,bic,ude_mm,mm,0,6.390969219990566,0.17974922657524378
biochemical_ude,28,gic_pred,ude_mm,ude_mm,1,5.632442274178544,0.2502101918021233
biochemical_ude,28,gic_evid,ude_mm,ude_mm,1,5.850927342277515,0.20385703342635167
biochemical_ude,28,gic_eff_logn,ude_mm,ude_mm,1,6.635632722466966,0.2182101718636842
biochemical_ude,29,aic,ude_mm,mm,0,5.004694878404166,0.3911442531399181
biochemical_ude,29,aicc,ude_mm,mm,0,5.602097475806772,0.21990519748252524
biochemical_ude,29,bic,ude_mm,mm,0,6.223570703272344,0.1786209337207715
biochemical_ude,29,gic_pred,ude_mm,ude_mm,1,5.571485682920667,0.36988448982237526
biochemical_ude,29,gic_evid,ude_mm,ude_mm,1,3.3835483441940255,0.44023726979922817
biochemical_ude,29,gic_eff_logn,ude_mm,ude_mm,1,5.922834344063318,0.36744450713444626
ecology_rm,0,aic,rm,rm,1,11.646062109075388,0.020373043978612275
ecology_rm,0,aicc,rm,rm,1,19.05495959456863,0.0007813426036180933
ecology_rm,0,bic,rm,rm,1,28.663137189436128,9.382133348254496e-06
ecology_rm,0,gic_pred,rm,neural_ode,0,0.9549903970926721,0.7165031005476319
ecology_rm,0,gic_evid,rm,rm,1,11.356363383978959,0.022883136241608173
ecology_rm,0,gic_eff_logn,rm,rm,1,2.6600186464536932,0.6208531384010845
ecology_rm,1,aic,rm,rm,1,18.203541147011947,0.002010599614206651
ecology_rm,1,aicc,rm,rm,1,24.7936202415747,9.323113198183397e-05
ecology_rm,1,bic,rm,rm,1,33.62750033082972,1.3069554814006198e-06
ecology_rm,1,gic_pred,rm,rm,1,4.099900372116508,0.5178629190468362
ecology_rm,1,gic_evid,rm,rm,1,16.04119725173709,0.005473579429829235
ecology_rm,1,gic_eff_logn,rm,rm,1,3.4217068995587283,0.4614843225738855
ecology_rm,2,aic,rm,rm,1,14.462016093231227,0.007358377679134729
ecology_rm,2,aicc,rm,rm,1,21.87091357872447,0.0003016605175616811
ecology_rm,2,bic,rm,rm,1,31.479091173591968,3.887495699700783e-06
ecology_rm,2,gic_pred,rm,rm,1,2.737881060959012,0.827714272176773
ecology_rm,2,gic_evid,rm,rm,1,15.948778663209595,0.0033521349132802406
ecology_rm,2,gic_eff_logn,rm,rm,1,2.8970145790220556,0.5774374280798715
ecology_rm,3,aic,rm,rm,1,15.877030107139376,0.0031888310672737222
ecology_rm,3,aicc,rm,rm,1,23.285927592632618,0.00011108120107900363
ecology_rm,3,bic,rm,rm,1,32.89410518750012,1.2566327792468777e-06
ecology_rm,3,gic_pred,rm,rm,1,2.5663754294831165,0.5238777095254075
ecology_rm,3,gic_evid,rm,rm,1,14.127327243646619,0.006894307023086749
ecology_rm,3,gic_eff_logn,rm,rm,1,5.426674883691817,0.2341892914837635
ecology_rm,4,aic,rm,rm,1,17.779957210658324,0.0014149886126164368
ecology_rm,4,aicc,rm,rm,1,25.188854696151566,4.922283520651413e-05
ecology_rm,4,bic,rm,rm,1,34.797032291019065,5.591848946512698e-07
ecology_rm,4,gic_pred,rm,rm,1,5.58043369436615,0.2524323113886919
ecology_rm,4,gic_evid,rm,rm,1,18.64025853399309,0.0009683102083931206
ecology_rm,4,gic_eff_logn,rm,rm,1,9.62249579839127,0.08921294899092791
ecology_rm,5,aic,rm,rm,1,15.71940160885731,0.0035528030497244557
ecology_rm,5,aicc,rm,rm,1,23.128299094350552,0.00012745624262655537
ecology_rm,5,bic,rm,rm,1,32.73647668921805,1.4779927840823629e-06
ecology_rm,5,gic_pred,rm,rm,1,2.6966757173156566,0.563593010105397
ecology_rm,5,gic_evid,rm,rm,1,13.530630070484392,0.009013162534507761
ecology_rm,5,gic_eff_logn,rm,rm,1,5.863206782218697,0.27729409886775735
ecology_rm,6,aic,rm,rm,1,14.567524806314168,0.00570103215933863
ecology_rm,6,aicc,rm,rm,1,21.97642229180741,0.0002035937660456695
ecology_rm,6,bic,rm,rm,1,31.58459988667491,2.3410284272016138e-06
ecology_rm,6,gic_pred,rm,rm,1,0.7775904085524985,0.6810140263476725
ecology_rm,6,gic_evid,rm,rm,1,10.831237107392923,0.02841244194766378
ecology_rm,6,gic_eff_logn,rm,rm,1,3.1281436764158457,0.4705898950158299
ecology_rm,7,aic,rm,rm,1,15.591871544987384,0.003668184015726172
ecology_rm,7,aicc,rm,rm,1,23.000769030480626,0.00012959989177890212
ecology_rm,7,bic,rm,rm,1,32.608946625348125,1.4824037615273625e-06
ecology_rm,7,gic_pred,rm,rm,1,2.186917475087853,0.5875161775306351
ecology_rm,7,gic_evid,rm,rm,1,12.949837319526694,0.011521620581180303
ecology_rm,7,gic_eff_logn,rm,rm,1,4.946923189431857,0.3114347683889007
ecology_rm,8,aic,rm,rm,1,15.894241923442564,0.0031971507927173333
ecology_rm,8,aicc,rm,rm,1,23.303139408935806,0.00011212877874228575
ecology_rm,8,bic,rm,rm,1,32.911317003803305,1.2757987646496712e-06
ecology_rm,8,gic_pred,rm,rm,1,3.037522384094302,0.48875367845284107
ecology_rm,8,gic_evid,rm,rm,1,14.771159878674467,0.0052074822894072875
ecology_rm,8,gic_eff_logn,rm,rm,1,6.380612358940596,0.1932213690304352
ecology_rm,9,aic,rm,rm,1,11.835847317355615,0.01858811849400348
ecology_rm,9,aicc,rm,rm,1,19.244744802848857,0.0007046442162938143
ecology_rm,9,bic,rm,rm,1,28.852922397716355,8.391630692599224e-06
ecology_rm,9,gic_pred,rm,rm,1,0.8976525108233773,0.6759471611207902
ecology_rm,9,gic_evid,rm,rm,1,19.46159979902197,0.0006422697047840927
ecology_rm,9,gic_eff_logn,rm,rm,1,6.281222449535903,0.18535093422072754
ecology_rm,10,aic,rm,rm,1,14.917122470467177,0.005442381926075172
ecology_rm,10,aicc,rm,rm,1,22.32601995596042,0.00020783582971169878
ecology_rm,10,bic,rm,rm,1,31.934197550827918,2.5341768897020105e-06
ecology_rm,10,gic_pred,rm,rm,1,2.287659332678686,0.7334632753336428
ecology_rm,10,gic_evid,rm,rm,1,14.924864252687428,0.005285114783671668
ecology_rm,10,gic_eff_logn,rm,rm,1,4.59231396406588,0.4783439360742513
ecology_rm,11,aic,rm,rm,1,15.789612662781508,0.0033142203815934774
ecology_rm,11,aicc,rm,rm,1,23.19851014827475,0.00011560038178950906
ecology_rm,11,bic,rm,rm,1,32.80668774314225,1.3088603861950236e-06
ecology_rm,11,gic_pred,rm,rm,1,0.8534305355000242,0.6711701979527879
ecology_rm,11,gic_evid,rm,rm,1,11.151645633531928,0.024824820584866434
ecology_rm,11,gic_eff_logn,rm,rm,1,1.9848723237425077,0.5841244488773106
ecology_rm,12,aic,rm,rm,1,15.92534940865994,0.003490767563640327
ecology_rm,12,aicc,rm,rm,1,23.334246894153182,0.00013133332014382806
ecology_rm,12,bic,rm,rm,1,32.94242448902068,1.5866911612414419e-06
ecology_rm,12,gic_pred,rm,rm,1,4.09443683936297,0.5001609508602238
ecology_rm,12,gic_evid,rm,rm,1,17.749778871331443,0.001536421831271785
ecology_rm,12,gic_eff_logn,rm,rm,1,5.892496622658683,0.2658157113403455
ecology_rm,13,aic,rm,rm,1,12.047078588158968,0.016993000978867034
ecology_rm,13,aicc,rm,rm,1,19.45597607365218,0.0006408322545767257
ecology_rm,13,bic,rm,rm,1,29.064153668519708,7.610023901745901e-06
ecology_rm,13,gic_pred,rm,neural_ode,0,0.8581574082078873,0.6780863902447055
ecology_rm,13,gic_evid,rm,rm,1,11.164105270243397,0.024702627311635326
ecology_rm,13,gic_eff_logn,rm,rm,1,2.4333320546560913,0.554164920093104
ecology_rm,14,aic,rm,rm,1,14.519385038448434,0.0108885575783403
ecology_rm,14,aicc,rm,rm,1,20.575445644509074,0.0005648746038191697
ecology_rm,14,bic,rm,rm,1,29.409325733764092,8.521595044904355e-06
ecology_rm,14,gic_pred,rm,rm,1,0.6812799302776966,0.8874306825343868
ecology_rm,14,gic_evid,rm,rm,1,17.930726190977254,0.002001016394274923
ecology_rm,14,gic_eff_logn,rm,rm,1,0.8534660258643498,0.6984314672013763
ecology_rm,15,aic,rm,rm,1,13.81895989998361,0.00792351253952712
ecology_rm,15,aicc,rm,rm,1,21.227857385476852,0.0002874325031571667
ecology_rm,15,bic,rm,rm,1,30.83603498034435,3.3379393574041776e-06
ecology_rm,15,gic_pred,rm,rm,1,2.293699541031117,0.5707240862246202
ecology_rm,15,gic_evid,rm,rm,1,18.261600727663847,0.0011057684219383489
ecology_rm,15,gic_eff_logn,rm,rm,1,7.052885818329344,0.16239166850886083
ecology_rm,16,aic,rm,rm,1,13.660172109110476,0.009164251608309651
ecology_rm,16,aicc,rm,rm,1,21.069069594603718,0.00035111120367069216
ecology_rm,16,bic,rm,rm,1,30.677247189471217,4.270011430857886e-06
ecology_rm,16,gic_pred,rm,rm,1,2.531799944486636,0.7321942793239201
ecology_rm,16,gic_evid,rm,rm,1,19.465106664211532,0.0009101409036077718
ecology_rm,16,gic_eff_logn,rm,rm,1,4.456585612249455,0.4060440000495316
ecology_rm,17,aic,rm,rm,1,16.84558666579852,0.0025652866514878823
ecology_rm,17,aicc,rm,rm,1,24.254484151291763,0.00010156065818323142
ecology_rm,17,bic,rm,rm,1,33.86266174615926,1.2797825143978525e-06
ecology_rm,17,gic_pred,rm,rm,1,3.7527182181785292,0.5791071931821817
ecology_rm,17,gic_evid,rm,rm,1,14.295977677875953,0.006939120605276512
ecology_rm,17,gic_eff_logn,rm,rm,1,4.877052077177325,0.40305866730068934
ecology_rm,18,aic,rm,rm,1,15.713878363852132,0.0034924066496434913
ecology_rm,18,aicc,rm,rm,1,23.122775849345373,0.00012357147514029118
ecology_rm,18,bic,rm,rm,1,32.73095344421287,1.4158688521609106e-06
ecology_rm,18,gic_pred,rm,rm,1,2.2557975767427365,0.586664019443751
ecology_rm,18,gic_evid,rm,rm,1,13.197102920620921,0.010361210316637611
ecology_rm,18,gic_eff_logn,rm,rm,1,4.959299457615998,0.3197220246579851
ecology_rm,19,aic,rm,rm,1,16.105847988113396,0.002922947625591808
ecology_rm,19,aicc,rm,rm,1,23.514745473606638,0.00010247760563984986
ecology_rm,19,bic,rm,rm,1,33.12292306847414,1.1664662609421086e-06
ecology_rm,19,gic_pred,rm,rm,1,3.041765454069207,0.4928147539709045
ecology_rm,19,gic_evid,rm,rm,1,14.558804992474336,0.005720624992870522
ecology_rm,19,gic_eff_logn,rm,rm,1,6.164310950813729,0.21324427803777918
ecology_rm,20,aic,rm,rm,1,13.747141851050799,0.008144242243172256
ecology_rm,20,aicc,rm,rm,1,21.15603933654404,0.00029515583256645004
ecology_rm,20,bic,rm,rm,1,30.76421693141154,3.423905952555515e-06
ecology_rm,20,gic_pred,rm,rm,1,2.4836529457808183,0.5348245571975262
ecology_rm,20,gic_evid,rm,rm,1,18.629854725220497,0.0009299579994608919
ecology_rm,20,gic_eff_logn,rm,rm,1,7.521250753154732,0.11299821436108755
ecology_rm,21,aic,rm,rm,1,15.19958825371043,0.004778117850190378
ecology_rm,21,aicc,rm,rm,1,22.608485739203672,0.00018094286876752617
ecology_rm,21,bic,rm,rm,1,32.21666333407117,2.1930467403872954e-06
ecology_rm,21,gic_pred,rm,rm,1,2.536873784770762,0.6726225029251585
ecology_rm,21,gic_evid,rm,rm,1,15.744486698489823,0.003662687974866641
ecology_rm,21,gic_eff_logn,rm,rm,1,5.622552170747895,0.38596238954657247
ecology_rm,22,aic,rm,rm,1,15.126943007828459,0.004442944722255836
ecology_rm,22,aicc,rm,rm,1,22.5358404933217,0.0001567405589353282
ecology_rm,22,bic,rm,rm,1,32.1440180881892,1.7877798028201232e-06
ecology_rm,22,gic_pred,rm,rm,1,2.692402562255154,0.5093249313759198
ecology_rm,22,gic_evid,rm,rm,1,15.753378848207745,0.0033673979646850426
ecology_rm,22,gic_eff_logn,rm,rm,1,6.48450837060949,0.16034591891778946
ecology_rm,23,aic,rm,rm,1,15.931661819005399,0.003117569465067967
ecology_rm,23,aicc,rm,rm,1,23.34055930449864,0.00010862047235178635
ecology_rm,23,bic,rm,rm,1,32.94873689936614,1.2291612237401955e-06
ecology_rm,23,gic_pred,rm,rm,1,3.157557148396677,0.46122546541824894
ecology_rm,23,gic_evid,rm,rm,1,15.286338287276607,0.0041435009977315385
ecology_rm,23,gic_eff_logn,rm,rm,1,6.588513587248997,0.1598632953391401
ecology_rm,24,aic,rm,rm,1,15.655356599712718,0.003528102941583687
ecology_rm,24,aicc,rm,rm,1,23.06425408520596,0.00012358535203968823
ecology_rm,24,bic,rm,rm,1,32.67243168007346,1.4036174547688243e-06
ecology_rm,24,gic_pred,rm,rm,1,2.080847713029698,0.5798662300755686
ecology_rm,24,gic_evid,rm,rm,1,12.396818102150405,0.014607801891627708
ecology_rm,24,gic_eff_logn,rm,rm,1,4.660520486908581,0.30809316875117937
ecology_rm,25,aic,rm,rm,1,14.59004855719661,0.005641238879708975
ecology_rm,25,aicc,rm,rm,1,21.99894604268985,0.00020128732177163437
ecology_rm,25,bic,rm,rm,1,31.60712363755735,2.3130805281755764e-06
ecology_rm,25,gic_pred,rm,rm,1,1.7870470405738388,0.608966710292039
ecology_rm,25,gic_evid,rm,rm,1,14.465726806522213,0.005947268812116477
ecology_rm,25,gic_eff_logn,rm,rm,1,5.187269742038325,0.26305216605895915
ecology_rm,26,aic,rm,rm,1,7.893372906314767,0.09410806978634022
ecology_rm,26,aicc,rm,rm,1,15.30227039180798,0.004122611027001838
ecology_rm,26,bic,rm,rm,1,24.910447986675507,5.2607524682079637e-05
ecology_rm,26,gic_pred,rm,neural_ode,0,3.557364108690251,0.43168797780121476
ecology_rm,26,gic_evid,rm,rm,1,14.66595931584493,0.005687972775311367
ecology_rm,26,gic_eff_logn,rm,rm,1,1.2810827523076398,0.7178345421558957
ecology_rm,27,aic,rm,rm,1,12.490819672101168,0.014104598395218784
ecology_rm,27,aicc,rm,rm,1,19.89971715759441,0.0005273668617968219
ecology_rm,27,bic,rm,rm,1,29.507894752461908,6.236007302549984e-06
ecology_rm,27,gic_pred,rm,rm,1,0.23776330406423085,0.7154069484149247
ecology_rm,27,gic_evid,rm,rm,1,12.670788573128249,0.013010285716780767
ecology_rm,27,gic_eff_logn,rm,rm,1,4.222889623251433,0.38756914527220765
ecology_rm,28,aic,rm,rm,1,17.258514358293155,0.0018924984004826976
ecology_rm,28,aicc,rm,rm,1,24.667411843786397,6.90269310775011e-05
ecology_rm,28,bic,rm,rm,1,34.275589438653896,8.154339667770753e-07
ecology_rm,28,gic_pred,rm,rm,1,4.071251681773447,0.4352243846136111
ecology_rm,28,gic_evid,rm,rm,1,14.439833635296338,0.006132062847354376
ecology_rm,28,gic_eff_logn,rm,rm,1,7.062786820210704,0.23149213821404274
ecology_rm,29,aic,rm,rm,1,14.069923673384721,0.007168775187837557
ecology_rm,29,aicc,rm,rm,1,21.478821158877963,0.00026039387351740835
ecology_rm,29,bic,rm,rm,1,31.086998753745462,3.03092134778412e-06
ecology_rm,29,gic_pred,rm,rm,1,1.1235115017918815,0.6846685340378463
ecology_rm,29,gic_evid,rm,rm,1,13.988253361773076,0.007339882347850266
ecology_rm,29,gic_eff_logn,rm,rm,1,4.371207335571853,0.3678018355247126
fhn_standard,0,aic,fhn,fhn,1,1.4450186054316987,0.6327352678033319
fhn_standard,0,aicc,fhn,fhn,1,1.8370331244879594,0.5980700623647842
fhn_standard,0,bic,fhn,fhn,1,7.03659969662516,0.13053173751997266
fhn_standard,0,gic_pred,fhn,fhn,1,0.1907235350770975,1.0871770999307808
fhn_standard,0,gic_evid,fhn,fhn,1,0.14053957315144316,0.7821239428817885
fhn_standard,0,gic_eff_logn,fhn,fhn,1,0.47868515164634573,0.8198025909282618
fhn_standard,1,aic,fhn,fhn,1,3.62743263818669,0.4067594881380602
fhn_standard,1,aicc,fhn,fhn,1,4.019447157242951,0.36367089582130246
fhn_standard,1,bic,fhn,fhn,1,9.219013729380151,0.055350636139317615
fhn_standard,1,gic_pred,fhn,fhn,1,0.8528728078549079,0.9542248540511161
fhn_standard,1,gic_evid,fhn,fhn,1,1.0664670127727618,0.7014080874039257
fhn_standard,1,gic_eff_logn,fhn,fhn,1,3.105410164977968,0.5402363209979026
fhn_standard,2,aic,fhn,fhn,1,3.423963159722007,0.4289120298763844
fhn_standard,2,aicc,fhn,fhn,1,3.8159776787782675,0.3851854779258856
fhn_standard,2,bic,fhn,fhn,1,9.015544250915468,0.060110070542516505
fhn_standard,2,gic_pred,fhn,fhn,1,1.0210921433030649,0.9639459826666682
fhn_standard,2,gic_evid,fhn,fhn,1,0.9584238019853615,0.707164372784569
fhn_standard,2,gic_eff_logn,fhn,fhn,1,2.945199217672041,0.5622218179758924
fhn_standard,3,aic,fhn,fhn,1,3.511333313836303,0.4190811113847533
fhn_standard,3,aicc,fhn,fhn,1,3.903347832892564,0.3758086621596746
fhn_standard,3,bic,fhn,fhn,1,9.102914405029765,0.05802121664300779
fhn_standard,3,gic_pred,fhn,fhn,1,0.03839009649931313,0.9532604925291632
fhn_standard,3,gic_evid,fhn,fhn,1,0.04655564037886961,0.7293364350563458
fhn_standard,3,gic_eff_logn,fhn,fhn,1,0.0911989484127389,0.743170150695113
fhn_standard,4,aic,fhn,fhn,1,0.5431623396208352,0.6849478197429014
fhn_standard,4,aicc,fhn,fhn,1,0.9351768586770959,0.6668001607288332
fhn_standard,4,bic,fhn,fhn,1,6.1347434308142965,0.18190907380615093
fhn_standard,4,gic_pred,fhn,tv_fhn,0,0.057389619027219396,1.077403805792032
fhn_standard,4,gic_evid,fhn,fhn,1,1.3566807367756155,0.7544253807257422
fhn_standard,4,gic_eff_logn,fhn,fhn,1,3.0974611003779273,0.6917970582088873
fhn_standard,5,aic,fhn,fhn,1,1.4567556131664787,0.6331487968647329
fhn_standard,5,aicc,fhn,fhn,1,1.8487701322227963,0.5973371105853149
fhn_standard,5,bic,fhn,fhn,1,7.04833670435994,0.12995543405166943
fhn_standard,5,gic_pred,fhn,ude_fhn,0,0.22425712421761546,1.0715760667532495
fhn_standard,5,gic_evid,fhn,fhn,1,1.096167089379719,0.7334963901380153
fhn_standard,5,gic_eff_logn,fhn,fhn,1,2.538003502740139,0.6782399062433879
fhn_standard,6,aic,fhn,fhn,1,2.348304781449542,0.5478121942467453
fhn_standard,6,aicc,fhn,fhn,1,2.740319300505803,0.5043102885020391
fhn_standard,6,bic,fhn,fhn,1,7.9398858726430035,0.0922412566822668
fhn_standard,6,gic_pred,fhn,fhn,1,0.8999263279689558,1.0366670565483835
fhn_standard,6,gic_evid,fhn,fhn,1,1.0787301750487472,0.7206170484477882
fhn_standard,6,gic_eff_logn,fhn,fhn,1,3.1605722245409424,0.5802651390512452
fhn_standard,7,aic,fhn,fhn,1,3.6158106708422793,0.4076597616529632
fhn_standard,7,aicc,fhn,fhn,1,4.00782518989854,0.3647915546811118
fhn_standard,7,bic,fhn,fhn,1,9.20739176203574,0.05561267911941226
fhn_standard,7,gic_pred,fhn,fhn,1,0.5699077059566662,0.9574254043250429
fhn_standard,7,gic_evid,fhn,fhn,1,0.4061350119252438,0.7240100066019406
fhn_standard,7,gic_eff_logn,fhn,fhn,1,1.5086159912291919,0.6908349371519121
fhn_standard,8,aic,fhn,fhn,1,2.922716980432483,0.4851181955019224
fhn_standard,8,aicc,fhn,fhn,1,3.314731499488744,0.4402357003901187
fhn_standard,8,bic,fhn,fhn,1,8.514298071625944,0.07351370217861941
fhn_standard,8,gic_pred,fhn,fhn,1,0.7953537215867641,1.0010518288816745
fhn_standard,8,gic_evid,fhn,fhn,1,1.0672832109150932,0.7088902811777908
fhn_standard,8,gic_eff_logn,fhn,fhn,1,3.1038004893695756,0.5606218548060151
fhn_standard,9,aic,fhn,fhn,1,0.5073537152769632,0.6865071182060375
fhn_standard,9,aicc,fhn,fhn,1,0.8993682343332239,0.668860582383235
fhn_standard,9,bic,fhn,fhn,1,6.0989348064704245,0.18425513972656937
fhn_standard,9,gic_pred,fhn,fhn,1,0.03598183982512637,1.0967929280300481
fhn_standard,9,gic_evid,fhn,fhn,1,0.8598201014530673,0.7855192661526478
fhn_standard,9,gic_eff_logn,fhn,fhn,1,2.747302666623966,0.7052938265010293
fhn_standard,10,aic,fhn,fhn,1,2.8615321889181473,0.4914831440965955
fhn_standard,10,aicc,fhn,fhn,1,3.253546707974408,0.44693980246447307
fhn_standard,10,bic,fhn,fhn,1,8.453113280111609,0.07532738057003877
fhn_standard,10,gic_pred,fhn,fhn,1,0.020520936701416304,1.0059837616798188
fhn_standard,10,gic_evid,fhn,fhn,1,0.033138257678615446,0.7436349382830345
fhn_standard,10,gic_eff_logn,fhn,fhn,1,0.05071727535840864,0.765504052218004
fhn_standard,11,aic,fhn,tv_fhn,0,0.24511569703838632,0.691853449981651
fhn_standard,11,aicc,fhn,fhn,1,0.1468988220178744,0.6926319642727539
fhn_standard,11,bic,fhn,fhn,1,5.346465394155075,0.23936496646619754
fhn_standard,11,gic_pred,fhn,tv_fhn,0,0.9364403116661606,1.0543606463721362
fhn_standard,11,gic_evid,fhn,fhn,1,0.3502074500768231,0.8506513298720066
fhn_standard,11,gic_eff_logn,fhn,fhn,1,1.1070450818773452,0.9017883604364971
fhn_standard,12,aic,fhn,fhn,1,2.4224148931444347,0.5398724171598809
fhn_standard,12,aicc,fhn,fhn,1,2.8144294122006954,0.49607618170424056
fhn_standard,12,bic,fhn,fhn,1,8.013995984337896,0.08960159998186425
fhn_standard,12,gic_pred,fhn,fhn,1,0.8145232407014191,1.0327699558243133
fhn_standard,12,gic_evid,fhn,fhn,1,1.0511309776547364,0.7166856779777319
fhn_standard,12,gic_eff_logn,fhn,fhn,1,2.809606171096277,0.6103192647955888
fhn_standard,13,aic,fhn,fhn,1,3.5988419932425586,0.40983823384820706
fhn_standard,13,aicc,fhn,fhn,1,3.9908565122988193,0.3666575997222983
fhn_standard,13,bic,fhn,fhn,1,9.19042308443602,0.0559973763938745
fhn_standard,13,gic_pred,fhn,fhn,1,1.0059875683978703,0.9513703750359417
fhn_standard,13,gic_evid,fhn,fhn,1,1.345492747226217,0.6811362574750383
fhn_standard,13,gic_eff_logn,fhn,fhn,1,3.3691577280305296,0.5118285086695583
fhn_standard,14,aic,fhn,fhn,1,3.739134024988516,0.39427289580565483
fhn_standard,14,aicc,fhn,fhn,1,4.131148544044777,0.3519731924185973
fhn_standard,14,bic,fhn,fhn,1,9.330715116181977,0.052890522339487184
fhn_standard,14,gic_pred,fhn,fhn,1,0.8892818442790258,0.9444437343029344
fhn_standard,14,gic_evid,fhn,fhn,1,0.7668887090612202,0.7123523846538896
fhn_standard,14,gic_eff_logn,fhn,fhn,1,2.3418183836437265,0.6142391003792664
fhn_standard,15,aic,fhn,fhn,1,3.254443832386414,0.44776599304475545
fhn_standard,15,aicc,fhn,fhn,1,3.646458351442675,0.4035352049032421
fhn_standard,15,bic,fhn,fhn,1,8.84602492357999,0.06436493770187639
fhn_standard,15,gic_pred,fhn,fhn,1,1.0246392699573335,0.9766259370594834
fhn_standard,15,gic_evid,fhn,fhn,1,0.9596235006917482,0.7096552690534597
fhn_standard,15,gic_eff_logn,fhn,fhn,1,2.957185005866336,0.5674696842609129
fhn_standard,16,aic,fhn,fhn,1,2.5381836289629405,0.527104566530661
fhn_standard,16,aicc,fhn,fhn,1,2.930198148019201,0.4830999270016176
fhn_standard,16,bic,fhn,fhn,1,8.129764720156402,0.08561564777173256
fhn_standard,16,gic_pred,fhn,fhn,1,0.2437368021282964,1.023526896557429
fhn_standard,16,gic_evid,fhn,fhn,1,0.16625838819868477,0.7430724530446724
fhn_standard,16,gic_eff_logn,fhn,fhn,1,0.5992363461773493,0.7614548144901174
fhn_standard,17,aic,fhn,fhn,1,0.39615065736830957,0.690329277945729
fhn_standard,17,aicc,fhn,fhn,1,0.7881651764245703,0.6746733242854348
fhn_standard,17,bic,fhn,fhn,1,5.987731748561771,0.19169781779715175
fhn_standard,17,gic_pred,fhn,ude_fhn,0,0.3990535729603266,1.0916177804306395
fhn_standard,17,gic_evid,fhn,fhn,1,0.9527091305233739,0.7567608162477546
fhn_standard,17,gic_eff_logn,fhn,fhn,1,2.190759503766799,0.7724104129051608
fhn_standard,18,aic,fhn,fhn,1,2.922961575813588,0.48468360597330995
fhn_standard,18,aicc,fhn,fhn,1,3.3149760948698486,0.44010044633818773
fhn_standard,18,bic,fhn,fhn,1,8.51454266700705,0.07350652911708042
fhn_standard,18,gic_pred,fhn,fhn,1,0.5742000752396166,1.004897087051923
fhn_standard,18,gic_evid,fhn,fhn,1,0.5060107308364081,0.728909124920406
fhn_standard,18,gic_eff_logn,fhn,fhn,1,1.5244580643840777,0.709059487500156
fhn_standard,19,aic,fhn,fhn,1,2.4228413016886066,0.5401507958400587
fhn_standard,19,aicc,fhn,fhn,1,2.8148558207448673,0.4961155989916675
fhn_standard,19,bic,fhn,fhn,1,8.014422392882068,0.08958661679314778
fhn_standard,19,gic_pred,fhn,fhn,1,0.6039313738234569,1.0416512666195312
fhn_standard,19,gic_evid,fhn,fhn,1,1.0048839309724826,0.7280964967546033
fhn_standard,19,gic_eff_logn,fhn,fhn,1,3.044763315000864,0.598801792335069
fhn_standard,20,aic,fhn,fhn,1,3.0387595975456634,0.4717000900424186
fhn_standard,20,aicc,fhn,fhn,1,3.430774116601924,0.4272190594427102
fhn_standard,20,bic,fhn,fhn,1,8.630340688739125,0.07018433987502289
fhn_standard,20,gic_pred,fhn,fhn,1,0.14858698859006836,0.9869741711256013
fhn_standard,20,gic_evid,fhn,fhn,1,0.10848284589218338,0.7332096330699307
fhn_standard,20,gic_eff_logn,fhn,fhn,1,0.35786868725801924,0.7511859805732478
fhn_standard,21,aic,fhn,fhn,1,3.533588035287721,0.41663004189633945
fhn_standard,21,aicc,fhn,fhn,1,3.925602554343982,0.3734470481089336
fhn_standard,21,bic,fhn,fhn,1,9.12516912648124,0.057500119788728744
fhn_standard,21,gic_pred,fhn,fhn,1,0.12083559928419163,0.9585046844300679
fhn_standard,21,gic_evid,fhn,fhn,1,0.09743624914489146,0.7280163434645993
fhn_standard,21,gic_eff_logn,fhn,fhn,1,0.28744559416452375,0.7455152805099501
fhn_standard,22,aic,fhn,fhn,1,0.8573960492948345,0.671428034218652
fhn_standard,22,aicc,fhn,fhn,1,1.2494105683510952,0.6468433380004912
fhn_standard,22,bic,fhn,fhn,1,6.448977140488296,0.16235663795823221
fhn_standard,22,gic_pred,fhn,fhn,1,0.14306024735003575,1.0963304512282244
fhn_standard,22,gic_evid,fhn,fhn,1,0.11072919658249702,0.7792212988429044
fhn_standard,22,gic_eff_logn,fhn,fhn,1,0.3506244038698014,0.8273006203882979
fhn_standard,23,aic,fhn,fhn,1,2.459266501929619,0.5361073932802206
fhn_standard,23,aicc,fhn,fhn,1,2.85128102098588,0.49202682451308116
fhn_standard,23,bic,fhn,fhn,1,8.05084759312308,0.08831479416481451
fhn_standard,23,gic_pred,fhn,fhn,1,0.7831019995178394,1.0294185714830868
fhn_standard,23,gic_evid,fhn,fhn,1,1.3988978872962434,0.6993381442755887
fhn_standard,23,gic_eff_logn,fhn,fhn,1,3.1788280844726273,0.5688175915226301
fhn_standard,24,aic,fhn,fhn,1,2.679585173287137,0.5118359769951845
fhn_standard,24,aicc,fhn,fhn,1,3.0715996923433977,0.4673402897493385
fhn_standard,24,bic,fhn,fhn,1,8.271166264480598,0.08096739740824214
fhn_standard,24,gic_pred,fhn,fhn,1,0.9991380641803289,1.0129220117492037
fhn_standard,24,gic_evid,fhn,fhn,1,0.9729326686586433,0.722487015347805
fhn_standard,24,gic_eff_logn,fhn,fhn,1,2.993400036749563,0.5808767776469119
fhn_standard,25,aic,fhn,fhn,1,3.4094696935899265,0.43034335476012514
fhn_standard,25,aicc,fhn,fhn,1,3.801484212646187,0.38669610966785045
fhn_standard,25,bic,fhn,fhn,1,9.001050784783388,0.06046331058865056
fhn_standard,25,gic_pred,fhn,fhn,1,0.21573092794312743,0.9723831945916692
fhn_standard,25,gic_evid,fhn,fhn,1,0.1722989171173026,0.7322985346174504
fhn_standard,25,gic_eff_logn,fhn,fhn,1,0.5192811447563486,0.7475148774859824
fhn_standard,26,aic,fhn,fhn,1,0.427683507747588,0.6896042127559466
fhn_standard,26,aicc,fhn,fhn,1,0.8196980268038487,0.6731728678748434
fhn_standard,26,bic,fhn,fhn,1,6.019264598941049,0.1895631295134686
fhn_standard,26,gic_pred,fhn,ude_fhn,0,0.6446132722108473,1.0850858623234085
fhn_standard,26,gic_evid,fhn,fhn,1,0.4584053342697416,0.8002619072335708
fhn_standard,26,gic_eff_logn,fhn,fhn,1,1.9215795751908331,0.7818422732602546
fhn_standard,27,aic,fhn,fhn,1,2.082407414291424,0.5749108925784491
fhn_standard,27,aicc,fhn,fhn,1,2.474421933347685,0.5333028866681667
fhn_standard,27,bic,fhn,fhn,1,7.6739885054848855,0.10230265320758063
fhn_standard,27,gic_pred,fhn,fhn,1,0.5368542717992568,1.052066537287655
fhn_standard,27,gic_evid,fhn,fhn,1,0.37250670999384283,0.7464026843275532
fhn_standard,27,gic_eff_logn,fhn,fhn,1,1.3185105588685815,0.7452600927769144
fhn_standard,28,aic,fhn,fhn,1,2.9084489302480847,0.48636495064326873
fhn_standard,28,aicc,fhn,fhn,1,3.3004634493043454,0.4417344053408318
fhn_standard,28,bic,fhn,fhn,1,8.500030021441546,0.07393299784480797
fhn_standard,28,gic_pred,fhn,fhn,1,0.9962105806683894,1.0067394144021915
fhn_standard,28,gic_evid,fhn,fhn,1,0.9714983985265349,0.7210109862310531
fhn_standard,28,gic_eff_logn,fhn,fhn,1,2.72231631448102,0.6116241713192525
fhn_standard,29,aic,fhn,fhn,1,3.003048503793025,0.47569388711848515
fhn_standard,29,aicc,fhn,fhn,1,3.3950630228492855,0.4311804231017476
fhn_standard,29,bic,fhn,fhn,1,8.594629594986486,0.0711937393501489
fhn_standard,29,gic_pred,fhn,fhn,1,0.07118037219612461,0.9972409600681036
fhn_standard,29,gic_evid,fhn,fhn,1,0.0690725064768003,0.7422194432754605
fhn_standard,29,gic_eff_logn,fhn,fhn,1,0.17637300162880365,0.7617305205376222
fhn_ude,0,aic,ude_fhn,ude_fhn,1,20.69284213210676,0.00036430725434978225
fhn_ude,0,aicc,ude_fhn,ude_fhn,1,18.027815078491415,0.0012186623022124533
fhn_ude,0,bic,ude_fhn,ude_fhn,1,1.1223083129295333,0.6563281016454052
fhn_ude,0,gic_pred,ude_fhn,ude_fhn,1,32.986138796514865,1.2023233860066569e-06
fhn_ude,0,gic_evid,ude_fhn,ude_fhn,1,22.4394633973111,0.00016419178821570982
fhn_ude,0,gic_eff_logn,ude_fhn,ude_fhn,1,30.600346271621788,3.6933924721395642e-06
fhn_ude,1,aic,ude_fhn,ude_fhn,1,5.4311408507592205,0.23266166483317446
fhn_ude,1,aicc,ude_fhn,ude_fhn,1,2.7661137971438734,0.5013300582679695
fhn_ude,1,bic,ude_fhn,tv_fhn,0,13.394196942409678,0.016333303794399696
fhn_ude,1,gic_pred,ude_fhn,ude_fhn,1,18.108597346682814,0.0011751442473352434
fhn_ude,1,gic_evid,ude_fhn,ude_fhn,1,16.50395833486334,0.002438109918077818
fhn_ude,1,gic_eff_logn,ude_fhn,ude_fhn,1,16.25982003426418,0.002689223774457742
fhn_ude,2,aic,ude_fhn,tv_fhn,0,0.5193751585321706,0.6875755199636409
fhn_ude,2,aicc,ude_fhn,tv_fhn,0,3.1844022121475177,0.4591941273653637
fhn_ude,2,bic,ude_fhn,tv_fhn,0,9.265856908441606,0.054778977985829175
fhn_ude,2,gic_pred,ude_fhn,ude_fhn,1,13.052692447762468,0.011013066315307405
fhn_ude,2,gic_evid,ude_fhn,ude_fhn,1,13.472821473385466,0.009494668838705256
fhn_ude,2,gic_eff_logn,ude_fhn,ude_fhn,1,12.454487777524605,0.014298419024410956
fhn_ude,3,aic,ude_fhn,ude_fhn,1,39.45625275916643,5.6071691893223816e-08
fhn_ude,3,aicc,ude_fhn,ude_fhn,1,36.791225705551085,1.988796731808721e-07
fhn_ude,3,bic,ude_fhn,ude_fhn,1,19.88571893998926,0.0005259963085267171
fhn_ude,3,gic_pred,ude_fhn,ude_fhn,1,52.05827271742339,1.3412885466915988e-10
fhn_ude,3,gic_evid,ude_fhn,ude_fhn,1,43.06118041649739,1.0049799115938463e-08
fhn_ude,3,gic_eff_logn,ude_fhn,ude_fhn,1,50.104043025604426,3.43468393836517e-10
fhn_ude,4,aic,ude_fhn,ude_fhn,1,4.868484485253248,0.3360580395934413
fhn_ude,4,aicc,ude_fhn,ude_fhn,1,5.428879477318105,0.39090790810596665
fhn_ude,4,bic,ude_fhn,tv_fhn,0,10.66874619772932,0.03147849001822255
fhn_ude,4,gic_pred,ude_fhn,ude_fhn,1,7.000776087822771,0.13253651553635218
fhn_ude,4,gic_evid,ude_fhn,ude_fhn,1,11.18820204341796,0.024444561325638353
fhn_ude,4,gic_eff_logn,ude_fhn,ude_fhn,1,12.777286984879083,0.012949499797914595
fhn_ude,5,aic,ude_fhn,ude_fhn,1,26.456711930915844,2.5736314612622787e-05
fhn_ude,5,aicc,ude_fhn,ude_fhn,1,23.791684877300497,8.85342589650038e-05
fhn_ude,5,bic,ude_fhn,ude_fhn,1,6.886178111738616,0.15236408806719154
fhn_ude,5,gic_pred,ude_fhn,ude_fhn,1,40.50023046800038,3.420225945218678e-08
fhn_ude,5,gic_evid,ude_fhn,ude_fhn,1,34.545652114622044,6.936722613632794e-07
fhn_ude,5,gic_eff_logn,ude_fhn,ude_fhn,1,40.56106482526991,3.372892612727549e-08
fhn_ude,6,aic,ude_fhn,ude_fhn,1,15.052153743194708,0.004593378391245219
fhn_ude,6,aicc,ude_fhn,ude_fhn,1,12.387126689579361,0.01467131086448914
fhn_ude,6,bic,ude_fhn,tv_fhn,0,4.51838007598252,0.32850745333687553
fhn_ude,6,gic_pred,ude_fhn,ude_fhn,1,27.802695422737543,1.3677008205589352e-05
fhn_ude,6,gic_evid,ude_fhn,ude_fhn,1,23.569646341962084,9.832948584918062e-05
fhn_ude,6,gic_eff_logn,ude_fhn,ude_fhn,1,26.056083543011823,3.084492946598939e-05
fhn_ude,7,aic,ude_fhn,ude_fhn,1,0.4181371709689188,0.692170102545055
fhn_ude,7,aicc,ude_fhn,tv_fhn,0,2.2468898826464283,0.565634605524587
fhn_ude,7,bic,ude_fhn,tv_fhn,0,7.729779095864842,0.10082599146671911
fhn_ude,7,gic_pred,ude_fhn,ude_fhn,1,13.977019149020634,0.0073704609420252734
fhn_ude,7,gic_evid,ude_fhn,ude_fhn,1,12.109470620991488,0.017708132272444756
fhn_ude,7,gic_eff_logn,ude_fhn,ude_fhn,1,13.360382351392957,0.00968157184538607
fhn_ude,8,aic,ude_fhn,ude_fhn,1,7.3289947750740225,0.11682938760848335
fhn_ude,8,aicc,ude_fhn,ude_fhn,1,4.663967721458675,0.2990967828898989
fhn_ude,8,bic,ude_fhn,tv_fhn,0,12.241539044103206,0.01796241645428702
fhn_ude,8,gic_pred,ude_fhn,ude_fhn,1,20.035033837522747,0.0004914941430754537
fhn_ude,8,gic_evid,ude_fhn,ude_fhn,1,17.7903275595246,0.0013588636437653278
fhn_ude,8,gic_eff_logn,ude_fhn,ude_fhn,1,18.226211959734087,0.0011145263556489667
fhn_ude,9,aic,ude_fhn,ude_fhn,1,25.538932023579093,3.9195927573620974e-05
fhn_ude,9,aicc,ude_fhn,ude_fhn,1,22.873904969963746,0.00013419815574079058
fhn_ude,9,bic,ude_fhn,ude_fhn,1,5.968398204401922,0.19340734338697219
fhn_ude,9,gic_pred,ude_fhn,ude_fhn,1,37.719378763624945,1.2803422218365046e-07
fhn_ude,9,gic_evid,ude_fhn,ude_fhn,1,32.89290528589902,1.2626624963882472e-06
fhn_ude,9,gic_eff_logn,ude_fhn,ude_fhn,1,35.17583386293023,4.275118629335045e-07
fhn_ude,10,aic,ude_fhn,ude_fhn,1,20.785128276417936,0.0003493095448877905
fhn_ude,10,aicc,ude_fhn,ude_fhn,1,18.12010122280259,0.0011691411509095993
fhn_ude,10,bic,ude_fhn,ude_fhn,1,1.2145944572407075,0.6512244614546521
fhn_ude,10,gic_pred,ude_fhn,ude_fhn,1,33.61082213007569,8.955092117867441e-07
fhn_ude,10,gic_evid,ude_fhn,ude_fhn,1,27.253372928381737,1.772365591920848e-05
fhn_ude,10,gic_eff_logn,ude_fhn,ude_fhn,1,31.969265119285865,1.941392151053595e-06
fhn_ude,11,aic,ude_fhn,ude_fhn,1,12.752531669028087,0.01253059020069383
fhn_ude,11,aicc,ude_fhn,ude_fhn,1,10.08750461541274,0.03875006494130909
fhn_ude,11,bic,ude_fhn,tv_fhn,0,6.818002150149141,0.14172487802443376
fhn_ude,11,gic_pred,ude_fhn,ude_fhn,1,24.89162312012496,5.289786945716891e-05
fhn_ude,11,gic_evid,ude_fhn,ude_fhn,1,14.740632273500353,0.005267520729034239
fhn_ude,11,gic_eff_logn,ude_fhn,ude_fhn,1,22.290267856503192,0.00017543917510642236
fhn_ude,12,aic,ude_fhn,ude_fhn,1,3.832435717935482,0.4031822557488869
fhn_ude,12,aicc,ude_fhn,ude_fhn,1,1.167408664320135,0.7041657893066688
fhn_ude,12,bic,ude_fhn,tv_fhn,0,1.817280816981338,0.6020419965648895
fhn_ude,12,gic_pred,ude_fhn,ude_fhn,1,18.094811109409875,0.0012037392128614833
fhn_ude,12,gic_evid,ude_fhn,ude_fhn,1,18.049473202776937,0.0023995594031866766
fhn_ude,12,gic_eff_logn,ude_fhn,ude_fhn,1,18.461584428850585,0.0011027332652064194
fhn_ude,13,aic,ude_fhn,ude_fhn,1,11.642605152986732,0.02017462339152068
fhn_ude,13,aicc,ude_fhn,ude_fhn,1,8.977578099371385,0.06109440118988149
fhn_ude,13,bic,ude_fhn,tv_fhn,0,7.927928666190496,0.12300741701457553
fhn_ude,13,gic_pred,ude_fhn,ude_fhn,1,24.866918103108674,5.3516101460458145e-05
fhn_ude,13,gic_evid,ude_fhn,ude_fhn,1,21.93789093180544,0.00021141936786850236
fhn_ude,13,gic_eff_logn,ude_fhn,ude_fhn,1,23.7825888429133,8.836464349308686e-05
fhn_ude,14,aic,ude_fhn,ude_fhn,1,19.939952867995828,0.0005151368359585163
fhn_ude,14,aicc,ude_fhn,ude_fhn,1,17.27492581438048,0.0017168818699000786
fhn_ude,14,bic,ude_fhn,ude_fhn,1,0.36941904881859955,0.7656564419101068
fhn_ude,14,gic_pred,ude_fhn,ude_fhn,1,32.55483230159558,1.4935750569259691e-06
fhn_ude,14,gic_evid,ude_fhn,ude_fhn,1,26.539991947749684,2.7102843553610738e-05
fhn_ude,14,gic_eff_logn,ude_fhn,ude_fhn,1,30.618578809568874,3.6922720111827728e-06
fhn_ude,15,aic,ude_fhn,tv_fhn,0,12.922601925817617,0.012187758856830608
fhn_ude,15,aicc,ude_fhn,tv_fhn,0,15.58762897943302,0.004275683703201572
fhn_ude,15,bic,ude_fhn,tv_fhn,0,14.212704658609539,0.006642643802011439
fhn_ude,15,gic_pred,ude_fhn,ude_fhn,1,1.021602061951853,0.6616547749731847
fhn_ude,15,gic_evid,ude_fhn,tv_fhn,0,1.4427950435018602,0.6549116420705822
fhn_ude,15,gic_eff_logn,ude_fhn,ude_fhn,1,0.9436050802138425,0.666371552540413
fhn_ude,16,aic,ude_fhn,ude_fhn,1,33.91411908465608,7.766099996347526e-07
fhn_ude,16,aicc,ude_fhn,ude_fhn,1,31.249092031040732,2.7258204414655066e-06
fhn_ude,16,bic,ude_fhn,ude_fhn,1,14.34358526547885,0.006356567175019948
fhn_ude,16,gic_pred,ude_fhn,ude_fhn,1,46.02736677571443,2.4313317066263493e-09
fhn_ude,16,gic_evid,ude_fhn,ude_fhn,1,39.78532547200308,5.340406937017921e-08
fhn_ude,16,gic_eff_logn,ude_fhn,ude_fhn,1,43.38988464210354,8.59548551104295e-09
fhn_ude,17,aic,ude_fhn,ude_fhn,1,14.60299030906333,0.005601969306001526
fhn_ude,17,aicc,ude_fhn,ude_fhn,1,11.937963255447983,0.0178009773928903
fhn_ude,17,bic,ude_fhn,tv_fhn,0,4.967543510113842,0.3172894902380723
fhn_ude,17,gic_pred,ude_fhn,ude_fhn,1,28.04082204814688,1.2241934236251845e-05
fhn_ude,17,gic_evid,ude_fhn,ude_fhn,1,22.826634151886253,0.0001406442611450429
fhn_ude,17,gic_eff_logn,ude_fhn,ude_fhn,1,27.254969693694534,1.7681846028758825e-05
fhn_ude,18,aic,ude_fhn,tv_fhn,0,3.490252704081513,0.43106347998602984
fhn_ude,18,aicc,ude_fhn,tv_fhn,0,6.15527975769686,0.19500870587927577
fhn_ude,18,bic,ude_fhn,tv_fhn,0,7.075199694474236,0.1287634187998393
fhn_ude,18,gic_pred,ude_fhn,ude_fhn,1,11.065163456766925,0.025798228644016787
fhn_ude,18,gic_evid,ude_fhn,ude_fhn,1,9.630919568956472,0.052098449987365146
fhn_ude,18,gic_eff_logn,ude_fhn,ude_fhn,1,11.841577082452602,0.01873518235048253
fhn_ude,19,aic,ude_fhn,ude_fhn,1,14.694942940252758,0.005374357497437775
fhn_ude,19,aicc,ude_fhn,ude_fhn,1,12.029915886637411,0.01709147236089866
fhn_ude,19,bic,ude_fhn,tv_fhn,0,4.87559087892447,0.2797228137088345
fhn_ude,19,gic_pred,ude_fhn,ude_fhn,1,27.635651892179908,1.4783551538159577e-05
fhn_ude,19,gic_evid,ude_fhn,ude_fhn,1,24.810757043355636,5.492076692385957e-05
fhn_ude,19,gic_eff_logn,ude_fhn,ude_fhn,1,26.1548739435612,2.9448641899217987e-05
fhn_ude,20,aic,ude_fhn,ude_fhn,1,35.70571994657183,3.344923169617902e-07
fhn_ude,20,aicc,ude_fhn,ude_fhn,1,33.040692892956486,1.1797739551396545e-06
fhn_ude,20,bic,ude_fhn,ude_fhn,1,16.135186127394604,0.003101524538585575
fhn_ude,20,gic_pred,ude_fhn,ude_fhn,1,48.48499105651132,7.499633961002485e-10
fhn_ude,20,gic_evid,ude_fhn,ude_fhn,1,41.28113652820201,2.6796966914947193e-08
fhn_ude,20,gic_eff_logn,ude_fhn,ude_fhn,1,46.778539911727364,1.730051222706405e-09
fhn_ude,21,aic,ude_fhn,ude_fhn,1,16.643446955587763,0.002266331022555356
fhn_ude,21,aicc,ude_fhn,ude_fhn,1,13.978419901972416,0.007358018399160501
fhn_ude,21,bic,ude_fhn,tv_fhn,0,2.927086863589466,0.4839555320729031
fhn_ude,21,gic_pred,ude_fhn,ude_fhn,1,28.5048764682046,9.853385697229836e-06
fhn_ude,21,gic_evid,ude_fhn,ude_fhn,1,22.659068263385507,0.0001481895766021166
fhn_ude,21,gic_eff_logn,ude_fhn,ude_fhn,1,25.515378893345712,3.962394433496953e-05
fhn_ude,22,aic,ude_fhn,ude_fhn,1,8.50748639485397,0.07859453745160647
fhn_ude,22,aicc,ude_fhn,ude_fhn,1,5.842459341238623,0.21922479638188994
fhn_ude,22,bic,ude_fhn,tv_fhn,0,0.7665155262791927,0.690100290977727
fhn_ude,22,gic_pred,ude_fhn,ude_fhn,1,21.34713323014296,0.0002754847907802873
fhn_ude,22,gic_evid,ude_fhn,ude_fhn,1,19.022624938052843,0.0010522770702965675
fhn_ude,22,gic_eff_logn,ude_fhn,ude_fhn,1,19.72508102641683,0.0006034722524865569
fhn_ude,23,aic,ude_fhn,ude_fhn,1,13.423221570535816,0.009398672262557516
fhn_ude,23,aicc,ude_fhn,ude_fhn,1,10.758194516920469,0.029404712777092484
fhn_ude,23,bic,ude_fhn,tv_fhn,0,6.147312248641413,0.2885326212684825
fhn_ude,23,gic_pred,ude_fhn,ude_fhn,1,26.069534736858998,3.0665141699621165e-05
fhn_ude,23,gic_evid,ude_fhn,ude_fhn,1,6.282385557797511,0.20566746799201785
fhn_ude,23,gic_eff_logn,ude_fhn,ude_fhn,1,24.17722231121286,7.38322602107676e-05
fhn_ude,24,aic,ude_fhn,tv_fhn,0,22.78535374105479,0.00014033564324994973
fhn_ude,24,aicc,ude_fhn,tv_fhn,0,22.39333922199853,0.00016749667656841305
fhn_ude,24,bic,ude_fhn,tv_fhn,0,17.19377264986133,0.0017720421616567949
fhn_ude,24,gic_pred,ude_fhn,tv_fhn,0,19.891640943617574,0.000584828794103796
fhn_ude,24,gic_evid,ude_fhn,tv_fhn,0,15.293424305453527,0.00576355903480736
fhn_ude,24,gic_eff_logn,ude_fhn,tv_fhn,0,18.974990897975147,0.0010388673851870404
fhn_ude,25,aic,ude_fhn,ude_fhn,1,0.20593848227827038,0.6929540670736947
fhn_ude,25,aicc,ude_fhn,tv_fhn,0,2.4590885713370767,0.5368353235893908
fhn_ude,25,bic,ude_fhn,tv_fhn,0,10.952139496830455,0.027665025488646567
fhn_ude,25,gic_pred,ude_fhn,ude_fhn,1,13.316464511161826,0.00981918861992096
fhn_ude,25,gic_evid,ude_fhn,ude_fhn,1,12.535863014185054,0.013981379869002886
fhn_ude,25,gic_eff_logn,ude_fhn,ude_fhn,1,12.073073051660913,0.016796596788196644
fhn_ude,26,aic,ude_fhn,ude_fhn,1,26.50380442636964,2.505662825828181e-05
fhn_ude,26,aicc,ude_fhn,ude_fhn,1,23.838777372754294,8.606274107542073e-05
fhn_ude,26,bic,ude_fhn,ude_fhn,1,6.933270607192412,0.13599113556518372
fhn_ude,26,gic_pred,ude_fhn,ude_fhn,1,38.15671239374291,1.2693960275507366e-07
fhn_ude,26,gic_evid,ude_fhn,ude_fhn,1,24.124742218115614,7.569896791649151e-05
fhn_ude,26,gic_eff_logn,ude_fhn,ude_fhn,1,34.87572353651143,5.048463612021541e-07
fhn_ude,27,aic,ude_fhn,ude_fhn,1,15.619532725242038,0.005551732780122095
fhn_ude,27,aicc,ude_fhn,ude_fhn,1,12.56249115257043,0.020024688659674036
fhn_ude,27,bic,ude_fhn,fhn,0,6.9178639717873125,0.1826651009878936
fhn_ude,27,gic_pred,ude_fhn,ude_fhn,1,30.733419669849354,6.547441609874357e-06
fhn_ude,27,gic_evid,ude_fhn,ude_fhn,1,19.696831953082494,0.000584061879413207
fhn_ude,27,gic_eff_logn,ude_fhn,ude_fhn,1,26.698935872954337,2.586085459521142e-05
fhn_ude,28,aic,ude_fhn,ude_fhn,1,37.91580474243199,1.1663026565224818e-07
fhn_ude,28,aicc,ude_fhn,ude_fhn,1,35.25077768881664,4.12578967767485e-07
fhn_ude,28,bic,ude_fhn,ude_fhn,1,18.34527092325476,0.0010566560502006806
fhn_ude,28,gic_pred,ude_fhn,ude_fhn,1,49.9148635804039,3.761752018113768e-10
fhn_ude,28,gic_evid,ude_fhn,ude_fhn,1,28.645443172462876,9.232976480748502e-06
fhn_ude,28,gic_eff_logn,ude_fhn,ude_fhn,1,47.11775738885717,1.4412284048512647e-09
fhn_ude,29,aic,ude_fhn,ude_fhn,1,18.066396173766975,0.0011976304703324259
fhn_ude,29,aicc,ude_fhn,ude_fhn,1,15.401369120151628,0.003935541210342825
fhn_ude,29,bic,ude_fhn,tv_fhn,0,1.5041376454102533,0.6272503943127503
fhn_ude,29,gic_pred,ude_fhn,ude_fhn,1,30.553946303884345,3.774580848992118e-06
fhn_ude,29,gic_evid,ude_fhn,ude_fhn,1,20.060540591640347,0.0004858606516864359
fhn_ude,29,gic_eff_logn,ude_fhn,ude_fhn,1,28.439699780430885,1.0158036354379934e-05
