scenario,seed,criterion,truth,selected,correct
early_seir_infected_only,0,minus2_log_evidence_is,seir,seir,1
early_seir_infected_only,0,gic_evid,seir,seir,1
early_seir_infected_only,0,bic,seir,sir,0
early_seir_infected_only,1,minus2_log_evidence_is,seir,seir,1
early_seir_infected_only,1,gic_evid,seir,seir,1
early_seir_infected_only,1,bic,seir,sir,0
early_seir_infected_only,2,minus2_log_evidence_is,seir,seir,1
early_seir_infected_only,2,gic_evid,seir,seir,1
early_seir_infected_only,2,bic,seir,sir,0
early_seir_infected_only,3,minus2_log_evidence_is,seir,sir,0
early_seir_infected_only,3,gic_evid,seir,sir,0
early_seir_infected_only,3,bic,seir,sir,0
early_seir_infected_only,4,minus2_log_evidence_is,seir,seir,1
early_seir_infected_only,4,gic_evid,seir,seir,1
early_seir_infected_only,4,bic,seir,sir,0
early_seir_infected_only,5,minus2_log_evidence_is,seir,seir,1
early_seir_infected_only,5,gic_evid,seir,seir,1
early_seir_infected_only,5,bic,seir,sir,0
early_seir_infected_only,6,minus2_log_evidence_is,seir,seir,1
early_seir_infected_only,6,gic_evid,seir,seir,1
early_seir_infected_only,6,bic,seir,seir,1
early_seir_infected_only,7,minus2_log_evidence_is,seir,seir,1
early_seir_infected_only,7,gic_evid,seir,seir,1
early_seir_infected_only,7,bic,seir,sir,0
early_seir_infected_only,8,minus2_log_evidence_is,seir,seir,1
early_seir_infected_only,8,gic_evid,seir,seir,1
early_seir_infected_only,8,bic,seir,sir,0
early_seir_infected_only,9,minus2_log_evidence_is,seir,sir,0
early_seir_infected_only,9,gic_evid,seir,sir,0
early_seir_infected_only,9,bic,seir,sir,0
early_seir_infected_only,10,minus2_log_evidence_is,seir,sir,0
early_seir_infected_only,10,gic_evid,seir,seir,1
early_seir_infected_only,10,bic,seir,sir,0
early_seir_infected_only,11,minus2_log_evidence_is,seir,seir,1
early_seir_infected_only,11,gic_evid,seir,seir,1
early_seir_infected_only,11,bic,seir,sir,0
early_seir_infected_only,12,minus2_log_evidence_is,seir,sir,0
early_seir_infected_only,12,gic_evid,seir,sir,0
early_seir_infected_only,12,bic,seir,sir,0
early_seir_infected_only,13,minus2_log_evidence_is,seir,seir,1
early_seir_infected_only,13,gic_evid,seir,seir,1
early_seir_infected_only,13,bic,seir,sir,0
early_seir_infected_only,14,minus2_log_evidence_is,seir,sir,0
early_seir_infected_only,14,gic_evid,seir,seir,1
early_seir_infected_only,14,bic,seir,sir,0
early_seir_infected_only,15,minus2_log_evidence_is,seir,seir,1
early_seir_infected_only,15,gic_evid,seir,seir,1
early_seir_infected_only,15,bic,seir,sir,0
early_seir_infected_only,16,minus2_log_evidence_is,seir,seir,1
early_seir_infected_only,16,gic_evid,seir,seir,1
early_seir_infected_only,16,bic,seir,sir,0
early_seir_infected_only,17,minus2_log_evidence_is,seir,seir,1
early_seir_infected_only,17,gic_evid,seir,seir,1
early_seir_infected_only,17,bic,seir,sir,0
early_seir_infected_only,18,minus2_log_evidence_is,seir,sir,0
early_seir_infected_only,18,gic_evid,seir,seir,1
early_seir_infected_only,18,bic,seir,sir,0
early_seir_infected_only,19,minus2_log_evidence_is,seir,sir,0
early_seir_infected_only,19,gic_evid,seir,seir,1
early_seir_infected_only,19,bic,seir,sir,0
missing_time_varying_transmission,0,minus2_log_evidence_is,tv_sir,tv_sir,1
missing_time_varying_transmission,0,gic_evid,tv_sir,tv_sir,1
missing_time_varying_transmission,0,bic,tv_sir,tv_sir,1
missing_time_varying_transmission,1,minus2_log_evidence_is,tv_sir,tv_sir,1
missing_time_varying_transmission,1,gic_evid,tv_sir,tv_sir,1
missing_time_varying_transmission,1,bic,tv_sir,tv_sir,1
missing_time_varying_transmission,2,minus2_log_evidence_is,tv_sir,tv_sir,1
missing_time_varying_transmission,2,gic_evid,tv_sir,tv_sir,1
missing_time_varying_transmission,2,bic,tv_sir,tv_sir,1
missing_time_varying_transmission,3,minus2_log_evidence_is,tv_sir,tv_sir,1
missing_time_varying_transmission,3,gic_evid,tv_sir,tv_sir,1
missing_time_varying_transmission,3,bic,tv_sir,tv_sir,1
missing_time_varying_transmission,4,minus2_log_evidence_is,tv_sir,tv_sir,1
missing_time_varying_transmission,4,gic_evid,tv_sir,tv_sir,1
missing_time_varying_transmission,4,bic,tv_sir,tv_sir,1
missing_time_varying_transmission,5,minus2_log_evidence_is,tv_sir,tv_sir,1
missing_time_varying_transmission,5,gic_evid,tv_sir,tv_sir,1
missing_time_varying_transmission,5,bic,tv_sir,tv_sir,1
missing_time_varying_transmission,6,minus2_log_evidence_is,tv_sir,tv_sir,1
missing_time_varying_transmission,6,gic_evid,tv_sir,tv_sir,1
missing_time_varying_transmission,6,bic,tv_sir,tv_sir,1
missing_time_varying_transmission,7,minus2_log_evidence_is,tv_sir,tv_sir,1
missing_time_varying_transmission,7,gic_evid,tv_sir,tv_sir,1
missing_time_varying_transmission,7,bic,tv_sir,tv_sir,1
missing_time_varying_transmission,8,minus2_log_evidence_is,tv_sir,tv_sir,1
missing_time_varying_transmission,8,gic_evid,tv_sir,tv_sir,1
missing_time_varying_transmission,8,bic,tv_sir,tv_sir,1
missing_time_varying_transmission,9,minus2_log_evidence_is,tv_sir,tv_sir,1
missing_time_varying_transmission,9,gic_evid,tv_sir,tv_sir,1
missing_time_varying_transmission,9,bic,tv_sir,tv_sir,1
missing_time_varying_transmission,10,minus2_log_evidence_is,tv_sir,tv_sir,1
missing_time_varying_transmission,10,gic_evid,tv_sir,tv_sir,1
missing_time_varying_transmission,10,bic,tv_sir,tv_sir,1
missing_time_varying_transmission,11,minus2_log_evidence_is,tv_sir,tv_sir,1
missing_time_varying_transmission,11,gic_evid,tv_sir,tv_sir,1
missing_time_varying_transmission,11,bic,tv_sir,tv_sir,1
missing_time_varying_transmission,12,minus2_log_evidence_is,tv_sir,tv_sir,1
missing_time_varying_transmission,12,gic_evid,tv_sir,tv_sir,1
missing_time_varying_transmission,12,bic,tv_sir,tv_sir,1
missing_time_varying_transmission,13,minus2_log_evidence_is,tv_sir,tv_sir,1
missing_time_varying_transmission,13,gic_evid,tv_sir,tv_sir,1
missing_time_varying_transmission,13,bic,tv_sir,tv_sir,1
missing_time_varying_transmission,14,minus2_log_evidence_is,tv_sir,tv_sir,1
missing_time_varying_transmission,14,gic_evid,tv_sir,tv_sir,1
missing_time_varying_transmission,14,bic,tv_sir,tv_sir,1
missing_time_varying_transmission,15,minus2_log_evidence_is,tv_sir,tv_sir,1
missing_time_varying_transmission,15,gic_evid,tv_sir,tv_sir,1
missing_time_varying_transmission,15,bic,tv_sir,tv_sir,1
missing_time_varying_transmission,16,minus2_log_evidence_is,tv_sir,tv_sir,1
missing_time_varying_transmission,16,gic_evid,tv_sir,tv_sir,1
missing_time_varying_transmission,16,bic,tv_sir,tv_sir,1
missing_time_varying_transmission,17,minus2_log_evidence_is,tv_sir,tv_sir,1
missing_time_varying_transmission,17,gic_evid,tv_sir,tv_sir,1
missing_time_varying_transmission,17,bic,tv_sir,tv_sir,1
missing_time_varying_transmission,18,minus2_log_evidence_is,tv_sir,tv_sir,1
missing_time_varying_transmission,18,gic_evid,tv_sir,tv_sir,1
missing_time_varying_transmission,18,bic,tv_sir,tv_sir,1
missing_time_varying_transmission,19,minus2_log_evidence_is,tv_sir,tv_sir,1
missing_time_varying_transmission,19,gic_evid,tv_sir,tv_sir,1
missing_time_varying_transmission,19,bic,tv_sir,tv_sir,1
regular_sir_full,0,minus2_log_evidence_is,sir,sir,1
regular_sir_full,0,gic_evid,sir,sir,1
regular_sir_full,0,bic,sir,sir,1
regular_sir_full,1,minus2_log_evidence_is,sir,sir,1
regular_sir_full,1,gic_evid,sir,sir,1
regular_sir_full,1,bic,sir,sir,1
regular_sir_full,2,minus2_log_evidence_is,sir,sir,1
regular_sir_full,2,gic_evid,sir,sir,1
regular_sir_full,2,bic,sir,sir,1
regular_sir_full,3,minus2_log_evidence_is,sir,sir,1
regular_sir_full,3,gic_evid,sir,sir,1
regular_sir_full,3,bic,sir,sir,1
regular_sir_full,4,minus2_log_evidence_is,sir,sir,1
regular_sir_full,4,gic_evid,sir,sir,1
regular_sir_full,4,bic,sir,sir,1
regular_sir_full,5,minus2_log_evidence_is,sir,sir,1
regular_sir_full,5,gic_evid,sir,sir,1
regular_sir_full,5,bic,sir,sir,1
regular_sir_full,6,minus2_log_evidence_is,sir,sir,1
regular_sir_full,6,gic_evid,sir,sir,1
regular_sir_full,6,bic,sir,sir,1
regular_sir_full,7,minus2_log_evidence_is,sir,sir,1
regular_sir_full,7,gic_evid,sir,sir,1
regular_sir_full,7,bic,sir,sir,1
regular_sir_full,8,minus2_log_evidence_is,sir,sir,1
regular_sir_full,8,gic_evid,sir,sir,1
regular_sir_full,8,bic,sir,sir,1
regular_sir_full,9,minus2_log_evidence_is,sir,sir,1
regular_sir_full,9,gic_evid,sir,sir,1
regular_sir_full,9,bic,sir,tv_sir,0
regular_sir_full,10,minus2_log_evidence_is,sir,sir,1
regular_sir_full,10,gic_evid,sir,sir,1
regular_sir_full,10,bic,sir,sir,1
regular_sir_full,11,minus2_log_evidence_is,sir,sir,1
regular_sir_full,11,gic_evid,sir,sir,1
regular_sir_full,11,bic,sir,sir,1
regular_sir_full,12,minus2_log_evidence_is,sir,sir,1
regular_sir_full,12,gic_evid,sir,sir,1
regular_sir_full,12,bic,sir,sir,1
regular_sir_full,13,minus2_log_evidence_is,sir,sir,1
regular_sir_full,13,gic_evid,sir,sir,1
regular_sir_full,13,bic,sir,sir,1
regular_sir_full,14,minus2_log_evidence_is,sir,sir,1
regular_sir_full,14,gic_evid,sir,sir,1
regular_sir_full,14,bic,sir,sir,1
regular_sir_full,15,minus2_log_evidence_is,sir,sir,1
regular_sir_full,15,gic_evid,sir,sir,1
regular_sir_full,15,bic,sir,sir,1
regular_sir_full,16,minus2_log_evidence_is,sir,sir,1
regular_sir_full,16,gic_evid,sir,sir,1
regular_sir_full,16,bic,sir,sir,1
regular_sir_full,17,minus2_log_evidence_is,sir,sir,1
regular_sir_full,17,gic_evid,sir,sir,1
regular_sir_full,17,bic,sir,sir,1
regular_sir_full,18,minus2_log_evidence_is,sir,sir,1
regular_sir_full,18,gic_evid,sir,sir,1
regular_sir_full,18,bic,sir,sir,1
regular_sir_full,19,minus2_log_evidence_is,sir,sir,1
regular_sir_full,19,gic_evid,sir,sir,1
regular_sir_full,19,bic,sir,sir,1
