study,seed,criterion,truth,selected,correct
biochemical_haldane,0,aic,haldane,haldane,1
biochemical_haldane,0,aicc,haldane,haldane,1
biochemical_haldane,0,bic,haldane,haldane,1
biochemical_haldane,0,gic_eff,haldane,haldane,1
biochemical_haldane,0,gic_vol_050,haldane,haldane,1
biochemical_haldane,0,ogic_e,haldane,haldane,1
biochemical_haldane,1,aic,haldane,haldane,1
biochemical_haldane,1,aicc,haldane,haldane,1
biochemical_haldane,1,bic,haldane,haldane,1
biochemical_haldane,1,gic_eff,haldane,haldane,1
biochemical_haldane,1,gic_vol_050,haldane,haldane,1
biochemical_haldane,1,ogic_e,haldane,haldane,1
biochemical_haldane,2,aic,haldane,haldane,1
biochemical_haldane,2,aicc,haldane,haldane,1
biochemical_haldane,2,bic,haldane,haldane,1
biochemical_haldane,2,gic_eff,haldane,haldane,1
biochemical_haldane,2,gic_vol_050,haldane,haldane,1
biochemical_haldane,2,ogic_e,haldane,haldane,1
biochemical_haldane,3,aic,haldane,haldane,1
biochemical_haldane,3,aicc,haldane,haldane,1
biochemical_haldane,3,bic,haldane,haldane,1
biochemical_haldane,3,gic_eff,haldane,haldane,1
biochemical_haldane,3,gic_vol_050,haldane,haldane,1
biochemical_haldane,3,ogic_e,haldane,haldane,1
biochemical_haldane,4,aic,haldane,haldane,1
biochemical_haldane,4,aicc,haldane,haldane,1
biochemical_haldane,4,bic,haldane,haldane,1
biochemical_haldane,4,gic_eff,haldane,haldane,1
biochemical_haldane,4,gic_vol_050,haldane,haldane,1
biochemical_haldane,4,ogic_e,haldane,haldane,1
biochemical_haldane,5,aic,haldane,haldane,1
biochemical_haldane,5,aicc,haldane,haldane,1
biochemical_haldane,5,bic,haldane,haldane,1
biochemical_haldane,5,gic_eff,haldane,haldane,1
biochemical_haldane,5,gic_vol_050,haldane,haldane,1
biochemical_haldane,5,ogic_e,haldane,haldane,1
biochemical_haldane,6,aic,haldane,haldane,1
biochemical_haldane,6,aicc,haldane,haldane,1
biochemical_haldane,6,bic,haldane,haldane,1
biochemical_haldane,6,gic_eff,haldane,haldane,1
biochemical_haldane,6,gic_vol_050,haldane,haldane,1
biochemical_haldane,6,ogic_e,haldane,haldane,1
biochemical_haldane,7,aic,haldane,haldane,1
biochemical_haldane,7,aicc,haldane,haldane,1
biochemical_haldane,7,bic,haldane,haldane,1
biochemical_haldane,7,gic_eff,haldane,haldane,1
biochemical_haldane,7,gic_vol_050,haldane,haldane,1
biochemical_haldane,7,ogic_e,haldane,haldane,1
biochemical_haldane,8,aic,haldane,haldane,1
biochemical_haldane,8,aicc,haldane,haldane,1
biochemical_haldane,8,bic,haldane,haldane,1
biochemical_haldane,8,gic_eff,haldane,ude_mm,0
biochemical_haldane,8,gic_vol_050,haldane,ude_mm,0
biochemical_haldane,8,ogic_e,haldane,haldane,1
biochemical_haldane,9,aic,haldane,haldane,1
biochemical_haldane,9,aicc,haldane,haldane,1
biochemical_haldane,9,bic,haldane,haldane,1
biochemical_haldane,9,gic_eff,haldane,haldane,1
biochemical_haldane,9,gic_vol_050,haldane,haldane,1
biochemical_haldane,9,ogic_e,haldane,haldane,1
biochemical_haldane,10,aic,haldane,haldane,1
biochemical_haldane,10,aicc,haldane,haldane,1
biochemical_haldane,10,bic,haldane,haldane,1
biochemical_haldane,10,gic_eff,haldane,haldane,1
biochemical_haldane,10,gic_vol_050,haldane,haldane,1
biochemical_haldane,10,ogic_e,haldane,haldane,1
biochemical_haldane,11,aic,haldane,haldane,1
biochemical_haldane,11,aicc,haldane,haldane,1
biochemical_haldane,11,bic,haldane,haldane,1
biochemical_haldane,11,gic_eff,haldane,haldane,1
biochemical_haldane,11,gic_vol_050,haldane,haldane,1
biochemical_haldane,11,ogic_e,haldane,haldane,1
biochemical_haldane,12,aic,haldane,haldane,1
biochemical_haldane,12,aicc,haldane,haldane,1
biochemical_haldane,12,bic,haldane,haldane,1
biochemical_haldane,12,gic_eff,haldane,ude_mm,0
biochemical_haldane,12,gic_vol_050,haldane,haldane,1
biochemical_haldane,12,ogic_e,haldane,haldane,1
biochemical_haldane,13,aic,haldane,haldane,1
biochemical_haldane,13,aicc,haldane,haldane,1
biochemical_haldane,13,bic,haldane,haldane,1
biochemical_haldane,13,gic_eff,haldane,haldane,1
biochemical_haldane,13,gic_vol_050,haldane,haldane,1
biochemical_haldane,13,ogic_e,haldane,haldane,1
biochemical_haldane,14,aic,haldane,haldane,1
biochemical_haldane,14,aicc,haldane,haldane,1
biochemical_haldane,14,bic,haldane,haldane,1
biochemical_haldane,14,gic_eff,haldane,ude_mm,0
biochemical_haldane,14,gic_vol_050,haldane,haldane,1
biochemical_haldane,14,ogic_e,haldane,haldane,1
biochemical_haldane,15,aic,haldane,haldane,1
biochemical_haldane,15,aicc,haldane,haldane,1
biochemical_haldane,15,bic,haldane,haldane,1
biochemical_haldane,15,gic_eff,haldane,haldane,1
biochemical_haldane,15,gic_vol_050,haldane,haldane,1
biochemical_haldane,15,ogic_e,haldane,haldane,1
biochemical_haldane,16,aic,haldane,haldane,1
biochemical_haldane,16,aicc,haldane,haldane,1
biochemical_haldane,16,bic,haldane,haldane,1
biochemical_haldane,16,gic_eff,haldane,haldane,1
biochemical_haldane,16,gic_vol_050,haldane,haldane,1
biochemical_haldane,16,ogic_e,haldane,haldane,1
biochemical_haldane,17,aic,haldane,haldane,1
biochemical_haldane,17,aicc,haldane,haldane,1
biochemical_haldane,17,bic,haldane,haldane,1
biochemical_haldane,17,gic_eff,haldane,ude_mm,0
biochemical_haldane,17,gic_vol_050,haldane,ude_mm,0
biochemical_haldane,17,ogic_e,haldane,haldane,1
biochemical_haldane,18,aic,haldane,haldane,1
biochemical_haldane,18,aicc,haldane,haldane,1
biochemical_haldane,18,bic,haldane,haldane,1
biochemical_haldane,18,gic_eff,haldane,ude_mm,0
biochemical_haldane,18,gic_vol_050,haldane,haldane,1
biochemical_haldane,18,ogic_e,haldane,haldane,1
biochemical_haldane,19,aic,haldane,haldane,1
biochemical_haldane,19,aicc,haldane,haldane,1
biochemical_haldane,19,bic,haldane,haldane,1
biochemical_haldane,19,gic_eff,haldane,ude_mm,0
biochemical_haldane,19,gic_vol_050,haldane,haldane,1
biochemical_haldane,19,ogic_e,haldane,haldane,1
biochemical_haldane,20,aic,haldane,haldane,1
biochemical_haldane,20,aicc,haldane,haldane,1
biochemical_haldane,20,bic,haldane,haldane,1
biochemical_haldane,20,gic_eff,haldane,haldane,1
biochemical_haldane,20,gic_vol_050,haldane,haldane,1
biochemical_haldane,20,ogic_e,haldane,haldane,1
biochemical_haldane,21,aic,haldane,haldane,1
biochemical_haldane,21,aicc,haldane,haldane,1
biochemical_haldane,21,bic,haldane,haldane,1
biochemical_haldane,21,gic_eff,haldane,haldane,1
biochemical_haldane,21,gic_vol_050,haldane,haldane,1
biochemical_haldane,21,ogic_e,haldane,haldane,1
biochemical_haldane,22,aic,haldane,haldane,1
biochemical_haldane,22,aicc,haldane,haldane,1
biochemical_haldane,22,bic,haldane,haldane,1
biochemical_haldane,22,gic_eff,haldane,haldane,1
biochemical_haldane,22,gic_vol_050,haldane,haldane,1
biochemical_haldane,22,ogic_e,haldane,haldane,1
biochemical_haldane,23,aic,haldane,haldane,1
biochemical_haldane,23,aicc,haldane,haldane,1
biochemical_haldane,23,bic,haldane,haldane,1
biochemical_haldane,23,gic_eff,haldane,haldane,1
biochemical_haldane,23,gic_vol_050,haldane,haldane,1
biochemical_haldane,23,ogic_e,haldane,haldane,1
biochemical_haldane,24,aic,haldane,haldane,1
biochemical_haldane,24,aicc,haldane,haldane,1
biochemical_haldane,24,bic,haldane,haldane,1
biochemical_haldane,24,gic_eff,haldane,haldane,1
biochemical_haldane,24,gic_vol_050,haldane,haldane,1
biochemical_haldane,24,ogic_e,haldane,haldane,1
biochemical_haldane,25,aic,haldane,haldane,1
biochemical_haldane,25,aicc,haldane,haldane,1
biochemical_haldane,25,bic,haldane,haldane,1
biochemical_haldane,25,gic_eff,haldane,haldane,1
biochemical_haldane,25,gic_vol_050,haldane,haldane,1
biochemical_haldane,25,ogic_e,haldane,haldane,1
biochemical_haldane,26,aic,haldane,haldane,1
biochemical_haldane,26,aicc,haldane,haldane,1
biochemical_haldane,26,bic,haldane,haldane,1
biochemical_haldane,26,gic_eff,haldane,haldane,1
biochemical_haldane,26,gic_vol_050,haldane,haldane,1
biochemical_haldane,26,ogic_e,haldane,haldane,1
biochemical_haldane,27,aic,haldane,haldane,1
biochemical_haldane,27,aicc,haldane,haldane,1
biochemical_haldane,27,bic,haldane,haldane,1
biochemical_haldane,27,gic_eff,haldane,ude_mm,0
biochemical_haldane,27,gic_vol_050,haldane,haldane,1
biochemical_haldane,27,ogic_e,haldane,haldane,1
biochemical_haldane,28,aic,haldane,haldane,1
biochemical_haldane,28,aicc,haldane,haldane,1
biochemical_haldane,28,bic,haldane,haldane,1
biochemical_haldane,28,gic_eff,haldane,ude_mm,0
biochemical_haldane,28,gic_vol_050,haldane,haldane,1
biochemical_haldane,28,ogic_e,haldane,haldane,1
biochemical_haldane,29,aic,haldane,haldane,1
biochemical_haldane,29,aicc,haldane,haldane,1
biochemical_haldane,29,bic,haldane,haldane,1
biochemical_haldane,29,gic_eff,haldane,haldane,1
biochemical_haldane,29,gic_vol_050,haldane,haldane,1
biochemical_haldane,29,ogic_e,haldane,haldane,1
biochemical_ude,0,aic,ude_mm,mm,0
biochemical_ude,0,aicc,ude_mm,mm,0
biochemical_ude,0,bic,ude_mm,mm,0
biochemical_ude,0,gic_eff,ude_mm,ude_mm,1
biochemical_ude,0,gic_vol_050,ude_mm,ude_mm,1
biochemical_ude,0,ogic_e,ude_mm,ude_mm,1
biochemical_ude,1,aic,ude_mm,mm,0
biochemical_ude,1,aicc,ude_mm,mm,0
biochemical_ude,1,bic,ude_mm,mm,0
biochemical_ude,1,gic_eff,ude_mm,mm,0
biochemical_ude,1,gic_vol_050,ude_mm,mm,0
biochemical_ude,1,ogic_e,ude_mm,mm,0
biochemical_ude,2,aic,ude_mm,mm,0
biochemical_ude,2,aicc,ude_mm,mm,0
biochemical_ude,2,bic,ude_mm,mm,0
biochemical_ude,2,gic_eff,ude_mm,mm,0
biochemical_ude,2,gic_vol_050,ude_mm,mm,0
biochemical_ude,2,ogic_e,ude_mm,mm,0
biochemical_ude,3,aic,ude_mm,mm,0
biochemical_ude,3,aicc,ude_mm,mm,0
biochemical_ude,3,bic,ude_mm,mm,0
biochemical_ude,3,gic_eff,ude_mm,mm,0
biochemical_ude,3,gic_vol_050,ude_mm,mm,0
biochemical_ude,3,ogic_e,ude_mm,mm,0
biochemical_ude,4,aic,ude_mm,mm,0
biochemical_ude,4,aicc,ude_mm,mm,0
biochemical_ude,4,bic,ude_mm,mm,0
biochemical_ude,4,gic_eff,ude_mm,ude_mm,1
biochemical_ude,4,gic_vol_050,ude_mm,ude_mm,1
biochemical_ude,4,ogic_e,ude_mm,mm,0
biochemical_ude,5,aic,ude_mm,mm,0
biochemical_ude,5,aicc,ude_mm,mm,0
biochemical_ude,5,bic,ude_mm,mm,0
biochemical_ude,5,gic_eff,ude_mm,ude_mm,1
biochemical_ude,5,gic_vol_050,ude_mm,ude_mm,1
biochemical_ude,5,ogic_e,ude_mm,ude_mm,1
biochemical_ude,6,aic,ude_mm,mm,0
biochemical_ude,6,aicc,ude_mm,mm,0
biochemical_ude,6,bic,ude_mm,mm,0
biochemical_ude,6,gic_eff,ude_mm,ude_mm,1
biochemical_ude,6,gic_vol_050,ude_mm,ude_mm,1
biochemical_ude,6,ogic_e,ude_mm,ude_mm,1
biochemical_ude,7,aic,ude_mm,mm,0
biochemical_ude,7,aicc,ude_mm,mm,0
biochemical_ude,7,bic,ude_mm,mm,0
biochemical_ude,7,gic_eff,ude_mm,ude_mm,1
biochemical_ude,7,gic_vol_050,ude_mm,ude_mm,1
biochemical_ude,7,ogic_e,ude_mm,mm,0
biochemical_ude,8,aic,ude_mm,mm,0
biochemical_ude,8,aicc,ude_mm,mm,0
biochemical_ude,8,bic,ude_mm,mm,0
biochemical_ude,8,gic_eff,ude_mm,haldane,0
biochemical_ude,8,gic_vol_050,ude_mm,haldane,0
biochemical_ude,8,ogic_e,ude_mm,mm,0
biochemical_ude,9,aic,ude_mm,mm,0
biochemical_ude,9,aicc,ude_mm,mm,0
biochemical_ude,9,bic,ude_mm,mm,0
biochemical_ude,9,gic_eff,ude_mm,ude_mm,1
biochemical_ude,9,gic_vol_050,ude_mm,mm,0
biochemical_ude,9,ogic_e,ude_mm,mm,0
biochemical_ude,10,aic,ude_mm,mm,0
biochemical_ude,10,aicc,ude_mm,mm,0
biochemical_ude,10,bic,ude_mm,mm,0
biochemical_ude,10,gic_eff,ude_mm,ude_mm,1
biochemical_ude,10,gic_vol_050,ude_mm,ude_mm,1
biochemical_ude,10,ogic_e,ude_mm,ude_mm,1
biochemical_ude,11,aic,ude_mm,neural_rate,0
biochemical_ude,11,aicc,ude_mm,mm,0
biochemical_ude,11,bic,ude_mm,mm,0
biochemical_ude,11,gic_eff,ude_mm,neural_rate,0
biochemical_ude,11,gic_vol_050,ude_mm,ude_mm,1
biochemical_ude,11,ogic_e,ude_mm,ude_mm,1
biochemical_ude,12,aic,ude_mm,mm,0
biochemical_ude,12,aicc,ude_mm,mm,0
biochemical_ude,12,bic,ude_mm,mm,0
biochemical_ude,12,gic_eff,ude_mm,mm,0
biochemical_ude,12,gic_vol_050,ude_mm,mm,0
biochemical_ude,12,ogic_e,ude_mm,mm,0
biochemical_ude,13,aic,ude_mm,mm,0
biochemical_ude,13,aicc,ude_mm,mm,0
biochemical_ude,13,bic,ude_mm,mm,0
biochemical_ude,13,gic_eff,ude_mm,mm,0
biochemical_ude,13,gic_vol_050,ude_mm,mm,0
biochemical_ude,13,ogic_e,ude_mm,mm,0
biochemical_ude,14,aic,ude_mm,mm,0
biochemical_ude,14,aicc,ude_mm,mm,0
biochemical_ude,14,bic,ude_mm,mm,0
biochemical_ude,14,gic_eff,ude_mm,ude_mm,1
biochemical_ude,14,gic_vol_050,ude_mm,ude_mm,1
biochemical_ude,14,ogic_e,ude_mm,ude_mm,1
biochemical_ude,15,aic,ude_mm,mm,0
biochemical_ude,15,aicc,ude_mm,mm,0
biochemical_ude,15,bic,ude_mm,mm,0
biochemical_ude,15,gic_eff,ude_mm,ude_mm,1
biochemical_ude,15,gic_vol_050,ude_mm,ude_mm,1
biochemical_ude,15,ogic_e,ude_mm,ude_mm,1
biochemical_ude,16,aic,ude_mm,mm,0
biochemical_ude,16,aicc,ude_mm,mm,0
biochemical_ude,16,bic,ude_mm,mm,0
biochemical_ude,16,gic_eff,ude_mm,ude_mm,1
biochemical_ude,16,gic_vol_050,ude_mm,ude_mm,1
biochemical_ude,16,ogic_e,ude_mm,ude_mm,1
biochemical_ude,17,aic,ude_mm,mm,0
biochemical_ude,17,aicc,ude_mm,mm,0
biochemical_ude,17,bic,ude_mm,mm,0
biochemical_ude,17,gic_eff,ude_mm,ude_mm,1
biochemical_ude,17,gic_vol_050,ude_mm,mm,0
biochemical_ude,17,ogic_e,ude_mm,mm,0
biochemical_ude,18,aic,ude_mm,mm,0
biochemical_ude,18,aicc,ude_mm,mm,0
biochemical_ude,18,bic,ude_mm,mm,0
biochemical_ude,18,gic_eff,ude_mm,mm,0
biochemical_ude,18,gic_vol_050,ude_mm,mm,0
biochemical_ude,18,ogic_e,ude_mm,mm,0
biochemical_ude,19,aic,ude_mm,mm,0
biochemical_ude,19,aicc,ude_mm,mm,0
biochemical_ude,19,bic,ude_mm,mm,0
biochemical_ude,19,gic_eff,ude_mm,ude_mm,1
biochemical_ude,19,gic_vol_050,ude_mm,mm,0
biochemical_ude,19,ogic_e,ude_mm,mm,0
biochemical_ude,20,aic,ude_mm,mm,0
biochemical_ude,20,aicc,ude_mm,mm,0
biochemical_ude,20,bic,ude_mm,mm,0
biochemical_ude,20,gic_eff,ude_mm,ude_mm,1
biochemical_ude,20,gic_vol_050,ude_mm,mm,0
biochemical_ude,20,ogic_e,ude_mm,mm,0
biochemical_ude,21,aic,ude_mm,mm,0
biochemical_ude,21,aicc,ude_mm,mm,0
biochemical_ude,21,bic,ude_mm,mm,0
biochemical_ude,21,gic_eff,ude_mm,mm,0
biochemical_ude,21,gic_vol_050,ude_mm,mm,0
biochemical_ude,21,ogic_e,ude_mm,mm,0
biochemical_ude,22,aic,ude_mm,mm,0
biochemical_ude,22,aicc,ude_mm,mm,0
biochemical_ude,22,bic,ude_mm,mm,0
biochemical_ude,22,gic_eff,ude_mm,mm,0
biochemical_ude,22,gic_vol_050,ude_mm,mm,0
biochemical_ude,22,ogic_e,ude_mm,mm,0
biochemical_ude,23,aic,ude_mm,mm,0
biochemical_ude,23,aicc,ude_mm,mm,0
biochemical_ude,23,bic,ude_mm,mm,0
biochemical_ude,23,gic_eff,ude_mm,mm,0
biochemical_ude,23,gic_vol_050,ude_mm,mm,0
biochemical_ude,23,ogic_e,ude_mm,mm,0
biochemical_ude,24,aic,ude_mm,mm,0
biochemical_ude,24,aicc,ude_mm,mm,0
biochemical_ude,24,bic,ude_mm,mm,0
biochemical_ude,24,gic_eff,ude_mm,mm,0
biochemical_ude,24,gic_vol_050,ude_mm,mm,0
biochemical_ude,24,ogic_e,ude_mm,mm,0
biochemical_ude,25,aic,ude_mm,mm,0
biochemical_ude,25,aicc,ude_mm,mm,0
biochemical_ude,25,bic,ude_mm,mm,0
biochemical_ude,25,gic_eff,ude_mm,mm,0
biochemical_ude,25,gic_vol_050,ude_mm,mm,0
biochemical_ude,25,ogic_e,ude_mm,mm,0
biochemical_ude,26,aic,ude_mm,mm,0
biochemical_ude,26,aicc,ude_mm,mm,0
biochemical_ude,26,bic,ude_mm,mm,0
biochemical_ude,26,gic_eff,ude_mm,mm,0
biochemical_ude,26,gic_vol_050,ude_mm,mm,0
biochemical_ude,26,ogic_e,ude_mm,mm,0
biochemical_ude,27,aic,ude_mm,mm,0
biochemical_ude,27,aicc,ude_mm,mm,0
biochemical_ude,27,bic,ude_mm,mm,0
biochemical_ude,27,gic_eff,ude_mm,ude_mm,1
biochemical_ude,27,gic_vol_050,ude_mm,ude_mm,1
biochemical_ude,27,ogic_e,ude_mm,ude_mm,1
biochemical_ude,28,aic,ude_mm,mm,0
biochemical_ude,28,aicc,ude_mm,mm,0
biochemical_ude,28,bic,ude_mm,mm,0
biochemical_ude,28,gic_eff,ude_mm,ude_mm,1
biochemical_ude,28,gic_vol_050,ude_mm,ude_mm,1
biochemical_ude,28,ogic_e,ude_mm,ude_mm,1
biochemical_ude,29,aic,ude_mm,mm,0
biochemical_ude,29,aicc,ude_mm,mm,0
biochemical_ude,29,bic,ude_mm,mm,0
biochemical_ude,29,gic_eff,ude_mm,ude_mm,1
biochemical_ude,29,gic_vol_050,ude_mm,ude_mm,1
biochemical_ude,29,ogic_e,ude_mm,ude_mm,1
ecology_rm,0,aic,rm,rm,1
ecology_rm,0,aicc,rm,rm,1
ecology_rm,0,bic,rm,rm,1
ecology_rm,0,gic_eff,rm,rm,1
ecology_rm,0,gic_vol_050,rm,rm,1
ecology_rm,0,ogic_e,rm,rm,1
ecology_rm,1,aic,rm,rm,1
ecology_rm,1,aicc,rm,rm,1
ecology_rm,1,bic,rm,rm,1
ecology_rm,1,gic_eff,rm,rm,1
ecology_rm,1,gic_vol_050,rm,rm,1
ecology_rm,1,ogic_e,rm,rm,1
ecology_rm,2,aic,rm,rm,1
ecology_rm,2,aicc,rm,rm,1
ecology_rm,2,bic,rm,rm,1
ecology_rm,2,gic_eff,rm,rm,1
ecology_rm,2,gic_vol_050,rm,rm,1
ecology_rm,2,ogic_e,rm,rm,1
ecology_rm,3,aic,rm,rm,1
ecology_rm,3,aicc,rm,rm,1
ecology_rm,3,bic,rm,rm,1
ecology_rm,3,gic_eff,rm,rm,1
ecology_rm,3,gic_vol_050,rm,rm,1
ecology_rm,3,ogic_e,rm,rm,1
ecology_rm,4,aic,rm,rm,1
ecology_rm,4,aicc,rm,rm,1
ecology_rm,4,bic,rm,rm,1
ecology_rm,4,gic_eff,rm,rm,1
ecology_rm,4,gic_vol_050,rm,rm,1
ecology_rm,4,ogic_e,rm,rm,1
ecology_rm,5,aic,rm,rm,1
ecology_rm,5,aicc,rm,rm,1
ecology_rm,5,bic,rm,rm,1
ecology_rm,5,gic_eff,rm,rm,1
ecology_rm,5,gic_vol_050,rm,rm,1
ecology_rm,5,ogic_e,rm,rm,1
ecology_rm,6,aic,rm,rm,1
ecology_rm,6,aicc,rm,rm,1
ecology_rm,6,bic,rm,rm,1
ecology_rm,6,gic_eff,rm,rm,1
ecology_rm,6,gic_vol_050,rm,rm,1
ecology_rm,6,ogic_e,rm,rm,1
ecology_rm,7,aic,rm,rm,1
ecology_rm,7,aicc,rm,rm,1
ecology_rm,7,bic,rm,rm,1
ecology_rm,7,gic_eff,rm,rm,1
ecology_rm,7,gic_vol_050,rm,rm,1
ecology_rm,7,ogic_e,rm,rm,1
ecology_rm,8,aic,rm,rm,1
ecology_rm,8,aicc,rm,rm,1
ecology_rm,8,bic,rm,rm,1
ecology_rm,8,gic_eff,rm,rm,1
ecology_rm,8,gic_vol_050,rm,rm,1
ecology_rm,8,ogic_e,rm,rm,1
ecology_rm,9,aic,rm,rm,1
ecology_rm,9,aicc,rm,rm,1
ecology_rm,9,bic,rm,rm,1
ecology_rm,9,gic_eff,rm,rm,1
ecology_rm,9,gic_vol_050,rm,rm,1
ecology_rm,9,ogic_e,rm,rm,1
ecology_rm,10,aic,rm,rm,1
ecology_rm,10,aicc,rm,rm,1
ecology_rm,10,bic,rm,rm,1
ecology_rm,10,gic_eff,rm,rm,1
ecology_rm,10,gic_vol_050,rm,rm,1
ecology_rm,10,ogic_e,rm,rm,1
ecology_rm,11,aic,rm,rm,1
ecology_rm,11,aicc,rm,rm,1
ecology_rm,11,bic,rm,rm,1
ecology_rm,11,gic_eff,rm,rm,1
ecology_rm,11,gic_vol_050,rm,rm,1
ecology_rm,11,ogic_e,rm,rm,1
ecology_rm,12,aic,rm,rm,1
ecology_rm,12,aicc,rm,rm,1
ecology_rm,12,bic,rm,rm,1
ecology_rm,12,gic_eff,rm,rm,1
ecology_rm,12,gic_vol_050,rm,rm,1
ecology_rm,12,ogic_e,rm,rm,1
ecology_rm,13,aic,rm,rm,1
ecology_rm,13,aicc,rm,rm,1
ecology_rm,13,bic,rm,rm,1
ecology_rm,13,gic_eff,rm,rm,1
ecology_rm,13,gic_vol_050,rm,rm,1
ecology_rm,13,ogic_e,rm,rm,1
ecology_rm,14,aic,rm,rm,1
ecology_rm,14,aicc,rm,rm,1
ecology_rm,14,bic,rm,rm,1
ecology_rm,14,gic_eff,rm,rm,1
ecology_rm,14,gic_vol_050,rm,rm,1
ecology_rm,14,ogic_e,rm,rm,1
ecology_rm,15,aic,rm,rm,1
ecology_rm,15,aicc,rm,rm,1
ecology_rm,15,bic,rm,rm,1
ecology_rm,15,gic_eff,rm,rm,1
ecology_rm,15,gic_vol_050,rm,rm,1
ecology_rm,15,ogic_e,rm,rm,1
ecology_rm,16,aic,rm,rm,1
ecology_rm,16,aicc,rm,rm,1
ecology_rm,16,bic,rm,rm,1
ecology_rm,16,gic_eff,rm,rm,1
ecology_rm,16,gic_vol_050,rm,rm,1
ecology_rm,16,ogic_e,rm,rm,1
ecology_rm,17,aic,rm,rm,1
ecology_rm,17,aicc,rm,rm,1
ecology_rm,17,bic,rm,rm,1
ecology_rm,17,gic_eff,rm,rm,1
ecology_rm,17,gic_vol_050,rm,rm,1
ecology_rm,17,ogic_e,rm,rm,1
ecology_rm,18,aic,rm,rm,1
ecology_rm,18,aicc,rm,rm,1
ecology_rm,18,bic,rm,rm,1
ecology_rm,18,gic_eff,rm,rm,1
ecology_rm,18,gic_vol_050,rm,rm,1
ecology_rm,18,ogic_e,rm,rm,1
ecology_rm,19,aic,rm,rm,1
ecology_rm,19,aicc,rm,rm,1
ecology_rm,19,bic,rm,rm,1
ecology_rm,19,gic_eff,rm,rm,1
ecology_rm,19,gic_vol_050,rm,rm,1
ecology_rm,19,ogic_e,rm,rm,1
ecology_rm,20,aic,rm,rm,1
ecology_rm,20,aicc,rm,rm,1
ecology_rm,20,bic,rm,rm,1
ecology_rm,20,gic_eff,rm,rm,1
ecology_rm,20,gic_vol_050,rm,rm,1
ecology_rm,20,ogic_e,rm,rm,1
ecology_rm,21,aic,rm,rm,1
ecology_rm,21,aicc,rm,rm,1
ecology_rm,21,bic,rm,rm,1
ecology_rm,21,gic_eff,rm,rm,1
ecology_rm,21,gic_vol_050,rm,rm,1
ecology_rm,21,ogic_e,rm,rm,1
ecology_rm,22,aic,rm,rm,1
ecology_rm,22,aicc,rm,rm,1
ecology_rm,22,bic,rm,rm,1
ecology_rm,22,gic_eff,rm,rm,1
ecology_rm,22,gic_vol_050,rm,rm,1
ecology_rm,22,ogic_e,rm,rm,1
ecology_rm,23,aic,rm,rm,1
ecology_rm,23,aicc,rm,rm,1
ecology_rm,23,bic,rm,rm,1
ecology_rm,23,gic_eff,rm,rm,1
ecology_rm,23,gic_vol_050,rm,rm,1
ecology_rm,23,ogic_e,rm,rm,1
ecology_rm,24,aic,rm,rm,1
ecology_rm,24,aicc,rm,rm,1
ecology_rm,24,bic,rm,rm,1
ecology_rm,24,gic_eff,rm,rm,1
ecology_rm,24,gic_vol_050,rm,rm,1
ecology_rm,24,ogic_e,rm,rm,1
ecology_rm,25,aic,rm,rm,1
ecology_rm,25,aicc,rm,rm,1
ecology_rm,25,bic,rm,rm,1
ecology_rm,25,gic_eff,rm,rm,1
ecology_rm,25,gic_vol_050,rm,rm,1
ecology_rm,25,ogic_e,rm,rm,1
ecology_rm,26,aic,rm,rm,1
ecology_rm,26,aicc,rm,rm,1
ecology_rm,26,bic,rm,rm,1
ecology_rm,26,gic_eff,rm,rm,1
ecology_rm,26,gic_vol_050,rm,rm,1
ecology_rm,26,ogic_e,rm,rm,1
ecology_rm,27,aic,rm,rm,1
ecology_rm,27,aicc,rm,rm,1
ecology_rm,27,bic,rm,rm,1
ecology_rm,27,gic_eff,rm,rm,1
ecology_rm,27,gic_vol_050,rm,rm,1
ecology_rm,27,ogic_e,rm,rm,1
ecology_rm,28,aic,rm,rm,1
ecology_rm,28,aicc,rm,rm,1
ecology_rm,28,bic,rm,rm,1
ecology_rm,28,gic_eff,rm,rm,1
ecology_rm,28,gic_vol_050,rm,rm,1
ecology_rm,28,ogic_e,rm,rm,1
ecology_rm,29,aic,rm,rm,1
ecology_rm,29,aicc,rm,rm,1
ecology_rm,29,bic,rm,rm,1
ecology_rm,29,gic_eff,rm,rm,1
ecology_rm,29,gic_vol_050,rm,rm,1
ecology_rm,29,ogic_e,rm,rm,1
fhn_standard,0,aic,fhn,fhn,1
fhn_standard,0,aicc,fhn,fhn,1
fhn_standard,0,bic,fhn,fhn,1
fhn_standard,0,gic_eff,fhn,fhn,1
fhn_standard,0,gic_vol_050,fhn,fhn,1
fhn_standard,0,ogic_e,fhn,fhn,1
fhn_standard,1,aic,fhn,fhn,1
fhn_standard,1,aicc,fhn,fhn,1
fhn_standard,1,bic,fhn,fhn,1
fhn_standard,1,gic_eff,fhn,fhn,1
fhn_standard,1,gic_vol_050,fhn,fhn,1
fhn_standard,1,ogic_e,fhn,fhn,1
fhn_standard,2,aic,fhn,fhn,1
fhn_standard,2,aicc,fhn,fhn,1
fhn_standard,2,bic,fhn,fhn,1
fhn_standard,2,gic_eff,fhn,fhn,1
fhn_standard,2,gic_vol_050,fhn,fhn,1
fhn_standard,2,ogic_e,fhn,fhn,1
fhn_standard,3,aic,fhn,fhn,1
fhn_standard,3,aicc,fhn,fhn,1
fhn_standard,3,bic,fhn,fhn,1
fhn_standard,3,gic_eff,fhn,fhn,1
fhn_standard,3,gic_vol_050,fhn,fhn,1
fhn_standard,3,ogic_e,fhn,fhn,1
fhn_standard,4,aic,fhn,fhn,1
fhn_standard,4,aicc,fhn,fhn,1
fhn_standard,4,bic,fhn,fhn,1
fhn_standard,4,gic_eff,fhn,fhn,1
fhn_standard,4,gic_vol_050,fhn,fhn,1
fhn_standard,4,ogic_e,fhn,fhn,1
fhn_standard,5,aic,fhn,fhn,1
fhn_standard,5,aicc,fhn,fhn,1
fhn_standard,5,bic,fhn,fhn,1
fhn_standard,5,gic_eff,fhn,fhn,1
fhn_standard,5,gic_vol_050,fhn,fhn,1
fhn_standard,5,ogic_e,fhn,fhn,1
fhn_standard,6,aic,fhn,fhn,1
fhn_standard,6,aicc,fhn,fhn,1
fhn_standard,6,bic,fhn,fhn,1
fhn_standard,6,gic_eff,fhn,fhn,1
fhn_standard,6,gic_vol_050,fhn,fhn,1
fhn_standard,6,ogic_e,fhn,fhn,1
fhn_standard,7,aic,fhn,fhn,1
fhn_standard,7,aicc,fhn,fhn,1
fhn_standard,7,bic,fhn,fhn,1
fhn_standard,7,gic_eff,fhn,fhn,1
fhn_standard,7,gic_vol_050,fhn,fhn,1
fhn_standard,7,ogic_e,fhn,fhn,1
fhn_standard,8,aic,fhn,fhn,1
fhn_standard,8,aicc,fhn,fhn,1
fhn_standard,8,bic,fhn,fhn,1
fhn_standard,8,gic_eff,fhn,fhn,1
fhn_standard,8,gic_vol_050,fhn,fhn,1
fhn_standard,8,ogic_e,fhn,fhn,1
fhn_standard,9,aic,fhn,fhn,1
fhn_standard,9,aicc,fhn,fhn,1
fhn_standard,9,bic,fhn,fhn,1
fhn_standard,9,gic_eff,fhn,fhn,1
fhn_standard,9,gic_vol_050,fhn,fhn,1
fhn_standard,9,ogic_e,fhn,fhn,1
fhn_standard,10,aic,fhn,fhn,1
fhn_standard,10,aicc,fhn,fhn,1
fhn_standard,10,bic,fhn,fhn,1
fhn_standard,10,gic_eff,fhn,fhn,1
fhn_standard,10,gic_vol_050,fhn,fhn,1
fhn_standard,10,ogic_e,fhn,fhn,1
fhn_standard,11,aic,fhn,tv_fhn,0
fhn_standard,11,aicc,fhn,fhn,1
fhn_standard,11,bic,fhn,fhn,1
fhn_standard,11,gic_eff,fhn,fhn,1
fhn_standard,11,gic_vol_050,fhn,fhn,1
fhn_standard,11,ogic_e,fhn,fhn,1
fhn_standard,12,aic,fhn,fhn,1
fhn_standard,12,aicc,fhn,fhn,1
fhn_standard,12,bic,fhn,fhn,1
fhn_standard,12,gic_eff,fhn,fhn,1
fhn_standard,12,gic_vol_050,fhn,fhn,1
fhn_standard,12,ogic_e,fhn,fhn,1
fhn_standard,13,aic,fhn,fhn,1
fhn_standard,13,aicc,fhn,fhn,1
fhn_standard,13,bic,fhn,fhn,1
fhn_standard,13,gic_eff,fhn,fhn,1
fhn_standard,13,gic_vol_050,fhn,fhn,1
fhn_standard,13,ogic_e,fhn,fhn,1
fhn_standard,14,aic,fhn,fhn,1
fhn_standard,14,aicc,fhn,fhn,1
fhn_standard,14,bic,fhn,fhn,1
fhn_standard,14,gic_eff,fhn,fhn,1
fhn_standard,14,gic_vol_050,fhn,fhn,1
fhn_standard,14,ogic_e,fhn,fhn,1
fhn_standard,15,aic,fhn,fhn,1
fhn_standard,15,aicc,fhn,fhn,1
fhn_standard,15,bic,fhn,fhn,1
fhn_standard,15,gic_eff,fhn,fhn,1
fhn_standard,15,gic_vol_050,fhn,fhn,1
fhn_standard,15,ogic_e,fhn,fhn,1
fhn_standard,16,aic,fhn,fhn,1
fhn_standard,16,aicc,fhn,fhn,1
fhn_standard,16,bic,fhn,fhn,1
fhn_standard,16,gic_eff,fhn,fhn,1
fhn_standard,16,gic_vol_050,fhn,fhn,1
fhn_standard,16,ogic_e,fhn,fhn,1
fhn_standard,17,aic,fhn,fhn,1
fhn_standard,17,aicc,fhn,fhn,1
fhn_standard,17,bic,fhn,fhn,1
fhn_standard,17,gic_eff,fhn,fhn,1
fhn_standard,17,gic_vol_050,fhn,fhn,1
fhn_standard,17,ogic_e,fhn,fhn,1
fhn_standard,18,aic,fhn,fhn,1
fhn_standard,18,aicc,fhn,fhn,1
fhn_standard,18,bic,fhn,fhn,1
fhn_standard,18,gic_eff,fhn,fhn,1
fhn_standard,18,gic_vol_050,fhn,fhn,1
fhn_standard,18,ogic_e,fhn,fhn,1
fhn_standard,19,aic,fhn,fhn,1
fhn_standard,19,aicc,fhn,fhn,1
fhn_standard,19,bic,fhn,fhn,1
fhn_standard,19,gic_eff,fhn,fhn,1
fhn_standard,19,gic_vol_050,fhn,fhn,1
fhn_standard,19,ogic_e,fhn,fhn,1
fhn_standard,20,aic,fhn,fhn,1
fhn_standard,20,aicc,fhn,fhn,1
fhn_standard,20,bic,fhn,fhn,1
fhn_standard,20,gic_eff,fhn,fhn,1
fhn_standard,20,gic_vol_050,fhn,fhn,1
fhn_standard,20,ogic_e,fhn,fhn,1
fhn_standard,21,aic,fhn,fhn,1
fhn_standard,21,aicc,fhn,fhn,1
fhn_standard,21,bic,fhn,fhn,1
fhn_standard,21,gic_eff,fhn,fhn,1
fhn_standard,21,gic_vol_050,fhn,fhn,1
fhn_standard,21,ogic_e,fhn,fhn,1
fhn_standard,22,aic,fhn,fhn,1
fhn_standard,22,aicc,fhn,fhn,1
fhn_standard,22,bic,fhn,fhn,1
fhn_standard,22,gic_eff,fhn,fhn,1
fhn_standard,22,gic_vol_050,fhn,fhn,1
fhn_standard,22,ogic_e,fhn,fhn,1
fhn_standard,23,aic,fhn,fhn,1
fhn_standard,23,aicc,fhn,fhn,1
fhn_standard,23,bic,fhn,fhn,1
fhn_standard,23,gic_eff,fhn,fhn,1
fhn_standard,23,gic_vol_050,fhn,fhn,1
fhn_standard,23,ogic_e,fhn,fhn,1
fhn_standard,24,aic,fhn,fhn,1
fhn_standard,24,aicc,fhn,fhn,1
fhn_standard,24,bic,fhn,fhn,1
fhn_standard,24,gic_eff,fhn,fhn,1
fhn_standard,24,gic_vol_050,fhn,fhn,1
fhn_standard,24,ogic_e,fhn,fhn,1
fhn_standard,25,aic,fhn,fhn,1
fhn_standard,25,aicc,fhn,fhn,1
fhn_standard,25,bic,fhn,fhn,1
fhn_standard,25,gic_eff,fhn,fhn,1
fhn_standard,25,gic_vol_050,fhn,fhn,1
fhn_standard,25,ogic_e,fhn,fhn,1
fhn_standard,26,aic,fhn,fhn,1
fhn_standard,26,aicc,fhn,fhn,1
fhn_standard,26,bic,fhn,fhn,1
fhn_standard,26,gic_eff,fhn,fhn,1
fhn_standard,26,gic_vol_050,fhn,fhn,1
fhn_standard,26,ogic_e,fhn,fhn,1
fhn_standard,27,aic,fhn,fhn,1
fhn_standard,27,aicc,fhn,fhn,1
fhn_standard,27,bic,fhn,fhn,1
fhn_standard,27,gic_eff,fhn,fhn,1
fhn_standard,27,gic_vol_050,fhn,fhn,1
fhn_standard,27,ogic_e,fhn,fhn,1
fhn_standard,28,aic,fhn,fhn,1
fhn_standard,28,aicc,fhn,fhn,1
fhn_standard,28,bic,fhn,fhn,1
fhn_standard,28,gic_eff,fhn,fhn,1
fhn_standard,28,gic_vol_050,fhn,fhn,1
fhn_standard,28,ogic_e,fhn,fhn,1
fhn_standard,29,aic,fhn,fhn,1
fhn_standard,29,aicc,fhn,fhn,1
fhn_standard,29,bic,fhn,fhn,1
fhn_standard,29,gic_eff,fhn,fhn,1
fhn_standard,29,gic_vol_050,fhn,fhn,1
fhn_standard,29,ogic_e,fhn,fhn,1
fhn_ude,0,aic,ude_fhn,ude_fhn,1
fhn_ude,0,aicc,ude_fhn,ude_fhn,1
fhn_ude,0,bic,ude_fhn,ude_fhn,1
fhn_ude,0,gic_eff,ude_fhn,ude_fhn,1
fhn_ude,0,gic_vol_050,ude_fhn,ude_fhn,1
fhn_ude,0,ogic_e,ude_fhn,ude_fhn,1
fhn_ude,1,aic,ude_fhn,ude_fhn,1
fhn_ude,1,aicc,ude_fhn,ude_fhn,1
fhn_ude,1,bic,ude_fhn,tv_fhn,0
fhn_ude,1,gic_eff,ude_fhn,ude_fhn,1
fhn_ude,1,gic_vol_050,ude_fhn,ude_fhn,1
fhn_ude,1,ogic_e,ude_fhn,ude_fhn,1
fhn_ude,2,aic,ude_fhn,tv_fhn,0
fhn_ude,2,aicc,ude_fhn,tv_fhn,0
fhn_ude,2,bic,ude_fhn,tv_fhn,0
fhn_ude,2,gic_eff,ude_fhn,ude_fhn,1
fhn_ude,2,gic_vol_050,ude_fhn,ude_fhn,1
fhn_ude,2,ogic_e,ude_fhn,ude_fhn,1
fhn_ude,3,aic,ude_fhn,ude_fhn,1
fhn_ude,3,aicc,ude_fhn,ude_fhn,1
fhn_ude,3,bic,ude_fhn,ude_fhn,1
fhn_ude,3,gic_eff,ude_fhn,ude_fhn,1
fhn_ude,3,gic_vol_050,ude_fhn,ude_fhn,1
fhn_ude,3,ogic_e,ude_fhn,ude_fhn,1
fhn_ude,4,aic,ude_fhn,ude_fhn,1
fhn_ude,4,aicc,ude_fhn,ude_fhn,1
fhn_ude,4,bic,ude_fhn,tv_fhn,0
fhn_ude,4,gic_eff,ude_fhn,ude_fhn,1
fhn_ude,4,gic_vol_050,ude_fhn,ude_fhn,1
fhn_ude,4,ogic_e,ude_fhn,ude_fhn,1
fhn_ude,5,aic,ude_fhn,ude_fhn,1
fhn_ude,5,aicc,ude_fhn,ude_fhn,1
fhn_ude,5,bic,ude_fhn,ude_fhn,1
fhn_ude,5,gic_eff,ude_fhn,ude_fhn,1
fhn_ude,5,gic_vol_050,ude_fhn,ude_fhn,1
fhn_ude,5,ogic_e,ude_fhn,ude_fhn,1
fhn_ude,6,aic,ude_fhn,ude_fhn,1
fhn_ude,6,aicc,ude_fhn,ude_fhn,1
fhn_ude,6,bic,ude_fhn,tv_fhn,0
fhn_ude,6,gic_eff,ude_fhn,ude_fhn,1
fhn_ude,6,gic_vol_050,ude_fhn,ude_fhn,1
fhn_ude,6,ogic_e,ude_fhn,ude_fhn,1
fhn_ude,7,aic,ude_fhn,ude_fhn,1
fhn_ude,7,aicc,ude_fhn,tv_fhn,0
fhn_ude,7,bic,ude_fhn,tv_fhn,0
fhn_ude,7,gic_eff,ude_fhn,ude_fhn,1
fhn_ude,7,gic_vol_050,ude_fhn,ude_fhn,1
fhn_ude,7,ogic_e,ude_fhn,ude_fhn,1
fhn_ude,8,aic,ude_fhn,ude_fhn,1
fhn_ude,8,aicc,ude_fhn,ude_fhn,1
fhn_ude,8,bic,ude_fhn,tv_fhn,0
fhn_ude,8,gic_eff,ude_fhn,ude_fhn,1
fhn_ude,8,gic_vol_050,ude_fhn,ude_fhn,1
fhn_ude,8,ogic_e,ude_fhn,ude_fhn,1
fhn_ude,9,aic,ude_fhn,ude_fhn,1
fhn_ude,9,aicc,ude_fhn,ude_fhn,1
fhn_ude,9,bic,ude_fhn,ude_fhn,1
fhn_ude,9,gic_eff,ude_fhn,ude_fhn,1
fhn_ude,9,gic_vol_050,ude_fhn,ude_fhn,1
fhn_ude,9,ogic_e,ude_fhn,ude_fhn,1
fhn_ude,10,aic,ude_fhn,ude_fhn,1
fhn_ude,10,aicc,ude_fhn,ude_fhn,1
fhn_ude,10,bic,ude_fhn,ude_fhn,1
fhn_ude,10,gic_eff,ude_fhn,ude_fhn,1
fhn_ude,10,gic_vol_050,ude_fhn,ude_fhn,1
fhn_ude,10,ogic_e,ude_fhn,ude_fhn,1
fhn_ude,11,aic,ude_fhn,ude_fhn,1
fhn_ude,11,aicc,ude_fhn,ude_fhn,1
fhn_ude,11,bic,ude_fhn,tv_fhn,0
fhn_ude,11,gic_eff,ude_fhn,ude_fhn,1
fhn_ude,11,gic_vol_050,ude_fhn,ude_fhn,1
fhn_ude,11,ogic_e,ude_fhn,ude_fhn,1
fhn_ude,12,aic,ude_fhn,ude_fhn,1
fhn_ude,12,aicc,ude_fhn,ude_fhn,1
fhn_ude,12,bic,ude_fhn,tv_fhn,0
fhn_ude,12,gic_eff,ude_fhn,ude_fhn,1
fhn_ude,12,gic_vol_050,ude_fhn,ude_fhn,1
fhn_ude,12,ogic_e,ude_fhn,ude_fhn,1
fhn_ude,13,aic,ude_fhn,ude_fhn,1
fhn_ude,13,aicc,ude_fhn,ude_fhn,1
fhn_ude,13,bic,ude_fhn,tv_fhn,0
fhn_ude,13,gic_eff,ude_fhn,ude_fhn,1
fhn_ude,13,gic_vol_050,ude_fhn,ude_fhn,1
fhn_ude,13,ogic_e,ude_fhn,ude_fhn,1
fhn_ude,14,aic,ude_fhn,ude_fhn,1
fhn_ude,14,aicc,ude_fhn,ude_fhn,1
fhn_ude,14,bic,ude_fhn,ude_fhn,1
fhn_ude,14,gic_eff,ude_fhn,ude_fhn,1
fhn_ude,14,gic_vol_050,ude_fhn,ude_fhn,1
fhn_ude,14,ogic_e,ude_fhn,ude_fhn,1
fhn_ude,15,aic,ude_fhn,tv_fhn,0
fhn_ude,15,aicc,ude_fhn,tv_fhn,0
fhn_ude,15,bic,ude_fhn,tv_fhn,0
fhn_ude,15,gic_eff,ude_fhn,ude_fhn,1
fhn_ude,15,gic_vol_050,ude_fhn,ude_fhn,1
fhn_ude,15,ogic_e,ude_fhn,tv_fhn,0
fhn_ude,16,aic,ude_fhn,ude_fhn,1
fhn_ude,16,aicc,ude_fhn,ude_fhn,1
fhn_ude,16,bic,ude_fhn,ude_fhn,1
fhn_ude,16,gic_eff,ude_fhn,ude_fhn,1
fhn_ude,16,gic_vol_050,ude_fhn,ude_fhn,1
fhn_ude,16,ogic_e,ude_fhn,ude_fhn,1
fhn_ude,17,aic,ude_fhn,ude_fhn,1
fhn_ude,17,aicc,ude_fhn,ude_fhn,1
fhn_ude,17,bic,ude_fhn,tv_fhn,0
fhn_ude,17,gic_eff,ude_fhn,ude_fhn,1
fhn_ude,17,gic_vol_050,ude_fhn,ude_fhn,1
fhn_ude,17,ogic_e,ude_fhn,ude_fhn,1
fhn_ude,18,aic,ude_fhn,tv_fhn,0
fhn_ude,18,aicc,ude_fhn,tv_fhn,0
fhn_ude,18,bic,ude_fhn,tv_fhn,0
fhn_ude,18,gic_eff,ude_fhn,ude_fhn,1
fhn_ude,18,gic_vol_050,ude_fhn,ude_fhn,1
fhn_ude,18,ogic_e,ude_fhn,ude_fhn,1
fhn_ude,19,aic,ude_fhn,ude_fhn,1
fhn_ude,19,aicc,ude_fhn,ude_fhn,1
fhn_ude,19,bic,ude_fhn,tv_fhn,0
fhn_ude,19,gic_eff,ude_fhn,ude_fhn,1
fhn_ude,19,gic_vol_050,ude_fhn,ude_fhn,1
fhn_ude,19,ogic_e,ude_fhn,ude_fhn,1
fhn_ude,20,aic,ude_fhn,ude_fhn,1
fhn_ude,20,aicc,ude_fhn,ude_fhn,1
fhn_ude,20,bic,ude_fhn,ude_fhn,1
fhn_ude,20,gic_eff,ude_fhn,ude_fhn,1
fhn_ude,20,gic_vol_050,ude_fhn,ude_fhn,1
fhn_ude,20,ogic_e,ude_fhn,ude_fhn,1
fhn_ude,21,aic,ude_fhn,ude_fhn,1
fhn_ude,21,aicc,ude_fhn,ude_fhn,1
fhn_ude,21,bic,ude_fhn,tv_fhn,0
fhn_ude,21,gic_eff,ude_fhn,ude_fhn,1
fhn_ude,21,gic_vol_050,ude_fhn,ude_fhn,1
fhn_ude,21,ogic_e,ude_fhn,ude_fhn,1
fhn_ude,22,aic,ude_fhn,ude_fhn,1
fhn_ude,22,aicc,ude_fhn,ude_fhn,1
fhn_ude,22,bic,ude_fhn,tv_fhn,0
fhn_ude,22,gic_eff,ude_fhn,ude_fhn,1
fhn_ude,22,gic_vol_050,ude_fhn,ude_fhn,1
fhn_ude,22,ogic_e,ude_fhn,ude_fhn,1
fhn_ude,23,aic,ude_fhn,ude_fhn,1
fhn_ude,23,aicc,ude_fhn,ude_fhn,1
fhn_ude,23,bic,ude_fhn,tv_fhn,0
fhn_ude,23,gic_eff,ude_fhn,ude_fhn,1
fhn_ude,23,gic_vol_050,ude_fhn,ude_fhn,1
fhn_ude,23,ogic_e,ude_fhn,ude_fhn,1
fhn_ude,24,aic,ude_fhn,tv_fhn,0
fhn_ude,24,aicc,ude_fhn,tv_fhn,0
fhn_ude,24,bic,ude_fhn,tv_fhn,0
fhn_ude,24,gic_eff,ude_fhn,tv_fhn,0
fhn_ude,24,gic_vol_050,ude_fhn,tv_fhn,0
fhn_ude,24,ogic_e,ude_fhn,tv_fhn,0
fhn_ude,25,aic,ude_fhn,ude_fhn,1
fhn_ude,25,aicc,ude_fhn,tv_fhn,0
fhn_ude,25,bic,ude_fhn,tv_fhn,0
fhn_ude,25,gic_eff,ude_fhn,ude_fhn,1
fhn_ude,25,gic_vol_050,ude_fhn,ude_fhn,1
fhn_ude,25,ogic_e,ude_fhn,ude_fhn,1
fhn_ude,26,aic,ude_fhn,ude_fhn,1
fhn_ude,26,aicc,ude_fhn,ude_fhn,1
fhn_ude,26,bic,ude_fhn,ude_fhn,1
fhn_ude,26,gic_eff,ude_fhn,ude_fhn,1
fhn_ude,26,gic_vol_050,ude_fhn,ude_fhn,1
fhn_ude,26,ogic_e,ude_fhn,ude_fhn,1
fhn_ude,27,aic,ude_fhn,ude_fhn,1
fhn_ude,27,aicc,ude_fhn,ude_fhn,1
fhn_ude,27,bic,ude_fhn,fhn,0
fhn_ude,27,gic_eff,ude_fhn,ude_fhn,1
fhn_ude,27,gic_vol_050,ude_fhn,ude_fhn,1
fhn_ude,27,ogic_e,ude_fhn,ude_fhn,1
fhn_ude,28,aic,ude_fhn,ude_fhn,1
fhn_ude,28,aicc,ude_fhn,ude_fhn,1
fhn_ude,28,bic,ude_fhn,ude_fhn,1
fhn_ude,28,gic_eff,ude_fhn,ude_fhn,1
fhn_ude,28,gic_vol_050,ude_fhn,ude_fhn,1
fhn_ude,28,ogic_e,ude_fhn,ude_fhn,1
fhn_ude,29,aic,ude_fhn,ude_fhn,1
fhn_ude,29,aicc,ude_fhn,ude_fhn,1
fhn_ude,29,bic,ude_fhn,tv_fhn,0
fhn_ude,29,gic_eff,ude_fhn,ude_fhn,1
fhn_ude,29,gic_vol_050,ude_fhn,ude_fhn,1
fhn_ude,29,ogic_e,ude_fhn,ude_fhn,1
