schema_version,protocol_hash,status,scenario,candidate,truth,seed,draws,waic_laplace,p_waic
2.0,9ec3ab9877b4f423,ok,early_seir_infected_only,neural_ode_h2,seir,0,512,290.2714040152655,179.6667434874633
2.0,e9c6c81774a79ddb,ok,early_seir_infected_only,neural_ode_h2,seir,1,512,223.41600859353832,148.17265546234222
2.0,9369185f834cf87f,ok,early_seir_infected_only,neural_ode_h2,seir,2,512,337.24524829194166,205.0790033580193
2.0,5948e03b4f95cf73,ok,early_seir_infected_only,neural_ode_h2,seir,3,512,287.1369539586009,179.01598457834234
2.0,242938e0e89357d6,ok,early_seir_infected_only,neural_ode_h2,seir,4,512,442.9008329298151,249.77842644010252
2.0,ca1bbd1c4ced1b53,ok,early_seir_infected_only,neural_ode_h2,seir,5,512,111.77358272953846,91.85789091526694
2.0,b731b0b9a9e7211e,ok,early_seir_infected_only,neural_ode_h2,seir,6,512,120.44246330502415,94.28034936089401
2.0,78a58a8b10117639,ok,early_seir_infected_only,neural_ode_h2,seir,7,512,290.3283663934967,184.13233015944957
2.0,cdf3c66b22f3ca45,ok,early_seir_infected_only,neural_ode_h2,seir,8,512,292.2523000754504,183.61273125241735
2.0,b5939faeb1457426,ok,early_seir_infected_only,neural_ode_h2,seir,9,512,315.77700042920856,192.48214466669822
2.0,d0908e397fd6a3b5,ok,early_seir_infected_only,neural_ode_h2,seir,10,512,493.6836273015838,283.217367562667
2.0,0c9da9ed6a275d8c,ok,early_seir_infected_only,neural_ode_h2,seir,11,512,190.94846903081782,132.09303319165176
2.0,be69c4138879d616,ok,early_seir_infected_only,neural_ode_h2,seir,12,512,183.1797971643881,126.32423077137364
2.0,7abcfe74e49c3a22,ok,early_seir_infected_only,neural_ode_h2,seir,13,512,175.17076702883514,126.23194842048204
2.0,686b093e7c2760fd,ok,early_seir_infected_only,neural_ode_h2,seir,14,512,173.20696436013066,120.43967510075959
2.0,bc3724d86f519e60,ok,early_seir_infected_only,neural_ode_h2,seir,15,512,387.30215631961994,231.8526985148853
2.0,8ce31b2d5adde1b3,ok,early_seir_infected_only,neural_ode_h2,seir,16,512,311.8711595737566,191.60633428504798
2.0,6673d2b110f1afc2,ok,early_seir_infected_only,neural_ode_h2,seir,17,512,228.2315188793277,147.4745273498243
2.0,f3868edc22f22502,ok,early_seir_infected_only,neural_ode_h2,seir,18,512,192.0253738692618,131.8629716804529
2.0,a0f5ffa0bdaad2b0,ok,early_seir_infected_only,neural_ode_h2,seir,19,512,337.76037180290194,206.9147730385705
2.0,0c71243a9fe1e10b,ok,early_seir_infected_only,seir,seir,0,512,83.79659205493397,78.35553861556511
2.0,a4bdf07bfaf4b622,ok,early_seir_infected_only,seir,seir,1,512,61.886698042513316,69.60511094840713
2.0,6695e37ee6300ec5,ok,early_seir_infected_only,seir,seir,2,512,102.10096852705738,89.46746433878513
2.0,7932fdb1a8934d24,ok,early_seir_infected_only,seir,seir,3,512,-19.230254198541452,27.42784552791274
2.0,74e4c56907091736,ok,early_seir_infected_only,seir,seir,4,512,44.11866965618728,53.65010676302438
2.0,5882d9b88610b337,ok,early_seir_infected_only,seir,seir,5,512,20.700256652034895,46.89015242315568
2.0,0099727112aa1ff4,ok,early_seir_infected_only,seir,seir,6,512,33.960517203639455,52.92296977092273
2.0,bfcbea4c1ca00dad,ok,early_seir_infected_only,seir,seir,7,512,-34.471178945505955,24.966119253592463
2.0,83b1d72934296ed6,ok,early_seir_infected_only,seir,seir,8,512,10.129395096083156,46.11457942470696
2.0,177bb9a0b0f3f677,ok,early_seir_infected_only,seir,seir,9,512,-54.75544727212806,11.992866017335672
2.0,f21fe08606066a11,ok,early_seir_infected_only,seir,seir,10,512,-0.4417158842394784,38.59482346410233
2.0,51f0d6e9711d8cd9,ok,early_seir_infected_only,seir,seir,11,512,38.588851068640736,57.54228022294393
2.0,27a5defceb188359,ok,early_seir_infected_only,seir,seir,12,512,66331278749.6541,33165639411.923893
2.0,5563f92fb45ca041,ok,early_seir_infected_only,seir,seir,13,512,9.315504623163994,43.153677724106515
2.0,699f0e7e1b8a6623,ok,early_seir_infected_only,seir,seir,14,512,9.8241391268439,41.46234641789403
2.0,27b42c9e637e206f,ok,early_seir_infected_only,seir,seir,15,512,44.05035652218735,60.67414732070024
2.0,5bdc34fa4c7ff7eb,ok,early_seir_infected_only,seir,seir,16,512,-17.734464494656606,25.97005985885263
2.0,44e5349a5cd955ea,ok,early_seir_infected_only,seir,seir,17,512,16.150891464448435,44.34597757969492
2.0,3accd99ea578c879,ok,early_seir_infected_only,seir,seir,18,512,4.608351005312983,40.88054948584345
2.0,b699061e0777d479,ok,early_seir_infected_only,seir,seir,19,512,-4.728268273759646,37.43393884683896
2.0,9ebd2bc3d383e9a9,ok,early_seir_infected_only,sir,seir,0,512,118.66616219860362,96.83661778594973
2.0,f6a0369bb77e15f3,ok,early_seir_infected_only,sir,seir,1,512,81.98800592822589,80.19288499853559
2.0,74fa55288e555abd,ok,early_seir_infected_only,sir,seir,2,512,99.83674055722256,89.06340288291356
2.0,0afaf9806461f930,ok,early_seir_infected_only,sir,seir,3,512,-60.759076763138886,9.002795400055533
2.0,57b8c20297a72aff,ok,early_seir_infected_only,sir,seir,4,512,83.67084645466834,74.11965323784648
2.0,b1594079aae271f0,ok,early_seir_infected_only,sir,seir,5,512,36.87761833659155,56.51021912172541
2.0,a4bce6afb1d37fb1,ok,early_seir_infected_only,sir,seir,6,512,68.10098197113533,70.3130260352535
2.0,e81aa89071ee0452,ok,early_seir_infected_only,sir,seir,7,512,-40.81704305193583,23.175103676067422
2.0,18c25522eab8072c,ok,early_seir_infected_only,sir,seir,8,512,15.943471789992467,50.5552063166148
2.0,ce064009b8c1e699,ok,early_seir_infected_only,sir,seir,9,512,-51.349620696680816,14.091576800182034
2.0,28ef60c02547e7a1,ok,early_seir_infected_only,sir,seir,10,512,10.120103114528092,45.147755302470614
2.0,8ee9efda1c0f0e9d,ok,early_seir_infected_only,sir,seir,11,512,11.870552466171567,45.84082968557676
2.0,980dbe8e5868ad19,ok,early_seir_infected_only,sir,seir,12,512,-66.7847879515732,5.367956000899769
2.0,980601514c21f667,ok,early_seir_infected_only,sir,seir,13,512,-62.71491818074714,9.976376141197367
2.0,3dcdf75f6d6eaeb0,ok,early_seir_infected_only,sir,seir,14,512,5.286146698362732,40.604849190443616
2.0,8fb0be3ff961b6c1,ok,early_seir_infected_only,sir,seir,15,512,13.19815745697267,46.79622557620526
2.0,63706ec0d621d0e6,ok,early_seir_infected_only,sir,seir,16,512,-31.767653045464332,20.289929084344934
2.0,9bfcbd1bd5a76b50,ok,early_seir_infected_only,sir,seir,17,512,41.95982934516913,57.634368544498486
2.0,8619b67a85926d18,ok,early_seir_infected_only,sir,seir,18,512,3.5671062072547794,41.293630023991184
2.0,1eb154f06523cbb9,ok,early_seir_infected_only,sir,seir,19,512,20.83716612987059,51.92659470072242
2.0,2243bb0a4178bcd9,ok,early_seir_infected_only,tv_sir,seir,0,512,222.6875110565535,148.3104462974619
2.0,f867a50541dbae23,ok,early_seir_infected_only,tv_sir,seir,1,512,132.1035890327064,105.0691994505826
2.0,d9ad6b2eb9d73de1,ok,early_seir_infected_only,tv_sir,seir,2,512,123.30031465469185,101.33931705596376
2.0,522aa7340d2b36e5,ok,early_seir_infected_only,tv_sir,seir,3,512,-4.383248156731478,36.75315477315784
2.0,16c7608af390c77a,ok,early_seir_infected_only,tv_sir,seir,4,512,60.7142661159291,63.743886550803815
2.0,8eab2d35a4e59017,ok,early_seir_infected_only,tv_sir,seir,5,512,65.69156538079118,70.75334541354992
2.0,b8c07f70eab093e8,ok,early_seir_infected_only,tv_sir,seir,6,512,22.533133998587495,49.26973660078738
2.0,e1a40b0238d01d44,ok,early_seir_infected_only,tv_sir,seir,7,512,-15.32105665069042,34.92891422595171
2.0,18810a43993d12d2,ok,early_seir_infected_only,tv_sir,seir,8,512,52.74155241049597,68.12946455025312
2.0,18aee013b0e6297d,ok,early_seir_infected_only,tv_sir,seir,9,512,-45.65405884531057,17.826382232085255
2.0,9cff0ebc1302984d,ok,early_seir_infected_only,tv_sir,seir,10,512,50.59889366186475,64.8021169005528
2.0,2a4abd92f4553a4d,ok,early_seir_infected_only,tv_sir,seir,11,512,36.19373061372473,57.88871655120442
2.0,e8d47ca28c236b01,ok,early_seir_infected_only,tv_sir,seir,12,512,21.033239337694877,48.152094766107304
2.0,ceb0134a97e1033c,ok,early_seir_infected_only,tv_sir,seir,13,512,65.357474591219,72.43605799279688
2.0,28b0176d8922bab1,ok,early_seir_infected_only,tv_sir,seir,14,512,76.38519293333503,75.73527901186299
2.0,440c1854101a0522,ok,early_seir_infected_only,tv_sir,seir,15,512,47.9112093629234,63.58329215473353
2.0,a303f8c605a9e1f5,ok,early_seir_infected_only,tv_sir,seir,16,512,21.669370485862068,47.05109163830555
2.0,0b733a5b9631bb3d,ok,early_seir_infected_only,tv_sir,seir,17,512,52.51678938113156,62.708804334277104
2.0,1a770ed9cac08b76,ok,early_seir_infected_only,tv_sir,seir,18,512,-7.617511532248894,36.18616183806945
2.0,60f4d2219a01f0d1,ok,early_seir_infected_only,tv_sir,seir,19,512,67.79186955856747,74.48453098050085
2.0,d94a80b3e766092c,ok,early_seir_infected_only,ude_sir_h2,seir,0,512,4562.222411113915,2315.983703049141
2.0,62e00bae579f6792,ok,early_seir_infected_only,ude_sir_h2,seir,1,512,1022.6183321030321,547.6819081526826
2.0,60aaa9de72b38674,ok,early_seir_infected_only,ude_sir_h2,seir,2,512,805.4983534874402,438.8290076540112
2.0,d1ceeaa2459b9601,ok,early_seir_infected_only,ude_sir_h2,seir,3,512,4216.970679972416,2145.963751007883
2.0,bd0f7afc8931872d,ok,early_seir_infected_only,ude_sir_h2,seir,4,512,3428.4797148484945,1744.2840378694116
2.0,526bee473cdd233d,ok,early_seir_infected_only,ude_sir_h2,seir,5,512,3065.292530122097,1568.9862618398802
2.0,3e31084a852e64ae,ok,early_seir_infected_only,ude_sir_h2,seir,6,512,397.0046929851027,234.05725764191698
2.0,0f8434df1e9e5e93,ok,early_seir_infected_only,ude_sir_h2,seir,7,512,1493.6264416442475,787.5252457493892
2.0,4968de86f5911e2e,ok,early_seir_infected_only,ude_sir_h2,seir,8,512,990.4662348599558,534.3541796092929
2.0,db2b073838389504,ok,early_seir_infected_only,ude_sir_h2,seir,9,512,1640.827681179849,857.7598944913751
2.0,5179e270774d70f1,ok,early_seir_infected_only,ude_sir_h2,seir,10,512,2293.9527238426085,1184.3388025553886
2.0,42aa448dabc1b925,ok,early_seir_infected_only,ude_sir_h2,seir,11,512,2949.1264806858617,1511.7574247113826
2.0,2a2672e79ce090c5,ok,early_seir_infected_only,ude_sir_h2,seir,12,512,2602.6228400144946,1337.0120676420072
2.0,8876dc1374e8a406,ok,early_seir_infected_only,ude_sir_h2,seir,13,512,1716.7487897545693,895.9663091332702
2.0,b3cfd58936ba3be0,ok,early_seir_infected_only,ude_sir_h2,seir,14,512,2644.8495023802698,1356.7595850961864
2.0,9144bdde76f529e8,ok,early_seir_infected_only,ude_sir_h2,seir,15,512,2268.576222838159,1171.551549643052
2.0,c4c83a401f4273e1,ok,early_seir_infected_only,ude_sir_h2,seir,16,512,2187.4548125269635,1127.4939929602006
2.0,6b8d161285608cf4,ok,early_seir_infected_only,ude_sir_h2,seir,17,512,1712.4101617642887,891.0931317495722
2.0,f43e22c63df3fa21,ok,early_seir_infected_only,ude_sir_h2,seir,18,512,1974.5743734683701,1023.8890930021987
2.0,3a1bb440b56f05cc,ok,early_seir_infected_only,ude_sir_h2,seir,19,512,4100.6804612985525,2088.6166700785657
2.0,52e6c3e06aae1d20,ok,missing_neural_feedback,neural_ode_h2,ude_sir_h2,0,512,24644.48527602755,12405.45732192709
2.0,145d02370aaf773d,ok,missing_neural_feedback,neural_ode_h2,ude_sir_h2,1,512,3917.7900177400525,2047.817148094842
2.0,bd86ec689c22b86e,ok,missing_neural_feedback,neural_ode_h2,ude_sir_h2,2,512,6969.122878969814,3572.604949656863
2.0,0edb60816d3acf76,ok,missing_neural_feedback,neural_ode_h2,ude_sir_h2,3,512,26659.175053334664,13410.858818932275
2.0,c234f8db639afedb,ok,missing_neural_feedback,neural_ode_h2,ude_sir_h2,4,512,8032.87266127506,4102.32929596198
2.0,7b160f6c8e7c0447,ok,missing_neural_feedback,neural_ode_h2,ude_sir_h2,5,512,11836.102861803673,5999.136928261708
2.0,b4bcdbb89d70705d,ok,missing_neural_feedback,neural_ode_h2,ude_sir_h2,6,512,4732.43060839156,2453.929004892104
2.0,35bf669dba0b921f,ok,missing_neural_feedback,neural_ode_h2,ude_sir_h2,7,512,3906.4713460222147,2038.692930193669
2.0,0a0b75a55562a3ac,ok,missing_neural_feedback,neural_ode_h2,ude_sir_h2,8,512,8158.121309386976,4163.930361616649
2.0,a9b6a3b609417324,ok,missing_neural_feedback,neural_ode_h2,ude_sir_h2,9,512,19806.7698354287,9986.315555435049
2.0,ba0836d8298b8b49,ok,missing_neural_feedback,neural_ode_h2,ude_sir_h2,10,512,35258.041543175845,17715.857498492955
2.0,40711775906b0f79,ok,missing_neural_feedback,neural_ode_h2,ude_sir_h2,11,512,9695.883309054381,4934.0245803064245
2.0,811ac9eba40f9af1,ok,missing_neural_feedback,neural_ode_h2,ude_sir_h2,12,512,12734.441801412037,6454.832727757153
2.0,b8732259e70ed8b4,ok,missing_neural_feedback,neural_ode_h2,ude_sir_h2,13,512,18665.880195017173,9418.757203112073
2.0,10edc7cffa3a7870,ok,missing_neural_feedback,neural_ode_h2,ude_sir_h2,14,512,11484.484343618655,5827.291911995614
2.0,1e0edb7e5f57cde6,ok,missing_neural_feedback,neural_ode_h2,ude_sir_h2,15,512,6256.514511029473,3219.171491029867
2.0,15c21da9a19719b5,ok,missing_neural_feedback,neural_ode_h2,ude_sir_h2,16,512,6081.5180435874245,3129.677650016672
2.0,6b1656d8bb1d5108,ok,missing_neural_feedback,neural_ode_h2,ude_sir_h2,17,512,7937.408490964379,4057.830680849951
2.0,640b9933f51676cf,ok,missing_neural_feedback,neural_ode_h2,ude_sir_h2,18,512,15808.026883927241,7985.624927382338
2.0,16f9e3a4cba62270,ok,missing_neural_feedback,neural_ode_h2,ude_sir_h2,19,512,16347.583668514566,8256.649419191195
2.0,8b2321030fc0a757,ok,missing_neural_feedback,seir,ude_sir_h2,0,512,922.8542503091533,522.2655104591588
2.0,5a5040b6d811fc4c,ok,missing_neural_feedback,seir,ude_sir_h2,1,512,836.5096428450653,487.89816827450363
2.0,1fd5c9bd4fc313bc,ok,missing_neural_feedback,seir,ude_sir_h2,2,512,1070.7316391386662,599.3118284993221
2.0,cacd2e75b64167d7,ok,missing_neural_feedback,seir,ude_sir_h2,3,512,1060.4929014899126,605.8563356453109
2.0,f9f9d55e292eed14,ok,missing_neural_feedback,seir,ude_sir_h2,4,512,764.526692298764,441.28363143438656
2.0,7c1c6abea99231a4,ok,missing_neural_feedback,seir,ude_sir_h2,5,512,1009.265913093009,574.1189379618706
2.0,dd838a2887b220fa,ok,missing_neural_feedback,seir,ude_sir_h2,6,512,1844.6007123457593,976.074284770644
2.0,1271b27d4d4d91e6,ok,missing_neural_feedback,seir,ude_sir_h2,7,512,910.4245623827791,506.74978346182473
2.0,8c660f6c3198005b,ok,missing_neural_feedback,seir,ude_sir_h2,8,512,1028.5698240095207,569.2554492270042
2.0,17865d84833c593f,ok,missing_neural_feedback,seir,ude_sir_h2,9,512,773.2134687725098,462.1665612903603
2.0,ace7d4744b2835dc,ok,missing_neural_feedback,seir,ude_sir_h2,10,512,866.6923226023243,501.28978291805686
2.0,5c9d69e75d138777,ok,missing_neural_feedback,seir,ude_sir_h2,11,512,1152.631257309661,645.6927586060244
2.0,6bd22d52b3115335,ok,missing_neural_feedback,seir,ude_sir_h2,12,512,819.3924993812789,468.46111728024897
2.0,5cb742807a257b59,ok,missing_neural_feedback,seir,ude_sir_h2,13,512,1074.700492493769,598.2876197037588
2.0,b3059a414d38efda,ok,missing_neural_feedback,seir,ude_sir_h2,14,512,870.8005566488722,510.7194074195561
2.0,e984834356c3a4f2,ok,missing_neural_feedback,seir,ude_sir_h2,15,512,436.1063446112224,295.8659079064619
2.0,5d633bbb67f6b4f8,ok,missing_neural_feedback,seir,ude_sir_h2,16,512,1330.3224739969032,726.9944120794556
2.0,1cf89a1f2ab7c3d1,ok,missing_neural_feedback,seir,ude_sir_h2,17,512,1409.8851458280783,777.8618150378145
2.0,567187e721e7c44e,ok,missing_neural_feedback,seir,ude_sir_h2,18,512,752.8174555595272,450.4652430772046
2.0,de50ed1e669bdc6f,ok,missing_neural_feedback,seir,ude_sir_h2,19,512,558.819993554643,356.14111143656817
2.0,b9e1165d048a1e25,ok,missing_neural_feedback,sir,ude_sir_h2,0,512,-10.28692250870171,15.101595611608694
2.0,08b1f2fc2f9d94da,ok,missing_neural_feedback,sir,ude_sir_h2,1,512,-32.82700026385829,12.25661722550014
2.0,eb5e7f5ff9b8ba35,ok,missing_neural_feedback,sir,ude_sir_h2,2,512,-18.38843827084387,11.135823756667088
2.0,c9768a135a66d368,ok,missing_neural_feedback,sir,ude_sir_h2,3,512,-65.92801144473296,10.105064649927401
2.0,ecfc43c3d2ca7565,ok,missing_neural_feedback,sir,ude_sir_h2,4,512,-9.971591883540018,14.7418584338965
2.0,142e8459c2c2ed71,ok,missing_neural_feedback,sir,ude_sir_h2,5,512,-40.39543688601883,11.93573225128281
2.0,f8eabc4eabce899a,ok,missing_neural_feedback,sir,ude_sir_h2,6,512,25.346435829850726,16.83321997275331
2.0,62dd5c56fc6988c2,ok,missing_neural_feedback,sir,ude_sir_h2,7,512,21.00715444834796,14.247108817424095
2.0,3f2a097a649c5b9a,ok,missing_neural_feedback,sir,ude_sir_h2,8,512,2.766981852012263,14.48898802055941
2.0,4f6db8024bd582ad,ok,missing_neural_feedback,sir,ude_sir_h2,9,512,-72.71749164116605,9.714680327499991
2.0,b9628223a332afca,ok,missing_neural_feedback,sir,ude_sir_h2,10,512,-33.73548049407011,12.037560715007595
2.0,0dabecef86826bb6,ok,missing_neural_feedback,sir,ude_sir_h2,11,512,-49.990593056942814,10.818125824657578
2.0,555aa009245e94f6,ok,missing_neural_feedback,sir,ude_sir_h2,12,512,-4.814083137941859,13.972926170871876
2.0,8c645bcfa693a59f,ok,missing_neural_feedback,sir,ude_sir_h2,13,512,-8.73299100854645,14.956760499022213
2.0,e88d4c7e9d1951bd,ok,missing_neural_feedback,sir,ude_sir_h2,14,512,-58.30590441289214,10.262786353500044
2.0,217bad8642d0d17a,ok,missing_neural_feedback,sir,ude_sir_h2,15,512,-67.13065231577825,9.490530114325605
2.0,c6eafb5091087c80,ok,missing_neural_feedback,sir,ude_sir_h2,16,512,-12.031122227958608,12.899711406517953
2.0,f3ef2a2b97343d50,ok,missing_neural_feedback,sir,ude_sir_h2,17,512,-48.93777728921097,13.516783400437479
2.0,25b3fa0770864f7a,ok,missing_neural_feedback,sir,ude_sir_h2,18,512,-58.633737568265786,11.794399430406036
2.0,0fe515ecd7b371a6,ok,missing_neural_feedback,sir,ude_sir_h2,19,512,-69.84897613498946,9.044690611501736
2.0,ebd4589a786b5991,ok,missing_neural_feedback,tv_sir,ude_sir_h2,0,512,-196.76524416353357,4.3495105941884695
2.0,601d225ac88c94d6,ok,missing_neural_feedback,tv_sir,ude_sir_h2,1,512,-205.67781566285686,3.2492144499140676
2.0,84472e1c2c3354b9,ok,missing_neural_feedback,tv_sir,ude_sir_h2,2,512,-204.14992239604413,3.5012290958165093
2.0,9c4fd9fb792898ad,ok,missing_neural_feedback,tv_sir,ude_sir_h2,3,512,-186.46275306182196,5.221238043820909
2.0,006531b5f87d52a8,ok,missing_neural_feedback,tv_sir,ude_sir_h2,4,512,-189.92632198436877,4.726172877548603
2.0,05085ec67b442965,ok,missing_neural_feedback,tv_sir,ude_sir_h2,5,512,-193.37400770294937,4.763894584701488
2.0,91a91b3c73fea3cf,ok,missing_neural_feedback,tv_sir,ude_sir_h2,6,512,-203.90719372372476,3.067375805829635
2.0,b208688c848ee5e6,ok,missing_neural_feedback,tv_sir,ude_sir_h2,7,512,-192.02147310904505,4.333620432938636
2.0,ae71b303fa331926,ok,missing_neural_feedback,tv_sir,ude_sir_h2,8,512,-190.18953744078703,4.197765854300624
2.0,7308579816bfa75b,ok,missing_neural_feedback,tv_sir,ude_sir_h2,9,512,-199.39905365186837,3.5651968517784205
2.0,edbee7602fbf9e56,ok,missing_neural_feedback,tv_sir,ude_sir_h2,10,512,-206.65856524887857,3.171431891098966
2.0,6b70441f4e9ec73f,ok,missing_neural_feedback,tv_sir,ude_sir_h2,11,512,-200.6213097206707,3.5512727938917767
2.0,9798aef0e42b9289,ok,missing_neural_feedback,tv_sir,ude_sir_h2,12,512,-193.92435134443937,4.017835937525723
2.0,b6ec2baa9a88dbb2,ok,missing_neural_feedback,tv_sir,ude_sir_h2,13,512,-203.3984746114514,3.6011811847162623
2.0,ce77b95ac817c532,ok,missing_neural_feedback,tv_sir,ude_sir_h2,14,512,-212.56867206721296,2.348719053186391
2.0,b64c8379dce82b5b,ok,missing_neural_feedback,tv_sir,ude_sir_h2,15,512,-216.36602979432934,1.916377453938205
2.0,9237ffc80ebdfb24,ok,missing_neural_feedback,tv_sir,ude_sir_h2,16,512,-192.34987612952327,5.014063110075323
2.0,e916bde32b4c0877,ok,missing_neural_feedback,tv_sir,ude_sir_h2,17,512,-210.31834639605836,3.053925954739613
2.0,22c93e38c653e7b1,ok,missing_neural_feedback,tv_sir,ude_sir_h2,18,512,-190.78466050026196,4.856278500885997
2.0,3a00322dda3ca8c2,ok,missing_neural_feedback,tv_sir,ude_sir_h2,19,512,-211.62054937072685,2.3398546062209484
2.0,e0b04674a3aaa2f3,ok,missing_neural_feedback,ude_sir_h2,ude_sir_h2,0,512,42251.898704148276,21203.542206598504
2.0,17bf8b421ed32072,ok,missing_neural_feedback,ude_sir_h2,ude_sir_h2,1,512,24740.533959241788,12449.934860537269
2.0,368a3cba7d13ac59,ok,missing_neural_feedback,ude_sir_h2,ude_sir_h2,2,512,26685.385769801615,13420.707559769085
2.0,ce2f27330a819646,ok,missing_neural_feedback,ude_sir_h2,ude_sir_h2,3,512,28350.337931019254,14254.284761817886
2.0,cc86bade8af95f79,ok,missing_neural_feedback,ude_sir_h2,ude_sir_h2,4,512,41202.48696396353,20674.95053497955
2.0,77fb2bc44563da92,ok,missing_neural_feedback,ude_sir_h2,ude_sir_h2,5,512,25013.96099675064,12586.371755297176
2.0,8e38cc6a16b634ee,ok,missing_neural_feedback,ude_sir_h2,ude_sir_h2,6,512,37119.91839359423,18637.281354557563
2.0,3d0c9f45b254d76b,ok,missing_neural_feedback,ude_sir_h2,ude_sir_h2,7,512,30005.427706334776,15076.45648111169
2.0,718d511d82dcdb28,ok,missing_neural_feedback,ude_sir_h2,ude_sir_h2,8,512,32633.142218988323,16389.54752128032
2.0,d8908d75aaa96f73,ok,missing_neural_feedback,ude_sir_h2,ude_sir_h2,9,512,25626.235695570645,12888.7932033441
2.0,451f5a86039ec9e4,ok,missing_neural_feedback,ude_sir_h2,ude_sir_h2,10,512,23010.30107127942,11585.762006963952
2.0,ac866e21ec96c920,ok,missing_neural_feedback,ude_sir_h2,ude_sir_h2,11,512,36550.64848119473,18348.78130141143
2.0,5b1ba8b1ba9adae6,ok,missing_neural_feedback,ude_sir_h2,ude_sir_h2,12,512,36049.69029955591,18101.13628945142
2.0,ce049ab4728e149f,ok,missing_neural_feedback,ude_sir_h2,ude_sir_h2,13,512,45637.51480258351,22894.552434251396
2.0,4d49682b4e7a202c,ok,missing_neural_feedback,ude_sir_h2,ude_sir_h2,14,512,25467.234525768516,12811.984432145156
2.0,7c9adf7d60c5c71f,ok,missing_neural_feedback,ude_sir_h2,ude_sir_h2,15,512,22129.489215575722,11146.904829995472
2.0,33b9cbff6f8c9ac5,ok,missing_neural_feedback,ude_sir_h2,ude_sir_h2,16,512,24040.533555021975,12101.5916450542
2.0,0ea3708062fec9f0,ok,missing_neural_feedback,ude_sir_h2,ude_sir_h2,17,512,32711.80081010922,16431.959438652426
2.0,7427a2f5cca71ad4,ok,missing_neural_feedback,ude_sir_h2,ude_sir_h2,18,512,27638.220654508877,13897.92474019566
2.0,4bf001e4d326ee48,ok,missing_neural_feedback,ude_sir_h2,ude_sir_h2,19,512,31996.15229408669,16077.04769100748
2.0,d489675e97823110,ok,missing_time_varying_transmission,neural_ode_h2,tv_sir,0,512,12982.825619474916,6579.287591599654
2.0,bf0bc8d55bfc792c,ok,missing_time_varying_transmission,neural_ode_h2,tv_sir,1,512,8503.291912158125,4336.372483185673
2.0,09a7f3a421691119,ok,missing_time_varying_transmission,neural_ode_h2,tv_sir,2,512,21260.75850908038,10715.128421164238
2.0,de959a87da239314,ok,missing_time_varying_transmission,neural_ode_h2,tv_sir,3,512,16020.925026848714,8093.849620589695
2.0,dc37f585aa8cc7c2,ok,missing_time_varying_transmission,neural_ode_h2,tv_sir,4,512,23294.969252898536,11727.9484102685
2.0,97dad8a9f13a777e,ok,missing_time_varying_transmission,neural_ode_h2,tv_sir,5,512,12341.858546394884,6252.3321808788805
2.0,c8af8e68eeceb308,ok,missing_time_varying_transmission,neural_ode_h2,tv_sir,6,512,14247.897138865213,7209.287997229494
2.0,e26b822475cab42d,ok,missing_time_varying_transmission,neural_ode_h2,tv_sir,7,512,16589.98990993595,8376.686796271313
2.0,93382255f227fe51,ok,missing_time_varying_transmission,neural_ode_h2,tv_sir,8,512,16677.304303595083,8418.98367512613
2.0,ea0b4eee16b0247d,ok,missing_time_varying_transmission,neural_ode_h2,tv_sir,9,512,12562.156306060322,6368.355654390749
2.0,8976d3355f243869,ok,missing_time_varying_transmission,neural_ode_h2,tv_sir,10,512,15275.814314123478,7724.152555877798
2.0,ff1fe48b71dcf4d1,ok,missing_time_varying_transmission,neural_ode_h2,tv_sir,11,512,28531.15486917299,14349.89913129512
2.0,648b79c5de9b7494,ok,missing_time_varying_transmission,neural_ode_h2,tv_sir,12,512,18469.2844153219,9319.721876928817
2.0,f1f869f5e621206b,ok,missing_time_varying_transmission,neural_ode_h2,tv_sir,13,512,25456.793099761475,12814.620109989693
2.0,b60e27c62ea3fbe5,ok,missing_time_varying_transmission,neural_ode_h2,tv_sir,14,512,9753.073447709452,4964.365522856102
2.0,7998516a9500b5bc,ok,missing_time_varying_transmission,neural_ode_h2,tv_sir,15,512,16621.667077612037,8399.067871110323
2.0,06ae2099b558c7c7,ok,missing_time_varying_transmission,neural_ode_h2,tv_sir,16,512,16058.866814294179,8115.776011887818
2.0,d3b9a2e389584f2e,ok,missing_time_varying_transmission,neural_ode_h2,tv_sir,17,512,12292.590341218976,6232.249345313675
2.0,8911be5ad9d54b6e,ok,missing_time_varying_transmission,neural_ode_h2,tv_sir,18,512,23853.0497775729,12010.493667568011
2.0,398bf896e87ae9ef,ok,missing_time_varying_transmission,neural_ode_h2,tv_sir,19,512,21220.786564716334,10697.834063249516
2.0,5ce08b87415fd90b,ok,missing_time_varying_transmission,seir,tv_sir,0,512,1418.6975469909248,801.7697558911307
2.0,30d841984912307d,ok,missing_time_varying_transmission,seir,tv_sir,1,512,1787.61283672136,965.6970346987878
2.0,3066e9da1b2c0e2f,ok,missing_time_varying_transmission,seir,tv_sir,2,512,2304.593868646834,1228.1437856106336
2.0,d7690e5a44358e6b,ok,missing_time_varying_transmission,seir,tv_sir,3,512,2597.9399420158297,1368.905744916604
2.0,3137eada99f4932d,ok,missing_time_varying_transmission,seir,tv_sir,4,512,1178.633202907172,669.3140934643179
2.0,b16523d0609047f0,ok,missing_time_varying_transmission,seir,tv_sir,5,512,1162.5206280315779,662.718157654047
2.0,6f6f334c9efaf55f,ok,missing_time_varying_transmission,seir,tv_sir,6,512,2703.117829287934,1436.330765361708
2.0,605f0e992cce3ad2,ok,missing_time_varying_transmission,seir,tv_sir,7,512,1516.4870905222087,834.7494209901943
2.0,cecb2c2c3f136503,ok,missing_time_varying_transmission,seir,tv_sir,8,512,1879.1633879777507,1020.7632048703877
2.0,4a002bf9aee2ee24,ok,missing_time_varying_transmission,seir,tv_sir,9,512,2106.500132329239,1124.6213547583475
2.0,edf766c397430869,ok,missing_time_varying_transmission,seir,tv_sir,10,512,1593.320727463862,875.4465337261743
2.0,c8c26ebdc90b93e9,ok,missing_time_varying_transmission,seir,tv_sir,11,512,3009.7498933867946,1585.7706294821355
2.0,bd665c391978093d,ok,missing_time_varying_transmission,seir,tv_sir,12,512,1396.6963962551845,785.5732109371845
2.0,8d34d6a9ab2710da,ok,missing_time_varying_transmission,seir,tv_sir,13,512,1451.0487775991055,810.8987127385476
2.0,25d6742e72790f68,ok,missing_time_varying_transmission,seir,tv_sir,14,512,1615.7596883731774,893.2983051358331
2.0,e9fd2a5a5c299e67,ok,missing_time_varying_transmission,seir,tv_sir,15,512,1130.2570846792994,643.7702698311346
2.0,1900addb4e6ad9db,ok,missing_time_varying_transmission,seir,tv_sir,16,512,2319.68117094832,1244.2955395581823
2.0,295f55d45c476f8c,ok,missing_time_varying_transmission,seir,tv_sir,17,512,3401.3239767221567,1784.5423179751733
2.0,769cb390be79f120,ok,missing_time_varying_transmission,seir,tv_sir,18,512,1596.7463520041306,879.0776199482697
2.0,1ced968e1678c799,ok,missing_time_varying_transmission,seir,tv_sir,19,512,1244.7026886588778,704.6830261066394
2.0,e155cfa346d1678b,ok,missing_time_varying_transmission,sir,tv_sir,0,512,-111.82067224969823,9.43806047999329
2.0,643c1849d8da1745,ok,missing_time_varying_transmission,sir,tv_sir,1,512,-30.568080682779076,12.655884057922474
2.0,a6a4dddcfbd1456b,ok,missing_time_varying_transmission,sir,tv_sir,2,512,-47.876446129569395,12.424076860925695
2.0,c9b6bc587ac4d44b,ok,missing_time_varying_transmission,sir,tv_sir,3,512,-35.16487275540652,12.310543719842968
2.0,64f70b856cd33997,ok,missing_time_varying_transmission,sir,tv_sir,4,512,-76.62203552242572,8.670015511570508
2.0,dc902f73bc9dfb28,ok,missing_time_varying_transmission,sir,tv_sir,5,512,-75.800703393926,9.958556136235071
2.0,66209c43c30f58e1,ok,missing_time_varying_transmission,sir,tv_sir,6,512,-81.19920231716245,8.866009813167496
2.0,2ad4cc8a4884abb2,ok,missing_time_varying_transmission,sir,tv_sir,7,512,-53.85831570184828,11.256832242267723
2.0,4b2314db66f3da91,ok,missing_time_varying_transmission,sir,tv_sir,8,512,-88.56333642223876,8.603549423135618
2.0,b6aa9d66f88f9555,ok,missing_time_varying_transmission,sir,tv_sir,9,512,-28.49080150768114,12.537014142950152
2.0,3fb560f95699707c,ok,missing_time_varying_transmission,sir,tv_sir,10,512,-59.07607708979653,9.969024529966077
2.0,07bc36b1689ae6bf,ok,missing_time_varying_transmission,sir,tv_sir,11,512,-76.3480514011162,10.435397114337725
2.0,00c0f4e1bffe65cf,ok,missing_time_varying_transmission,sir,tv_sir,12,512,-102.45948702687528,8.45531646331329
2.0,4a8205e58726bd37,ok,missing_time_varying_transmission,sir,tv_sir,13,512,-87.059952711784,11.181451393704446
2.0,d437b7e13555cafa,ok,missing_time_varying_transmission,sir,tv_sir,14,512,-82.54382054583027,9.33263142535909
2.0,e31695a8fb86d6ce,ok,missing_time_varying_transmission,sir,tv_sir,15,512,-52.620596110530954,11.44765369271619
2.0,8b0d2e744a209ec5,ok,missing_time_varying_transmission,sir,tv_sir,16,512,-90.83378771920908,9.566661408395369
2.0,63ed58e5b40659c8,ok,missing_time_varying_transmission,sir,tv_sir,17,512,-77.51961145758433,10.608549229502659
2.0,1e6501d1d26f3c2f,ok,missing_time_varying_transmission,sir,tv_sir,18,512,-57.07606920844355,13.298808336363946
2.0,e5810bba1972761d,ok,missing_time_varying_transmission,sir,tv_sir,19,512,-70.34013265958113,10.527325053205036
2.0,f1172714b7b7ede6,ok,missing_time_varying_transmission,tv_sir,tv_sir,0,512,-207.75000871175797,3.526621312430031
2.0,3069b71fdc2475f4,ok,missing_time_varying_transmission,tv_sir,tv_sir,1,512,-205.06410904652128,2.8415077006341116
2.0,c94157595b1fe205,ok,missing_time_varying_transmission,tv_sir,tv_sir,2,512,-204.92087852468563,2.8577737964238517
2.0,808fc24ed75da78e,ok,missing_time_varying_transmission,tv_sir,tv_sir,3,512,-187.87216497417873,5.382209914353888
2.0,9f7cbddbf22ce87b,ok,missing_time_varying_transmission,tv_sir,tv_sir,4,512,-195.6700759991998,2.577764370765688
2.0,6398ddd6dc22553b,ok,missing_time_varying_transmission,tv_sir,tv_sir,5,512,-197.0742267583849,2.6024104840130398
2.0,d00d1260fb7aba76,ok,missing_time_varying_transmission,tv_sir,tv_sir,6,512,-206.9490103435896,2.2360543299331916
2.0,3173ddff34d7def0,ok,missing_time_varying_transmission,tv_sir,tv_sir,7,512,-189.380301604467,4.9881265383940825
2.0,886560e59b7ae93e,ok,missing_time_varying_transmission,tv_sir,tv_sir,8,512,-192.02426645618579,3.8496023803446002
2.0,bcaade483cbc4d57,ok,missing_time_varying_transmission,tv_sir,tv_sir,9,512,-204.30543538231535,2.6315525184317976
2.0,7869e41072af4072,ok,missing_time_varying_transmission,tv_sir,tv_sir,10,512,-210.44589952651924,2.0844950359227212
2.0,1511f645526f350e,ok,missing_time_varying_transmission,tv_sir,tv_sir,11,512,-196.4820977972143,4.303743402850946
2.0,d2fc89e92d29918a,ok,missing_time_varying_transmission,tv_sir,tv_sir,12,512,-203.59737124585416,2.925349632545346
2.0,8a084d031f4662e6,ok,missing_time_varying_transmission,tv_sir,tv_sir,13,512,-203.61529595838056,3.3726490591639777
2.0,62429b831a50ec10,ok,missing_time_varying_transmission,tv_sir,tv_sir,14,512,-216.33148857346168,1.9069252269750283
2.0,bd6abf20a2bc67b3,ok,missing_time_varying_transmission,tv_sir,tv_sir,15,512,-218.70768701230557,1.4900698062874662
2.0,6409b4676d20c1a2,ok,missing_time_varying_transmission,tv_sir,tv_sir,16,512,-200.98531783141982,3.2301857570979937
2.0,f50876ae33b12836,ok,missing_time_varying_transmission,tv_sir,tv_sir,17,512,-211.54098755517168,2.202879247852704
2.0,5403fec52fa4cd71,ok,missing_time_varying_transmission,tv_sir,tv_sir,18,512,-196.83024181296858,3.697229836649184
2.0,d75d04538e7d7477,ok,missing_time_varying_transmission,tv_sir,tv_sir,19,512,-214.7817276113708,1.7307562658257993
2.0,e50e082e92b2c725,ok,missing_time_varying_transmission,ude_sir_h2,tv_sir,0,512,30823.585045704487,15495.313549322495
2.0,1c957fa4c763400b,ok,missing_time_varying_transmission,ude_sir_h2,tv_sir,1,512,56438.60651325719,28294.58094221602
2.0,5f85d26868bbdc2f,ok,missing_time_varying_transmission,ude_sir_h2,tv_sir,2,512,37234.0209029757,18699.165703454062
2.0,cbc7d76e1f6b1e01,ok,missing_time_varying_transmission,ude_sir_h2,tv_sir,3,512,70418.83707424832,35285.498969146094
2.0,74d28a00808bb67a,ok,missing_time_varying_transmission,ude_sir_h2,tv_sir,4,512,43306.04109617647,21726.579555238342
2.0,74344f452ff3a30c,ok,missing_time_varying_transmission,ude_sir_h2,tv_sir,5,512,27872.306637876824,14018.420526720749
2.0,5539b941b2e38fbd,ok,missing_time_varying_transmission,ude_sir_h2,tv_sir,6,512,41702.67999296746,20933.31559447476
2.0,14fc42b880744ea4,ok,missing_time_varying_transmission,ude_sir_h2,tv_sir,7,512,38777.15266427943,19467.340942822473
2.0,b21846052b56bdb3,ok,missing_time_varying_transmission,ude_sir_h2,tv_sir,8,512,44460.84421376452,22305.45916585901
2.0,7cb1d6fd2f77bc7f,ok,missing_time_varying_transmission,ude_sir_h2,tv_sir,9,512,32554.281740225135,16354.746777546698
2.0,03b2948154ccf0f5,ok,missing_time_varying_transmission,ude_sir_h2,tv_sir,10,512,44769.82562391611,22463.037504007698
2.0,fee7942bdbd01e5a,ok,missing_time_varying_transmission,ude_sir_h2,tv_sir,11,512,45013.23222214061,22586.315885335003
2.0,4a9f575e0bd5d0c5,ok,missing_time_varying_transmission,ude_sir_h2,tv_sir,12,512,44903.36503691158,22531.56832441648
2.0,13861dd0b40a26eb,ok,missing_time_varying_transmission,ude_sir_h2,tv_sir,13,512,40330.96889255853,20250.03472574496
2.0,4b28f69c9a03d540,ok,missing_time_varying_transmission,ude_sir_h2,tv_sir,14,512,37313.90480272775,18736.5581078878
2.0,885c8d0c7ed5dec3,ok,missing_time_varying_transmission,ude_sir_h2,tv_sir,15,512,40186.70039038698,20173.856873661698
2.0,203f5fe2db2c0181,ok,missing_time_varying_transmission,ude_sir_h2,tv_sir,16,512,38200.68872362074,19181.46633827783
2.0,cdc789c396db9791,ok,missing_time_varying_transmission,ude_sir_h2,tv_sir,17,512,42972.70694545997,21564.817736633355
2.0,c12637f19faffe3e,ok,missing_time_varying_transmission,ude_sir_h2,tv_sir,18,512,32360.705509005307,16264.673483403603
2.0,c54e2b1ed0b0fafe,ok,missing_time_varying_transmission,ude_sir_h2,tv_sir,19,512,50209.30966286222,25186.54656781335
2.0,c41d9cd42af44f33,ok,noisy_sir_overfit_risk,neural_ode_h2,sir,0,512,450.20937935593753,262.13049817638455
2.0,49cfd0d37087713f,ok,noisy_sir_overfit_risk,neural_ode_h2,sir,1,512,457.0580241592743,264.3293757494288
2.0,789563787e46b037,ok,noisy_sir_overfit_risk,neural_ode_h2,sir,2,512,336.11313923513507,210.3901974336535
2.0,4fab051ca66f2686,ok,noisy_sir_overfit_risk,neural_ode_h2,sir,3,512,556.7282853616252,315.57311344352553
2.0,e29284d1a8d5a626,ok,noisy_sir_overfit_risk,neural_ode_h2,sir,4,512,593.1608411035696,332.6773511316962
2.0,2536b1b125f0e005,ok,noisy_sir_overfit_risk,neural_ode_h2,sir,5,512,285.42125700111535,183.8299436514223
2.0,09562e09e147d43f,ok,noisy_sir_overfit_risk,neural_ode_h2,sir,6,512,348.986850297798,215.3399954145583
2.0,0fd87e41d81ac2eb,ok,noisy_sir_overfit_risk,neural_ode_h2,sir,7,512,375.8632759005694,226.8783918783
2.0,9fe9d581cbf485cc,ok,noisy_sir_overfit_risk,neural_ode_h2,sir,8,512,683.6471621397624,371.063256047833
2.0,e9f23e9266d2209b,ok,noisy_sir_overfit_risk,neural_ode_h2,sir,9,512,238.8486194960733,158.71456606734375
2.0,8233a01552c2037f,ok,noisy_sir_overfit_risk,neural_ode_h2,sir,10,512,614.8629595228837,347.68597598465703
2.0,aefbb1c4c468f0fc,ok,noisy_sir_overfit_risk,neural_ode_h2,sir,11,512,306.7347066929576,194.0898749752073
2.0,8cb38d1fcce8b20a,ok,noisy_sir_overfit_risk,neural_ode_h2,sir,12,512,359.41665142446993,214.3055030957277
2.0,10ea915df43a7c68,ok,noisy_sir_overfit_risk,neural_ode_h2,sir,13,512,251.55832259475216,161.62759979348348
2.0,82a018a1e9f7c945,ok,noisy_sir_overfit_risk,neural_ode_h2,sir,14,512,280.3050245908345,182.47014911630797
2.0,48c534ca4420742e,ok,noisy_sir_overfit_risk,neural_ode_h2,sir,15,512,589.6124017421886,328.6007832476199
2.0,2c40363ede15a593,ok,noisy_sir_overfit_risk,neural_ode_h2,sir,16,512,398.6194859996282,234.735696038943
2.0,6923a06a8a80f4de,ok,noisy_sir_overfit_risk,neural_ode_h2,sir,17,512,218.61901223456857,150.32253836874122
2.0,79e8b7a5f8fc539a,ok,noisy_sir_overfit_risk,neural_ode_h2,sir,18,512,297.9395842728778,185.69850326932877
2.0,fcd79cff44d63d0e,ok,noisy_sir_overfit_risk,neural_ode_h2,sir,19,512,285.6484615134607,179.913893005296
2.0,d2e2938921b1ca21,ok,noisy_sir_overfit_risk,seir,sir,0,512,44.9930379603587,66.04846433061104
2.0,f6a952992ba8197f,nonfinite_score,noisy_sir_overfit_risk,seir,sir,1,512,,
2.0,12f52a665aab81dd,ok,noisy_sir_overfit_risk,seir,sir,2,512,-5.4418215191037955,47.987247393805504
2.0,6b4d9dd0823b20d1,ok,noisy_sir_overfit_risk,seir,sir,3,512,-83.43992230197605,3.1506511397584305
2.0,44d388a996e4f34e,ok,noisy_sir_overfit_risk,seir,sir,4,512,-83.2767133064771,2.7825828142640847
2.0,a76227819118bf02,ok,noisy_sir_overfit_risk,seir,sir,5,512,-94.27493028283135,2.328484567625101
2.0,33ee10720e096df7,nonfinite_score,noisy_sir_overfit_risk,seir,sir,6,512,,
2.0,e838281fa0e21084,ok,noisy_sir_overfit_risk,seir,sir,7,512,-9.232263791723224,41.45089056995487
2.0,6e710da88dab3d13,ok,noisy_sir_overfit_risk,seir,sir,8,512,-45.81855388725161,14.922027986157406
2.0,199cbf96a8b9fe05,ok,noisy_sir_overfit_risk,seir,sir,9,512,-96.6998585439532,2.107824730972651
2.0,c361af1216c08800,ok,noisy_sir_overfit_risk,seir,sir,10,512,-96.46084499764834,1.8527475674227218
2.0,1a84659cbe243bed,ok,noisy_sir_overfit_risk,seir,sir,11,512,-93.34139499881977,2.456268110787527
2.0,2d8e8cfbb7f3b844,ok,noisy_sir_overfit_risk,seir,sir,12,512,-78.05809757776447,3.5386076765905576
2.0,0140e968adb63138,ok,noisy_sir_overfit_risk,seir,sir,13,512,-80.61167317402862,4.986291001907715
2.0,20aac691c3b7ce47,ok,noisy_sir_overfit_risk,seir,sir,14,512,-52.74110098079185,24.986808110289935
2.0,f694d069efa5d82d,ok,noisy_sir_overfit_risk,seir,sir,15,512,-72.69283059999405,5.075079837588325
2.0,1b261f7119bd2397,ok,noisy_sir_overfit_risk,seir,sir,16,512,-58.46753692603984,15.625128082005151
2.0,beff42a3e1138209,ok,noisy_sir_overfit_risk,seir,sir,17,512,-91.12714395504338,2.0923650188027407
2.0,515d6d1dac326165,ok,noisy_sir_overfit_risk,seir,sir,18,512,-83.7880341595948,3.1140363995531706
2.0,f7b43417dd8ae0cb,ok,noisy_sir_overfit_risk,seir,sir,19,512,-94.89231479528392,1.7032137450628013
2.0,0c779ab51b97c836,ok,noisy_sir_overfit_risk,sir,sir,0,512,-86.263340016455,1.9112961162730924
2.0,4b959d583a46e607,ok,noisy_sir_overfit_risk,sir,sir,1,512,-75.74058482557619,2.8830732574131703
2.0,22bf6587c430c8c9,ok,noisy_sir_overfit_risk,sir,sir,2,512,-102.42989843955209,1.14000991019931
2.0,4d89c1a7160ccbc0,ok,noisy_sir_overfit_risk,sir,sir,3,512,-87.22725167021072,1.8654133696354829
2.0,18f4c2fc58886154,ok,noisy_sir_overfit_risk,sir,sir,4,512,-84.29111718764304,2.0448425352418975
2.0,8aa06b9472e84559,ok,noisy_sir_overfit_risk,sir,sir,5,512,-97.07358519879685,1.3412807301035592
2.0,b3de1412cb4599a8,ok,noisy_sir_overfit_risk,sir,sir,6,512,-97.31477304188863,1.5516403033242745
2.0,723950d34af9dd3a,ok,noisy_sir_overfit_risk,sir,sir,7,512,-92.29511940488182,1.662341428166182
2.0,3dcc73b5e3dd6df5,ok,noisy_sir_overfit_risk,sir,sir,8,512,-73.39778837665874,1.9722960947974286
2.0,efc6928c3f46fc11,ok,noisy_sir_overfit_risk,sir,sir,9,512,-95.6994929592837,1.4298633928599775
2.0,68d68a4bd0a0dc51,ok,noisy_sir_overfit_risk,sir,sir,10,512,-97.16645634281281,1.173438559736569
2.0,c6536b038b1ae855,ok,noisy_sir_overfit_risk,sir,sir,11,512,-89.60564983662834,2.046852958138225
2.0,27b088aec8f315b4,ok,noisy_sir_overfit_risk,sir,sir,12,512,-80.31938643838515,2.3784179701663337
2.0,924e3c119a236b66,ok,noisy_sir_overfit_risk,sir,sir,13,512,-85.41996465755473,2.101031583182004
2.0,e45cdb7404fe6215,ok,noisy_sir_overfit_risk,sir,sir,14,512,-103.21129442117686,0.8662757832133812
2.0,cd9a080ff0c97048,ok,noisy_sir_overfit_risk,sir,sir,15,512,-77.47648525975113,2.7030776224136526
2.0,98955dcfb3ecad34,ok,noisy_sir_overfit_risk,sir,sir,16,512,-84.80872085917053,2.0220984620232656
2.0,59d8a49a3202f565,ok,noisy_sir_overfit_risk,sir,sir,17,512,-90.3954225998149,1.4323511863643201
2.0,8d76081097db48e0,ok,noisy_sir_overfit_risk,sir,sir,18,512,-85.31048930232707,2.2956149846193683
2.0,47249c5b0c10adf3,ok,noisy_sir_overfit_risk,sir,sir,19,512,-94.78745658739219,1.1357890059327551
2.0,ada6fa8a0a374c18,ok,noisy_sir_overfit_risk,tv_sir,sir,0,512,-87.08333592838774,2.388647599955021
2.0,cffaf54c35a38ae1,ok,noisy_sir_overfit_risk,tv_sir,sir,1,512,-73.81776751467343,4.235136558555785
2.0,218bf113f524f0eb,ok,noisy_sir_overfit_risk,tv_sir,sir,2,512,-104.04764542923172,1.2998199230144183
2.0,4b3e4c56cc64ef28,ok,noisy_sir_overfit_risk,tv_sir,sir,3,512,-84.82358953040186,3.022046308190787
2.0,bcaf9ebd5882fd3c,ok,noisy_sir_overfit_risk,tv_sir,sir,4,512,-81.7798156865984,3.368782534682532
2.0,a65dbc93e9d46273,ok,noisy_sir_overfit_risk,tv_sir,sir,5,512,-94.72834535549181,2.319403991607674
2.0,bf7990ca8644eaf6,ok,noisy_sir_overfit_risk,tv_sir,sir,6,512,-96.88350727640795,1.8381848501233535
2.0,5a0f8e4401e7cb0e,ok,noisy_sir_overfit_risk,tv_sir,sir,7,512,-92.26867758894431,2.48997942137754
2.0,860dc97a8da292be,ok,noisy_sir_overfit_risk,tv_sir,sir,8,512,-71.9239651942119,2.936900595649581
2.0,e36ffcbecdfa8a30,ok,noisy_sir_overfit_risk,tv_sir,sir,9,512,-95.7250034588817,2.347308345947178
2.0,c5c06edc7eff8e1f,ok,noisy_sir_overfit_risk,tv_sir,sir,10,512,-95.07194986973735,2.2105246003784433
2.0,eeda5e005fd9d1c6,ok,noisy_sir_overfit_risk,tv_sir,sir,11,512,-92.92871079698845,2.8143234560088817
2.0,00154ba7f8d97ccc,ok,noisy_sir_overfit_risk,tv_sir,sir,12,512,-78.36258321295836,3.4498618505022205
2.0,1d9075d438a26f58,ok,noisy_sir_overfit_risk,tv_sir,sir,13,512,-83.56005509634507,3.178304105910628
2.0,378e0ac615fb213f,ok,noisy_sir_overfit_risk,tv_sir,sir,14,512,-103.7528122768774,1.3267026720673825
2.0,773c4d4f0a9f8f45,ok,noisy_sir_overfit_risk,tv_sir,sir,15,512,-75.65449481723874,3.7955375956283777
2.0,ddcc31e55b46d035,ok,noisy_sir_overfit_risk,tv_sir,sir,16,512,-84.27324092328722,3.5282777833551995
2.0,312ac91a20b4b9e2,ok,noisy_sir_overfit_risk,tv_sir,sir,17,512,-91.02619728977172,3.08330836276952
2.0,b0a8f05d730be2b3,ok,noisy_sir_overfit_risk,tv_sir,sir,18,512,-82.74975495596186,3.39061182358481
2.0,b416b784d8b258be,ok,noisy_sir_overfit_risk,tv_sir,sir,19,512,-93.09152740030345,2.011792548446477
2.0,7931c513971a1992,ok,noisy_sir_overfit_risk,ude_sir_h2,sir,0,512,240.47275074841065,160.7464301518146
2.0,3fbf8f472972cce9,ok,noisy_sir_overfit_risk,ude_sir_h2,sir,1,512,233.8217212524861,155.6238981677414
2.0,9237144988285126,ok,noisy_sir_overfit_risk,ude_sir_h2,sir,2,512,139.3369349997976,116.66032548272611
2.0,3dc96fc22670c881,ok,noisy_sir_overfit_risk,ude_sir_h2,sir,3,512,334.64911571973494,208.8094212867301
2.0,e5b3ea78764da567,ok,noisy_sir_overfit_risk,ude_sir_h2,sir,4,512,229.64493723743664,155.75462970767947
2.0,61fc7df1b5219273,ok,noisy_sir_overfit_risk,ude_sir_h2,sir,5,512,226.11440519382066,157.25599583275044
2.0,17a2630b54aaecf2,ok,noisy_sir_overfit_risk,ude_sir_h2,sir,6,512,88.06027254551185,88.33574638048366
2.0,afce2aa280ac8937,ok,noisy_sir_overfit_risk,ude_sir_h2,sir,7,512,164.74521129181102,125.61602539134469
2.0,4a056d22ef55e09e,ok,noisy_sir_overfit_risk,ude_sir_h2,sir,8,512,191.256287580288,129.55148282529672
2.0,bf57954d9c3a4d58,ok,noisy_sir_overfit_risk,ude_sir_h2,sir,9,512,176.15117816038153,133.18452611643585
2.0,9fe3d4e3748ea141,ok,noisy_sir_overfit_risk,ude_sir_h2,sir,10,512,225.49113034824825,157.29739501277433
2.0,41b6f250e3e7bd9d,ok,noisy_sir_overfit_risk,ude_sir_h2,sir,11,512,171.7330954114417,130.04657725107342
2.0,b716d1537eac652e,ok,noisy_sir_overfit_risk,ude_sir_h2,sir,12,512,181.40304572274027,129.68502769341592
2.0,b613a5b2aa06b6bf,ok,noisy_sir_overfit_risk,ude_sir_h2,sir,13,512,104.34506902600813,92.5762891195054
2.0,3eb987aa613fc149,ok,noisy_sir_overfit_risk,ude_sir_h2,sir,14,512,101.90975938153744,97.19288667593455
2.0,3d441b8b34ac464f,ok,noisy_sir_overfit_risk,ude_sir_h2,sir,15,512,178.37096939418103,128.73303896858
2.0,1f0b579a3f8654f1,ok,noisy_sir_overfit_risk,ude_sir_h2,sir,16,512,122.07581918854844,102.65893071293533
2.0,4ea1d7a19021685b,ok,noisy_sir_overfit_risk,ude_sir_h2,sir,17,512,158.6150049438713,122.87835243824014
2.0,9ca5d28dca080b77,ok,noisy_sir_overfit_risk,ude_sir_h2,sir,18,512,243.45062085023181,162.77494869849676
2.0,fe1fb38932b83216,ok,noisy_sir_overfit_risk,ude_sir_h2,sir,19,512,181.35126501537053,133.42199550634928
2.0,7fc1224db8cb60ab,ok,regular_sir_full,neural_ode_h2,sir,0,512,16585.80664703997,8543.756791503558
2.0,2112507cec7a81a8,ok,regular_sir_full,neural_ode_h2,sir,1,512,14444.514263367113,7468.805239330652
2.0,34ab78bc2f9295d6,ok,regular_sir_full,neural_ode_h2,sir,2,512,68729.86974006481,34609.88288126149
2.0,b2a0e81d70597012,ok,regular_sir_full,neural_ode_h2,sir,3,512,19336.75785694377,9914.575065690584
2.0,d749d2f154091ea7,ok,regular_sir_full,neural_ode_h2,sir,4,512,29533.524778693678,15004.323416367404
2.0,0751042fa55f6446,ok,regular_sir_full,neural_ode_h2,sir,5,512,23190.020434230442,11842.257170599234
2.0,f1138df656a1980f,ok,regular_sir_full,neural_ode_h2,sir,6,512,31947.494826576796,16225.041843508103
2.0,18def72b26cb2560,ok,regular_sir_full,neural_ode_h2,sir,7,512,34788.40090136156,17643.184997016593
2.0,50f6e2311ce75e45,ok,regular_sir_full,neural_ode_h2,sir,8,512,38187.417656310325,19335.31138146816
2.0,6f6f0758c1c9e269,ok,regular_sir_full,neural_ode_h2,sir,9,512,26791.38936240071,13644.206881103544
2.0,e93a692cabc8275b,ok,regular_sir_full,neural_ode_h2,sir,10,512,41574.88563896612,21037.382108758917
2.0,b1c9122b4f486047,ok,regular_sir_full,neural_ode_h2,sir,11,512,29367.038020210486,14929.768576269105
2.0,26abd1908d7e7549,ok,regular_sir_full,neural_ode_h2,sir,12,512,51559.759890613415,26023.663590789693
2.0,3c0d6603a277340b,ok,regular_sir_full,neural_ode_h2,sir,13,512,47655.307500964045,24074.708016199693
2.0,acd1063198715473,ok,regular_sir_full,neural_ode_h2,sir,14,512,41382.753555238996,20947.347698892067
2.0,48fd4c7c97241550,ok,regular_sir_full,neural_ode_h2,sir,15,512,44237.057449216256,22360.608771168794
2.0,0814f62f9c07b6b3,ok,regular_sir_full,neural_ode_h2,sir,16,512,12305.42362382169,6399.708244098163
2.0,07d81515f826cd84,ok,regular_sir_full,neural_ode_h2,sir,17,512,25560.161139322638,13024.207766817915
2.0,4767aa82ddb64df2,ok,regular_sir_full,neural_ode_h2,sir,18,512,65127.740641282886,32810.115028259774
2.0,ccd59167502f0bea,ok,regular_sir_full,neural_ode_h2,sir,19,512,48770.560644890604,24633.310160990917
2.0,47eb1686bd9395dc,ok,regular_sir_full,seir,sir,0,512,-480.2643533042594,5.770877614480023
2.0,99a81b75e2ad8ea9,ok,regular_sir_full,seir,sir,1,512,-481.396751146554,5.2050989802493834
2.0,546b66be4919226d,ok,regular_sir_full,seir,sir,2,512,-479.11920654432663,5.801859893168239
2.0,2bba0b70acc96e65,ok,regular_sir_full,seir,sir,3,512,-459.48722082144417,6.668166055976475
2.0,89a9d06225f8ad46,ok,regular_sir_full,seir,sir,4,512,-501.7825247323327,3.312363563868899
2.0,e2ae96a396251486,ok,regular_sir_full,seir,sir,5,512,-438.3283785363046,7.222976766883667
2.0,9c1e678496d08785,ok,regular_sir_full,seir,sir,6,512,-514.7177669566319,5.028565001401988
2.0,007fac7baf25d156,ok,regular_sir_full,seir,sir,7,512,-510.30612206912053,4.843030611773382
2.0,5cfd6ac584ec0faa,ok,regular_sir_full,seir,sir,8,512,-455.0810899801902,6.48403465510252
2.0,21202cb73be836e7,ok,regular_sir_full,seir,sir,9,512,1144886.903304738,572695.9517967999
2.0,8940ebf5aa99297d,ok,regular_sir_full,seir,sir,10,512,-490.1564145905243,5.38614980030277
2.0,8ed50ed9dfc823ae,ok,regular_sir_full,seir,sir,11,512,-499.98583765226505,4.89885263778644
2.0,6b7e4a7cbf8406e4,ok,regular_sir_full,seir,sir,12,512,-488.9339339576819,6.178240792631772
2.0,af53ba65c55d5e74,ok,regular_sir_full,seir,sir,13,512,-453.75027196055197,7.468277332990571
2.0,15759088e6f08ea9,ok,regular_sir_full,seir,sir,14,512,-484.89038827008255,6.9531052232598025
2.0,ebce0b4adec6c051,ok,regular_sir_full,seir,sir,15,512,-470.00945551005805,4.596496132147439
2.0,44b062ea13ecf28e,ok,regular_sir_full,seir,sir,16,512,-500.9535182395006,4.049399908602589
2.0,5a5c6b35662aaa0f,ok,regular_sir_full,seir,sir,17,512,-485.68958892349474,6.474544165348311
2.0,b5b9a15556ea5663,ok,regular_sir_full,seir,sir,18,512,-463.7811033227257,6.619055007298902
2.0,8a532e1b1cd9aa85,ok,regular_sir_full,seir,sir,19,512,-478.5198858759952,5.595244190642948
2.0,26b858c93f373f06,ok,regular_sir_full,sir,sir,0,512,-547.4970688402318,2.768277195612939
2.0,7ada2057d3bece85,ok,regular_sir_full,sir,sir,1,512,-536.0263979546298,2.0839386627146204
2.0,8079448421dab0e5,ok,regular_sir_full,sir,sir,2,512,-562.1220061153834,1.7899124692048485
2.0,11c3eb771c1a3148,ok,regular_sir_full,sir,sir,3,512,-542.4151986308116,2.266437374409662
2.0,795d11ece28ce1f6,ok,regular_sir_full,sir,sir,4,512,-536.6945979658746,2.346060828703178
2.0,e6efbb5039f60478,ok,regular_sir_full,sir,sir,5,512,-551.7043053781974,1.8289991269232915
2.0,b96cd00adeba05a7,ok,regular_sir_full,sir,sir,6,512,-578.8884611417179,1.9973982811192657
2.0,e5dd1f7c9b04923a,ok,regular_sir_full,sir,sir,7,512,-565.7122830498037,1.7306958012736788
2.0,ba54d2d4738fa95a,ok,regular_sir_full,sir,sir,8,512,-539.1011366817506,2.2688004548491754
2.0,5c23551feb77135b,ok,regular_sir_full,sir,sir,9,512,-560.9646452638196,1.4311641191673952
2.0,5a9b8be286c4f508,ok,regular_sir_full,sir,sir,10,512,-566.6347229443497,1.3104053069909445
2.0,de5ab6dac1471800,ok,regular_sir_full,sir,sir,11,512,-565.2447822321149,1.7194298924288767
2.0,663de4082e30b7d6,ok,regular_sir_full,sir,sir,12,512,-543.4693107035367,2.213166234992058
2.0,7397a997f2952755,ok,regular_sir_full,sir,sir,13,512,-537.4073493245903,2.2795070851006414
2.0,b124a05b5923af58,ok,regular_sir_full,sir,sir,14,512,-563.7419447415459,2.0970626743299094
2.0,156bed31c4a9a7ac,ok,regular_sir_full,sir,sir,15,512,-545.4283813805737,1.6834021474819418
2.0,9ab29e59243fd095,ok,regular_sir_full,sir,sir,16,512,-556.1729029924954,1.4770536437770383
2.0,c07343532c0c8572,ok,regular_sir_full,sir,sir,17,512,-553.1313136038071,2.2068727650449627
2.0,1e74eea16871e85a,ok,regular_sir_full,sir,sir,18,512,-527.6163236374814,3.4346496881213113
2.0,737e3cb108633a5c,ok,regular_sir_full,sir,sir,19,512,-542.5604470784176,2.332586125759592
2.0,9f551f8f82a9652c,ok,regular_sir_full,tv_sir,sir,0,512,-543.396786591148,5.14393209839209
2.0,fb8eab0f9222a9e3,ok,regular_sir_full,tv_sir,sir,1,512,-536.150355299354,4.022481332769256
2.0,1eb31337ee4debcd,ok,regular_sir_full,tv_sir,sir,2,512,-558.5826789771776,3.721844393142085
2.0,942ac6eb52bd3870,ok,regular_sir_full,tv_sir,sir,3,512,-538.6831248853623,4.233508020025225
2.0,efbc72c48ddac831,ok,regular_sir_full,tv_sir,sir,4,512,-533.6692538308491,5.076799594682867
2.0,425f3311d55fc4f8,ok,regular_sir_full,tv_sir,sir,5,512,-547.7671727890641,3.9565324788525906
2.0,927f8ee2415fb3be,ok,regular_sir_full,tv_sir,sir,6,512,-580.0325138372784,2.8458065753537407
2.0,4f45909b4499e9aa,ok,regular_sir_full,tv_sir,sir,7,512,-562.356347557388,3.6147371654911513
2.0,9e7670aa9d9d4bce,ok,regular_sir_full,tv_sir,sir,8,512,-535.3644534716714,4.509050577695433
2.0,ff4038d4545dffeb,ok,regular_sir_full,tv_sir,sir,9,512,-568.4715187529206,3.0521800590029127
2.0,c3e43a6269694de7,ok,regular_sir_full,tv_sir,sir,10,512,-562.8400686162556,3.4211367676947697
2.0,352567cb10d319fd,ok,regular_sir_full,tv_sir,sir,11,512,-561.7526469944199,3.206808554635194
2.0,329b661c74de8d2f,ok,regular_sir_full,tv_sir,sir,12,512,-543.7118859814502,4.227304393889856
2.0,d7b90d6ecbf06098,ok,regular_sir_full,tv_sir,sir,13,512,-534.6118253438992,5.096839149063461
2.0,e0b175b1dcc3c8c8,ok,regular_sir_full,tv_sir,sir,14,512,-560.2361524962505,3.925705637708637
2.0,c34cf40e7500e1e4,ok,regular_sir_full,tv_sir,sir,15,512,-544.1932477719631,3.331904432510079
2.0,d00b80c0efe49d57,ok,regular_sir_full,tv_sir,sir,16,512,-557.7108108323831,3.0300633299389044
2.0,fd4d6017254def43,ok,regular_sir_full,tv_sir,sir,17,512,-549.7687216325429,4.178915697518392
2.0,5a574a2f49240002,ok,regular_sir_full,tv_sir,sir,18,512,-523.3078289342363,5.932962836055042
2.0,0d3ecf2a011ef669,ok,regular_sir_full,tv_sir,sir,19,512,-539.5402002376203,4.580324349653594
2.0,69fec30b97964182,ok,regular_sir_full,ude_sir_h2,sir,0,512,780745.3757916014,390578.3133318033
2.0,c7be57991c2cc6cf,ok,regular_sir_full,ude_sir_h2,sir,1,512,2241834.453636092,1121097.5435830555
2.0,935b50f8a74253f8,ok,regular_sir_full,ude_sir_h2,sir,2,512,2054669.1336872764,1027514.9657367449
2.0,0ae804c31cb6829c,ok,regular_sir_full,ude_sir_h2,sir,3,512,1848684.732929415,924521.091144568
2.0,974a06ab7a72a3f5,ok,regular_sir_full,ude_sir_h2,sir,4,512,1228767.7521862194,614586.0629924705
2.0,7cfa2cb6a7bbe3e5,ok,regular_sir_full,ude_sir_h2,sir,5,512,923950.2569938174,462177.03697889135
2.0,84ee6c92459160a0,ok,regular_sir_full,ude_sir_h2,sir,6,512,2351174.900467252,1175783.582051081
2.0,90f8c3504e76e363,ok,regular_sir_full,ude_sir_h2,sir,7,512,1054067.5438136023,527227.3290015851
2.0,5f1d31ff7b1c2658,ok,regular_sir_full,ude_sir_h2,sir,8,512,1554360.485874076,777350.9051171248
2.0,32c0f5dcd3bf74d2,ok,regular_sir_full,ude_sir_h2,sir,9,512,2120290.9864963107,1060337.8362579718
2.0,13304a1c3ccefd9a,ok,regular_sir_full,ude_sir_h2,sir,10,512,1780497.9512981153,890436.9105549395
2.0,f84aaec58006e33b,ok,regular_sir_full,ude_sir_h2,sir,11,512,1537868.5415146155,769116.4305304264
2.0,4926b9860c3037da,ok,regular_sir_full,ude_sir_h2,sir,12,512,1547678.524823714,774023.0532749541
2.0,2942743898fa6916,ok,regular_sir_full,ude_sir_h2,sir,13,512,1388276.789651318,694338.352598683
2.0,8850fedba5abb673,ok,regular_sir_full,ude_sir_h2,sir,14,512,2737944.2227435824,1369159.882486585
2.0,20cb4764c2332eed,ok,regular_sir_full,ude_sir_h2,sir,15,512,1385837.083283383,693104.112542841
2.0,1c1551190118993b,ok,regular_sir_full,ude_sir_h2,sir,16,512,1863357.1201010444,931860.7726746395
2.0,20901885d352e27b,ok,regular_sir_full,ude_sir_h2,sir,17,512,1598461.5621551615,799410.526818601
2.0,89aa9448d8f0cffa,ok,regular_sir_full,ude_sir_h2,sir,18,512,1082127.0414831399,541261.9472372385
2.0,15da140111a4c9db,ok,regular_sir_full,ude_sir_h2,sir,19,512,1619660.5364101157,810016.9365639993
